Date,Adj Close,Close,High,Low,Open,Volume
2016-07-25,44.34999847412109,44.34999847412109,46.650001525878906,42.0,42.25,1055043
2016-07-26,43.75,43.75,45.29999923706055,43.0,45.0,1572790
2016-07-27,42.900001525878906,42.900001525878906,44.75,42.09999847412109,44.45000076293945,660221
2016-07-28,43.0,43.0,44.95000076293945,42.5,43.70000076293945,1298970
2016-07-29,42.79999923706055,42.79999923706055,43.5,41.75,43.5,1004763
2016-08-01,42.25,42.25,44.0,41.70000076293945,43.45000076293945,2531034
2016-08-02,41.95000076293945,41.95000076293945,42.150001525878906,41.650001525878906,42.0,754574
2016-08-03,41.95000076293945,41.95000076293945,42.900001525878906,40.5,41.70000076293945,467064
2016-08-04,41.25,41.25,42.0,40.59999847412109,41.95000076293945,447395
2016-08-05,40.84999847412109,40.84999847412109,41.25,40.59999847412109,41.25,2383505
2016-08-08,40.70000076293945,40.70000076293945,40.95000076293945,40.0,40.70000076293945,1958316
2016-08-09,41.900001525878906,41.900001525878906,43.70000076293945,41.0,41.84999847412109,1025729
2016-08-10,40.5,40.5,42.29999923706055,40.0,42.0,228928
2016-08-11,40.45000076293945,40.45000076293945,40.84999847412109,39.04999923706055,40.84999847412109,1140536
2016-08-12,41.25,41.25,42.0,39.150001525878906,41.95000076293945,1631133
2016-08-16,40.04999923706055,40.04999923706055,40.29999923706055,39.54999923706055,40.04999923706055,1889912
2016-08-17,40.150001525878906,40.150001525878906,42.70000076293945,39.04999923706055,41.45000076293945,517276
2016-08-18,40.34999847412109,40.34999847412109,41.5,39.70000076293945,40.25,998986
2016-08-19,40.0,40.0,40.34999847412109,39.400001525878906,40.34999847412109,388197
2016-08-22,39.900001525878906,39.900001525878906,41.45000076293945,39.59999847412109,40.0,1844130
2016-08-23,40.20000076293945,40.20000076293945,40.25,39.5,39.75,1419661
2016-08-24,39.79999923706055,39.79999923706055,40.900001525878906,39.54999923706055,40.900001525878906,893549
2016-08-25,39.84999847412109,39.84999847412109,41.20000076293945,39.5,41.20000076293945,1295187
2016-08-26,39.75,39.75,40.0,39.400001525878906,40.0,1148950
2016-08-29,39.75,39.75,40.09999847412109,39.0,39.84999847412109,916443
2016-08-30,39.79999923706055,39.79999923706055,40.04999923706055,39.25,39.75,488191
2016-08-31,39.84999847412109,39.84999847412109,40.45000076293945,39.34999847412109,39.75,2329535
2016-09-01,40.0,40.0,40.5,39.79999923706055,40.0,630762
2016-09-02,39.95000076293945,39.95000076293945,40.75,39.54999923706055,40.0,593797
2016-09-06,41.95000076293945,41.95000076293945,43.0,40.20000076293945,40.20000076293945,1424225
2016-09-07,41.70000076293945,41.70000076293945,42.0,40.09999847412109,42.0,313635
2016-09-08,40.20000076293945,40.20000076293945,40.900001525878906,39.75,39.75,746834
2016-09-09,40.400001525878906,40.400001525878906,40.95000076293945,39.95000076293945,40.25,1692633
2016-09-12,40.34999847412109,40.34999847412109,41.29999923706055,39.75,40.25,1347173
2016-09-14,39.650001525878906,39.650001525878906,40.25,39.400001525878906,40.0,896318
2016-09-15,39.59999847412109,39.59999847412109,39.900001525878906,39.09999847412109,39.70000076293945,122784
2016-09-16,39.400001525878906,39.400001525878906,39.900001525878906,38.59999847412109,39.20000076293945,365580
2016-09-19,39.45000076293945,39.45000076293945,41.5,38.59999847412109,39.900001525878906,1279284
2016-09-20,39.04999923706055,39.04999923706055,39.650001525878906,37.5,39.650001525878906,1491581
2016-09-21,39.20000076293945,39.20000076293945,39.900001525878906,38.400001525878906,39.5,199946
2016-09-22,39.150001525878906,39.150001525878906,39.900001525878906,38.5,39.45000076293945,713749
2016-09-23,38.95000076293945,38.95000076293945,39.5,38.04999923706055,39.29999923706055,1087289
2016-09-26,39.400001525878906,39.400001525878906,39.5,38.25,38.70000076293945,505971
2016-09-27,39.0,39.0,39.09999847412109,38.29999923706055,38.79999923706055,865997
2016-09-28,38.09999847412109,38.09999847412109,39.09999847412109,37.09999847412109,38.95000076293945,1691635
2016-09-29,32.25,32.25,38.5,30.5,38.04999923706055,1337260
2016-09-30,30.549999237060547,30.549999237060547,32.75,29.0,32.5,1415390
2016-10-03,32.849998474121094,32.849998474121094,33.25,31.0,31.0,453464
2016-10-04,31.899999618530277,31.899999618530277,33.75,31.350000381469727,33.75,877581
2016-10-05,31.899999618530277,31.899999618530277,32.5,31.649999618530277,32.5,243374
2016-10-06,31.799999237060547,31.799999237060547,32.099998474121094,31.0,31.899999618530277,1213085
2016-10-07,31.950000762939453,31.950000762939453,32.099998474121094,31.0,31.0,467664
2016-10-10,31.899999618530277,31.899999618530277,32.45000076293945,31.5,32.45000076293945,964240
2016-10-13,30.25,30.25,32.0,29.899999618530277,32.0,723960
2016-10-14,30.5,30.5,32.20000076293945,30.0,30.799999237060547,1436175
2016-10-17,30.5,30.5,31.799999237060547,30.149999618530277,31.25,329172
2016-10-18,30.25,30.25,31.350000381469727,29.950000762939453,30.5,212508
2016-10-19,36.29999923706055,36.29999923706055,36.29999923706055,29.700000762939453,30.5,2203247
2016-10-20,37.04999923706055,37.04999923706055,38.95000076293945,35.79999923706055,37.0,699909
2016-10-21,37.20000076293945,37.20000076293945,37.29999923706055,35.75,37.150001525878906,432824
2016-10-24,36.04999923706055,36.04999923706055,37.79999923706055,35.79999923706055,37.0,270707
2016-10-25,35.25,35.25,36.45000076293945,34.54999923706055,36.45000076293945,91807
2016-10-26,33.75,33.75,35.79999923706055,32.70000076293945,35.29999923706055,447922
2016-10-27,33.45000076293945,33.45000076293945,35.45000076293945,32.0,35.45000076293945,462542
2016-10-28,33.75,33.75,34.54999923706055,33.099998474121094,34.5,545353
2016-11-01,35.54999923706055,35.54999923706055,37.5,34.29999923706055,36.45000076293945,111972
2016-11-02,34.04999923706055,34.04999923706055,35.29999923706055,33.5,35.150001525878906,62489
2016-11-03,33.75,33.75,35.5,33.29999923706055,34.5,272166
2016-11-04,32.25,32.25,34.45000076293945,31.549999237060547,34.25,162273
2016-11-07,32.70000076293945,32.70000076293945,33.25,32.29999923706055,32.349998474121094,1324571
2016-11-08,32.900001525878906,32.900001525878906,33.04999923706055,32.0,32.5,151286
2016-11-09,30.649999618530277,30.649999618530277,31.899999618530277,28.0,29.049999237060547,218435
2016-11-10,31.950000762939453,31.950000762939453,32.25,31.25,31.5,95305
2016-11-11,30.649999618530277,30.649999618530277,31.899999618530277,30.399999618530277,31.75,26024
2016-11-15,27.600000381469727,27.600000381469727,31.950000762939453,27.0,31.950000762939453,61887
2016-11-16,26.5,26.5,29.700000762939453,26.100000381469727,29.399999618530277,1695243
2016-11-17,25.350000381469727,25.350000381469727,28.450000762939453,25.100000381469727,28.450000762939453,168449
2016-11-18,24.100000381469727,24.100000381469727,25.950000762939453,23.799999237060547,25.75,92671
2016-11-21,22.5,22.5,24.200000762939453,20.950000762939453,24.200000762939453,261030
2016-11-22,23.950000762939453,23.950000762939453,25.600000381469727,22.5,22.5,380280
2016-11-23,28.0,28.0,28.5,23.600000381469727,24.5,756075
2016-11-24,27.0,27.0,29.5,26.0,27.899999618530277,158058
2016-11-25,28.399999618530277,28.399999618530277,31.149999618530277,26.5,26.5,606175
2016-11-28,28.75,28.75,29.700000762939453,27.5,29.700000762939453,685450
2016-11-29,28.149999618530277,28.149999618530277,29.0,28.100000381469727,28.950000762939453,53877
2016-11-30,27.200000762939453,27.200000762939453,28.5,25.700000762939453,28.450000762939453,188400
2016-12-01,27.0,27.0,27.899999618530277,26.850000381469727,27.649999618530277,41479
2016-12-02,26.149999618530277,26.149999618530277,27.5,26.0,26.5,40519
2016-12-05,26.299999237060547,26.299999237060547,27.350000381469727,25.75,26.200000762939453,154203
2016-12-06,27.700000762939453,27.700000762939453,29.0,26.5,28.850000381469727,776769
2016-12-07,26.799999237060547,26.799999237060547,27.75,26.549999237060547,27.700000762939453,39278
2016-12-08,27.100000381469727,27.100000381469727,28.0,26.549999237060547,27.350000381469727,158903
2016-12-09,26.899999618530277,26.899999618530277,28.350000381469727,26.200000762939453,26.950000762939453,289939
2016-12-12,26.75,26.75,26.950000762939453,26.149999618530277,26.350000381469727,408727
2016-12-13,26.149999618530277,26.149999618530277,28.049999237060547,21.899999618530277,26.100000381469727,206695
2016-12-14,25.299999237060547,25.299999237060547,26.899999618530277,25.200000762939453,26.899999618530277,122564
2016-12-15,24.850000381469727,24.850000381469727,25.5,24.700000762939453,25.450000762939453,141657
2016-12-16,24.649999618530277,24.649999618530277,25.149999618530277,24.5,25.049999237060547,53873
2016-12-19,23.950000762939453,23.950000762939453,25.25,23.75,24.450000762939453,66080
2016-12-20,23.950000762939453,23.950000762939453,24.25,23.200000762939453,23.799999237060547,35098
2016-12-21,23.450000762939453,23.450000762939453,24.799999237060547,22.799999237060547,24.0,1079864
2016-12-22,22.399999618530277,22.399999618530277,23.850000381469727,22.149999618530277,23.700000762939453,39865
2016-12-23,23.25,23.25,23.75,21.0,22.0,307931
2016-12-26,22.399999618530277,22.399999618530277,23.5,22.25,23.5,121253
2016-12-27,25.850000381469727,25.850000381469727,26.200000762939453,21.75,22.950000762939453,1298715
2016-12-28,26.799999237060547,26.799999237060547,30.75,25.149999618530277,26.0,5924369
2016-12-29,25.850000381469727,25.850000381469727,27.200000762939453,25.049999237060547,27.0,404976
2016-12-30,25.950000762939453,25.950000762939453,26.899999618530277,25.350000381469727,26.5,153836
2017-01-02,24.950000762939453,24.950000762939453,26.799999237060547,23.0,26.299999237060547,1451745
2017-01-03,24.950000762939453,24.950000762939453,25.0,24.5,25.0,367108
2017-01-04,24.100000381469727,24.100000381469727,24.950000762939453,22.049999237060547,24.950000762939453,811022
2017-01-05,24.0,24.0,24.850000381469727,23.649999618530277,24.149999618530277,505700
2017-01-06,27.450000762939453,27.450000762939453,28.799999237060547,24.25,24.649999618530277,6193010
2017-01-09,27.5,27.5,29.5,25.299999237060547,29.5,3946505
2017-01-10,26.100000381469727,26.100000381469727,27.0,25.25,26.899999618530277,787796
2017-01-11,25.850000381469727,25.850000381469727,26.899999618530277,25.25,26.100000381469727,1374537
2017-01-12,24.850000381469727,24.850000381469727,25.950000762939453,24.5,25.5,102560
2017-01-13,24.549999237060547,24.549999237060547,25.75,24.399999618530277,25.0,206062
2017-01-16,23.549999237060547,23.549999237060547,25.0,23.350000381469727,24.399999618530277,925176
2017-01-17,23.0,23.0,23.75,22.549999237060547,23.600000381469727,3337470
2017-01-18,23.25,23.25,25.5,23.049999237060547,23.5,1125987
2017-01-19,23.950000762939453,23.950000762939453,24.5,22.75,23.0,2726194
2017-01-20,23.950000762939453,23.950000762939453,24.5,23.5,24.0,1705918
2017-01-23,24.5,24.5,25.5,23.899999618530277,23.899999618530277,1348440
2017-01-24,24.799999237060547,24.799999237060547,25.299999237060547,24.149999618530277,25.0,2148460
2017-01-25,24.850000381469727,24.850000381469727,25.25,24.600000381469727,25.149999618530277,3589179
2017-01-27,24.75,24.75,25.100000381469727,24.5,24.850000381469727,2932931
2017-01-30,24.649999618530277,24.649999618530277,25.0,23.100000381469727,25.0,2072312
2017-01-31,24.25,24.25,24.950000762939453,24.0,24.649999618530277,2362300
2017-02-01,24.299999237060547,24.299999237060547,24.75,23.399999618530277,24.350000381469727,2452659
2017-02-02,22.5,22.5,24.5,19.450000762939453,24.200000762939453,4102082
2017-02-03,23.5,23.5,23.950000762939453,23.0,23.299999237060547,3545389
2017-02-06,23.5,23.5,24.5,23.200000762939453,23.950000762939453,997068
2017-02-07,23.75,23.75,24.450000762939453,22.899999618530277,23.450000762939453,2845473
2017-02-08,23.450000762939453,23.450000762939453,23.799999237060547,23.200000762939453,23.549999237060547,918367
2017-02-09,23.5,23.5,24.200000762939453,23.049999237060547,23.950000762939453,776545
2017-02-10,23.200000762939453,23.200000762939453,23.75,23.049999237060547,23.549999237060547,216201
2017-02-13,23.350000381469727,23.350000381469727,23.700000762939453,22.75,23.700000762939453,774652
2017-02-14,21.950000762939453,21.950000762939453,22.950000762939453,21.5,22.950000762939453,2439358
2017-02-15,22.5,22.5,23.399999618530277,21.25,22.0,2086132
2017-02-16,22.149999618530277,22.149999618530277,22.600000381469727,21.75,22.5,1283468
2017-02-17,22.350000381469727,22.350000381469727,23.5,21.799999237060547,22.200000762939453,7105050
2017-02-20,22.100000381469727,22.100000381469727,22.450000762939453,21.850000381469727,22.350000381469727,2155563
2017-02-21,22.149999618530277,22.149999618530277,23.200000762939453,21.950000762939453,22.25,1076766
2017-02-22,22.25,22.25,23.299999237060547,21.950000762939453,22.049999237060547,6373348
2017-02-23,21.5,21.5,22.350000381469727,20.049999237060547,22.149999618530277,1727475
2017-02-27,21.350000381469727,21.350000381469727,22.0,20.549999237060547,21.850000381469727,634862
2017-02-28,23.100000381469727,23.100000381469727,23.950000762939453,20.049999237060547,21.399999618530277,14403828
2017-03-01,23.0,23.0,23.5,22.600000381469727,23.0,4958096
2017-03-02,22.5,22.5,23.399999618530277,22.149999618530277,23.399999618530277,6075495
2017-03-03,20.850000381469727,20.850000381469727,23.149999618530277,20.200000762939453,22.5,885498
2017-03-06,21.0,21.0,21.399999618530277,20.600000381469727,21.0,1641181
2017-03-07,20.149999618530277,20.149999618530277,21.5,19.799999237060547,20.899999618530277,2278205
2017-03-08,20.200000762939453,20.200000762939453,20.350000381469727,20.0,20.25,3128059
2017-03-09,20.850000381469727,20.850000381469727,20.950000762939453,19.5,20.200000762939453,4236067
2017-03-10,20.399999618530277,20.399999618530277,20.950000762939453,17.600000381469727,20.950000762939453,1366433
2017-03-14,20.75,20.75,22.200000762939453,19.950000762939453,20.899999618530277,5362793
2017-03-15,20.75,20.75,21.399999618530277,20.5,20.950000762939453,3522722
2017-03-16,22.25,22.25,22.700000762939453,20.350000381469727,20.350000381469727,13424421
2017-03-17,21.649999618530277,21.649999618530277,22.5,21.350000381469727,22.25,633758
2017-03-20,21.200000762939453,21.200000762939453,21.899999618530277,20.899999618530277,21.899999618530277,5346335
2017-03-21,21.700000762939453,21.700000762939453,22.700000762939453,20.350000381469727,21.5,8678560
2017-03-22,21.149999618530277,21.149999618530277,22.0,20.25,21.5,10332677
2017-03-23,21.549999237060547,21.549999237060547,21.950000762939453,20.600000381469727,21.049999237060547,4244223
2017-03-24,20.350000381469727,20.350000381469727,21.350000381469727,19.5,21.299999237060547,5796807
2017-03-27,21.649999618530277,21.649999618530277,22.700000762939453,20.100000381469727,20.450000762939453,16690969
2017-03-28,19.899999618530277,19.899999618530277,21.950000762939453,19.649999618530277,21.950000762939453,3594559
2017-03-29,19.200000762939453,19.200000762939453,20.200000762939453,18.799999237060547,20.0,5203976
2017-03-30,20.0,20.0,21.5,19.149999618530277,19.25,3938491
2017-03-31,20.25,20.25,21.299999237060547,19.75,20.049999237060547,11837430
2017-04-03,20.600000381469727,20.600000381469727,20.950000762939453,20.200000762939453,20.200000762939453,4344548
2017-04-05,20.100000381469727,20.100000381469727,20.600000381469727,19.899999618530277,20.600000381469727,1402707
2017-04-06,19.950000762939453,19.950000762939453,20.299999237060547,19.799999237060547,20.25,494909
2017-04-07,21.549999237060547,21.549999237060547,22.200000762939453,20.0,20.049999237060547,7135894
2017-04-10,22.100000381469727,22.100000381469727,22.450000762939453,21.350000381469727,21.549999237060547,4848803
2017-04-11,20.0,20.0,22.549999237060547,19.75,22.450000762939453,4221133
2017-04-12,21.850000381469727,21.850000381469727,23.299999237060547,20.0,20.450000762939453,16157557
2017-04-13,21.799999237060547,21.799999237060547,22.700000762939453,21.299999237060547,21.299999237060547,5912747
2017-04-17,21.5,21.5,22.399999618530277,20.850000381469727,21.799999237060547,6751457
2017-04-18,20.600000381469727,20.600000381469727,21.450000762939453,20.450000762939453,21.100000381469727,1473927
2017-04-19,21.200000762939453,21.200000762939453,21.350000381469727,20.450000762939453,20.75,4817170
2017-04-20,21.5,21.5,22.25,21.049999237060547,21.100000381469727,5681495
2017-04-21,21.049999237060547,21.049999237060547,21.950000762939453,20.600000381469727,21.75,1647842
2017-04-24,20.649999618530277,20.649999618530277,21.25,20.5,21.0,6483943
2017-04-25,19.899999618530277,19.899999618530277,20.799999237060547,19.799999237060547,20.5,3392126
2017-04-26,19.450000762939453,19.450000762939453,20.200000762939453,19.350000381469727,20.200000762939453,1509253
2017-04-27,19.899999618530277,19.899999618530277,20.149999618530277,19.0,19.5,1189551
2017-04-28,20.149999618530277,20.149999618530277,20.299999237060547,19.350000381469727,19.799999237060547,1695153
2017-05-02,20.149999618530277,20.149999618530277,21.0,19.600000381469727,20.149999618530277,5535900
2017-05-03,21.049999237060547,21.049999237060547,21.75,20.399999618530277,20.399999618530277,10550298
2017-05-04,21.399999618530277,21.399999618530277,23.450000762939453,20.899999618530277,21.200000762939453,13383996
2017-05-05,21.899999618530277,21.899999618530277,21.950000762939453,21.100000381469727,21.299999237060547,5098110
2017-05-08,21.899999618530277,21.899999618530277,22.350000381469727,21.5,22.350000381469727,11107527
2017-05-09,21.549999237060547,21.549999237060547,21.850000381469727,21.399999618530277,21.799999237060547,692386
2017-05-10,22.25,22.25,22.399999618530277,21.5,21.700000762939453,12533202
2017-05-11,22.200000762939453,22.200000762939453,22.799999237060547,21.850000381469727,22.799999237060547,5810629
2017-05-12,22.200000762939453,22.200000762939453,22.700000762939453,21.399999618530277,22.5,14477802
2017-05-15,21.549999237060547,21.549999237060547,22.399999618530277,21.299999237060547,22.350000381469727,1085808
2017-05-16,21.399999618530277,21.399999618530277,22.399999618530277,21.299999237060547,21.799999237060547,1770842
2017-05-17,21.0,21.0,21.75,20.75,21.450000762939453,5617137
2017-05-18,20.850000381469727,20.850000381469727,21.200000762939453,20.399999618530277,20.899999618530277,4358046
2017-05-19,20.0,20.0,20.850000381469727,19.799999237060547,20.399999618530277,2167414
2017-05-22,19.799999237060547,19.799999237060547,20.200000762939453,19.600000381469727,20.200000762939453,931478
2017-05-23,19.700000762939453,19.700000762939453,20.0,19.5,20.0,1587347
2017-05-24,19.299999237060547,19.299999237060547,20.149999618530277,19.049999237060547,19.700000762939453,2724030
2017-05-25,19.399999618530277,19.399999618530277,19.5,19.100000381469727,19.350000381469727,2727807
2017-05-26,19.549999237060547,19.549999237060547,20.0,19.299999237060547,19.5,2980958
2017-05-29,19.549999237060547,19.549999237060547,19.700000762939453,18.950000762939453,19.450000762939453,2364264
2017-05-30,18.950000762939453,18.950000762939453,19.299999237060547,17.549999237060547,19.100000381469727,6219973
2017-05-31,19.950000762939453,19.950000762939453,20.200000762939453,18.0,19.0,10818046
2017-06-01,20.100000381469727,20.100000381469727,20.450000762939453,19.5,19.75,8607153
2017-06-02,19.450000762939453,19.450000762939453,20.299999237060547,18.899999618530277,20.0,4067600
2017-06-05,19.299999237060547,19.299999237060547,19.850000381469727,19.049999237060547,19.850000381469727,1922066
2017-06-06,18.200000762939453,18.200000762939453,19.5,18.100000381469727,19.5,4438377
2017-06-07,18.700000762939453,18.700000762939453,18.899999618530277,17.799999237060547,18.200000762939453,6119415
2017-06-08,18.200000762939453,18.200000762939453,19.0,17.950000762939453,19.0,874589
2017-06-09,18.850000381469727,18.850000381469727,18.950000762939453,17.649999618530273,18.299999237060547,3251938
2017-06-12,18.049999237060547,18.049999237060547,18.75,17.850000381469727,18.700000762939453,327325
2017-06-13,17.600000381469727,17.600000381469727,19.200000762939453,17.299999237060547,18.5,5445821
2017-06-14,16.899999618530273,16.899999618530273,17.850000381469727,16.549999237060547,17.600000381469727,3711358
2017-06-15,13.550000190734863,13.550000190734863,17.149999618530273,13.550000190734863,16.899999618530273,3458032
2017-06-16,10.850000381469728,10.850000381469728,13.449999809265137,10.850000381469728,12.949999809265137,3144375
2017-06-19,9.800000190734863,9.800000190734863,10.699999809265137,9.800000190734863,10.449999809265137,2461807
2017-06-20,8.850000381469727,8.850000381469727,8.850000381469727,8.850000381469727,8.850000381469727,195731
2017-06-21,8.0,8.0,8.0,8.0,8.0,379504
2017-06-22,7.599999904632568,7.599999904632568,7.599999904632568,7.599999904632568,7.599999904632568,260263
2017-06-23,7.949999809265137,7.949999809265137,7.949999809265137,7.25,7.25,12695962
2017-06-27,7.599999904632568,7.599999904632568,8.149999618530273,7.599999904632568,7.949999809265137,4495531
2017-06-28,7.300000190734863,7.300000190734863,7.550000190734863,7.25,7.25,1927527
2017-06-29,7.0,7.0,7.199999809265137,6.949999809265137,7.0,5261987
2017-06-30,6.949999809265137,6.949999809265137,7.300000190734863,6.800000190734863,6.800000190734863,2407858
2017-07-03,7.25,7.25,7.25,6.949999809265137,7.099999904632568,3184883
2017-07-04,7.349999904632568,7.349999904632568,7.449999809265137,7.0,7.300000190734863,910044
2017-07-05,7.25,7.25,7.449999809265137,7.099999904632568,7.449999809265137,1290197
2017-07-06,7.099999904632568,7.099999904632568,7.400000095367432,7.0,7.400000095367432,999884
2017-07-07,7.199999809265137,7.199999809265137,7.400000095367432,6.75,7.150000095367432,2363083
2017-07-10,7.550000190734863,7.550000190734863,7.550000190734863,7.550000190734863,7.550000190734863,196381
2017-07-11,7.900000095367432,7.900000095367432,7.900000095367432,7.699999809265137,7.699999809265137,8447408
2017-07-12,8.25,8.25,8.25,8.25,8.25,711037
2017-07-13,8.649999618530273,8.649999618530273,8.649999618530273,8.649999618530273,8.649999618530273,127446
2017-07-14,9.050000190734863,9.050000190734863,9.050000190734863,9.050000190734863,9.050000190734863,46183
2017-07-17,9.199999809265137,9.199999809265137,9.5,8.600000381469727,9.399999618530272,5526693
2017-07-18,8.800000190734863,8.800000190734863,9.100000381469728,8.75,9.050000190734863,1236984
2017-07-19,8.600000381469727,8.600000381469727,8.850000381469727,8.449999809265137,8.75,738292
2017-07-20,8.550000190734863,8.550000190734863,8.75,8.199999809265137,8.649999618530273,1214925
2017-07-21,8.600000381469727,8.600000381469727,8.649999618530273,8.25,8.5,1292775
2017-07-24,8.600000381469727,8.600000381469727,8.699999809265137,8.350000381469727,8.649999618530273,488936
2017-07-25,8.449999809265137,8.449999809265137,8.75,8.199999809265137,8.350000381469727,419980
2017-07-26,8.800000190734863,8.800000190734863,8.850000381469727,8.050000190734863,8.550000190734863,634582
2017-07-27,8.399999618530273,8.399999618530273,8.949999809265137,8.399999618530273,8.800000190734863,183632
2017-07-28,8.649999618530273,8.649999618530273,8.699999809265137,8.050000190734863,8.449999809265137,1040122
2017-07-31,8.25,8.25,8.600000381469727,8.25,8.25,110524
2017-08-01,7.849999904632568,7.849999904632568,8.25,7.849999904632568,8.0,407768
2017-08-02,7.900000095367432,7.900000095367432,8.149999618530273,7.75,7.949999809265137,370082
2017-08-03,7.699999809265137,7.699999809265137,8.100000381469727,7.599999904632568,7.900000095367432,96376
2017-08-04,7.449999809265137,7.449999809265137,7.949999809265137,7.349999904632568,7.599999904632568,130246
2017-08-07,7.800000190734863,7.800000190734863,7.800000190734863,7.199999809265137,7.699999809265137,220154
2017-08-08,8.050000190734863,8.050000190734863,8.149999618530273,7.5,7.5,129250
2017-08-09,7.900000095367432,7.900000095367432,8.100000381469727,7.650000095367432,8.0,119023
2017-08-10,7.75,7.75,7.900000095367432,7.550000190734863,7.650000095367432,213834
2017-08-11,7.699999809265137,7.699999809265137,7.75,7.400000095367432,7.400000095367432,216323
2017-08-14,7.349999904632568,7.349999904632568,7.449999809265137,7.349999904632568,7.449999809265137,127575
2017-08-16,7.25,7.25,7.599999904632568,7.0,7.349999904632568,693226
2017-08-17,7.150000095367432,7.150000095367432,7.300000190734863,6.900000095367432,7.050000190734863,580500
2017-08-18,7.5,7.5,7.5,7.099999904632568,7.25,251959
2017-08-21,7.650000095367432,7.650000095367432,7.849999904632568,7.349999904632568,7.550000190734863,65252
2017-08-22,7.699999809265137,7.699999809265137,7.900000095367432,7.300000190734863,7.550000190734863,780914
2017-08-23,8.0,8.0,8.050000190734863,7.400000095367432,7.949999809265137,902255
2017-08-24,8.350000381469727,8.350000381469727,8.350000381469727,7.800000190734863,8.300000190734863,612331
2017-08-28,8.699999809265137,8.699999809265137,8.75,8.100000381469727,8.350000381469727,1875145
2017-08-29,8.300000190734863,8.300000190734863,8.800000190734863,8.300000190734863,8.800000190734863,157589
2017-08-30,7.900000095367432,7.900000095367432,8.350000381469727,7.900000095367432,8.300000190734863,325016
2017-08-31,7.550000190734863,7.550000190734863,7.75,7.550000190734863,7.550000190734863,237385
2017-09-01,7.25,7.25,7.400000095367432,7.199999809265137,7.199999809265137,166972
2017-09-04,7.449999809265137,7.449999809265137,7.5,7.0,7.25,1321927
2017-09-05,7.449999809265137,7.449999809265137,7.5,7.349999904632568,7.5,57403
2017-09-06,7.349999904632568,7.349999904632568,7.550000190734863,7.199999809265137,7.199999809265137,78160
2017-09-07,7.300000190734863,7.300000190734863,7.699999809265137,7.199999809265137,7.699999809265137,710035
2017-09-08,7.25,7.25,7.400000095367432,7.150000095367432,7.300000190734863,89222
2017-09-11,7.349999904632568,7.349999904632568,7.449999809265137,7.150000095367432,7.199999809265137,1124719
2017-09-12,7.25,7.25,7.349999904632568,7.099999904632568,7.349999904632568,68249
2017-09-13,7.150000095367432,7.150000095367432,7.25,6.949999809265137,7.199999809265137,303834
2017-09-14,7.0,7.0,7.150000095367432,6.849999904632568,6.849999904632568,125719
2017-09-15,6.849999904632568,6.849999904632568,7.099999904632568,6.650000095367432,6.900000095367432,1721423
2017-09-18,6.550000190734863,6.550000190734863,7.050000190734863,6.550000190734863,6.900000095367432,1128739
2017-09-19,6.300000190734863,6.300000190734863,6.449999809265137,6.25,6.300000190734863,1367114
2017-09-20,6.0,6.0,6.5,6.0,6.5,476723
2017-09-21,6.300000190734863,6.300000190734863,6.300000190734863,5.75,5.900000095367432,480015
2017-09-22,6.199999809265137,6.199999809265137,6.599999904632568,6.150000095367432,6.449999809265137,743388
2017-09-25,6.0,6.0,6.199999809265137,5.900000095367432,6.099999904632568,104721
2017-09-26,5.949999809265137,5.949999809265137,6.199999809265137,5.800000190734863,6.0,56289
2017-09-27,5.699999809265137,5.699999809265137,6.0,5.699999809265137,5.949999809265137,1101748
2017-09-28,5.699999809265137,5.699999809265137,5.800000190734863,5.449999809265137,5.449999809265137,496125
2017-09-29,5.800000190734863,5.800000190734863,5.900000095367432,5.550000190734863,5.900000095367432,44599
2017-10-03,5.550000190734863,5.550000190734863,6.0,5.550000190734863,5.900000095367432,358107
2017-10-04,5.300000190734863,5.300000190734863,5.75,5.300000190734863,5.75,364512
2017-10-05,5.400000095367432,5.400000095367432,5.550000190734863,5.050000190734863,5.25,750375
2017-10-06,5.650000095367432,5.650000095367432,5.650000095367432,5.5,5.599999904632568,45684
2017-10-09,5.900000095367432,5.900000095367432,5.900000095367432,5.800000190734863,5.900000095367432,563640
2017-10-10,6.150000095367432,6.150000095367432,6.150000095367432,5.949999809265137,6.099999904632568,103331
2017-10-11,6.449999809265137,6.449999809265137,6.449999809265137,5.849999904632568,6.25,2965449
2017-10-12,6.75,6.75,6.75,6.5,6.75,715094
2017-10-13,7.050000190734863,7.050000190734863,7.050000190734863,6.75,7.0,74364
2017-10-16,7.400000095367432,7.400000095367432,7.400000095367432,7.349999904632568,7.400000095367432,75261
2017-10-17,7.75,7.75,7.75,7.75,7.75,176933
2017-10-18,7.400000095367432,7.400000095367432,8.100000381469727,7.400000095367432,7.849999904632568,877508
2017-10-19,7.050000190734863,7.050000190734863,7.699999809265137,7.050000190734863,7.699999809265137,217318
2017-10-23,6.849999904632568,6.849999904632568,7.25,6.699999809265137,6.699999809265137,1002394
2017-10-24,6.800000190734863,6.800000190734863,6.949999809265137,6.599999904632568,6.949999809265137,259512
2017-10-25,7.050000190734863,7.050000190734863,7.099999904632568,6.75,7.0,1078358
2017-10-26,7.150000095367432,7.150000095367432,7.349999904632568,6.800000190734863,7.050000190734863,134053
2017-10-27,7.0,7.0,7.449999809265137,6.800000190734863,7.199999809265137,611556
2017-10-30,7.0,7.0,7.25,6.699999809265137,7.25,2563782
2017-10-31,6.900000095367432,6.900000095367432,7.25,6.800000190734863,7.25,185051
2017-11-01,7.0,7.0,7.150000095367432,6.699999809265137,7.150000095367432,104542
2017-11-02,6.849999904632568,6.849999904632568,7.0,6.699999809265137,7.0,1806809
2017-11-03,6.849999904632568,6.849999904632568,7.099999904632568,6.800000190734863,6.900000095367432,117175
2017-11-06,6.599999904632568,6.599999904632568,7.099999904632568,6.550000190734863,7.099999904632568,97127
2017-11-07,6.300000190734863,6.300000190734863,6.650000095367432,6.300000190734863,6.5,190202
2017-11-08,6.050000190734863,6.050000190734863,6.349999904632568,6.0,6.300000190734863,100231
2017-11-09,6.0,6.0,6.25,5.900000095367432,6.050000190734863,98016
2017-11-10,6.300000190734863,6.300000190734863,6.300000190734863,6.0,6.0,87740
2017-11-13,6.550000190734863,6.550000190734863,6.599999904632568,6.050000190734863,6.599999904632568,423265
2017-11-14,6.400000095367432,6.400000095367432,6.849999904632568,6.25,6.400000095367432,166867
2017-11-15,6.099999904632568,6.099999904632568,6.300000190734863,6.099999904632568,6.099999904632568,64345
2017-11-16,5.800000190734863,5.800000190734863,6.099999904632568,5.800000190734863,5.800000190734863,81563
2017-11-17,5.550000190734863,5.550000190734863,5.949999809265137,5.550000190734863,5.599999904632568,189121
2017-11-20,5.5,5.5,5.800000190734863,5.449999809265137,5.550000190734863,102033
2017-11-21,5.400000095367432,5.400000095367432,5.75,5.349999904632568,5.550000190734863,103960
2017-11-22,5.150000095367432,5.150000095367432,5.550000190734863,5.150000095367432,5.349999904632568,121046
2017-11-23,5.25,5.25,5.349999904632568,4.900000095367432,5.0,125920
2017-11-24,5.25,5.25,5.5,5.0,5.449999809265137,132433
2017-11-27,5.099999904632568,5.099999904632568,5.5,5.0,5.300000190734863,295111
2017-11-28,5.349999904632568,5.349999904632568,5.349999904632568,4.949999809265137,5.099999904632568,876356
2017-11-29,5.599999904632568,5.599999904632568,5.599999904632568,5.599999904632568,5.599999904632568,786834
2017-11-30,5.849999904632568,5.849999904632568,5.849999904632568,5.800000190734863,5.849999904632568,504069
2017-12-01,6.099999904632568,6.099999904632568,6.099999904632568,6.099999904632568,6.099999904632568,33746
2017-12-04,6.400000095367432,6.400000095367432,6.400000095367432,6.400000095367432,6.400000095367432,67962
2017-12-05,6.699999809265137,6.699999809265137,6.699999809265137,6.699999809265137,6.699999809265137,50271
2017-12-06,7.0,7.0,7.0,7.0,7.0,98813
2017-12-07,6.699999809265137,6.699999809265137,7.349999904632568,6.650000095367432,7.349999904632568,1803445
2017-12-08,6.650000095367432,6.650000095367432,7.0,6.400000095367432,6.400000095367432,707971
2017-12-11,6.800000190734863,6.800000190734863,6.900000095367432,6.349999904632568,6.900000095367432,328959
2017-12-12,6.599999904632568,6.599999904632568,7.099999904632568,6.550000190734863,6.800000190734863,215245
2017-12-13,6.449999809265137,6.449999809265137,6.800000190734863,6.400000095367432,6.800000190734863,241958
2017-12-14,6.650000095367432,6.650000095367432,6.699999809265137,6.300000190734863,6.650000095367432,262319
2017-12-15,6.849999904632568,6.849999904632568,6.949999809265137,6.599999904632568,6.949999809265137,382411
2017-12-18,7.150000095367432,7.150000095367432,7.150000095367432,7.150000095367432,7.150000095367432,110982
2017-12-19,7.5,7.5,7.5,7.5,7.5,43977
2017-12-20,7.849999904632568,7.849999904632568,7.849999904632568,7.849999904632568,7.849999904632568,70010
2017-12-21,8.199999809265137,8.199999809265137,8.199999809265137,8.199999809265137,8.199999809265137,97355
2017-12-22,8.600000381469727,8.600000381469727,8.600000381469727,8.600000381469727,8.600000381469727,53231
2017-12-26,9.0,9.0,9.0,9.0,9.0,41956
2017-12-27,9.449999809265137,9.449999809265137,9.449999809265137,9.449999809265137,9.449999809265137,21138
2017-12-28,9.899999618530272,9.899999618530272,9.899999618530272,9.899999618530272,9.899999618530272,22427
2017-12-29,10.350000381469728,10.350000381469728,10.350000381469728,10.350000381469728,10.350000381469728,75637
2018-01-01,10.850000381469728,10.850000381469728,10.850000381469728,10.800000190734863,10.800000190734863,29697
2018-01-02,11.350000381469728,11.350000381469728,11.350000381469728,11.350000381469728,11.350000381469728,60759
2018-01-03,11.899999618530272,11.899999618530272,11.899999618530272,11.899999618530272,11.899999618530272,32790
2018-01-04,12.449999809265137,12.449999809265137,12.449999809265137,12.449999809265137,12.449999809265137,73353
2018-01-05,13.050000190734863,13.050000190734863,13.050000190734863,13.050000190734863,13.050000190734863,498609
2018-01-08,13.699999809265137,13.699999809265137,13.699999809265137,13.699999809265137,13.699999809265137,66840
2018-01-09,14.350000381469728,14.350000381469728,14.350000381469728,14.350000381469728,14.350000381469728,35515
2018-01-10,15.050000190734863,15.050000190734863,15.050000190734863,14.350000381469728,15.050000190734863,5696172
2018-01-11,15.800000190734863,15.800000190734863,15.800000190734863,15.800000190734863,15.800000190734863,161788
2018-01-12,16.549999237060547,16.549999237060547,16.549999237060547,16.549999237060547,16.549999237060547,48897
2018-01-15,17.350000381469727,17.350000381469727,17.350000381469727,17.350000381469727,17.350000381469727,31834
2018-01-16,18.200000762939453,18.200000762939453,18.200000762939453,16.5,18.200000762939453,2858186
2018-01-17,17.75,17.75,19.100000381469727,17.299999237060547,19.100000381469727,3226101
2018-01-18,16.899999618530273,16.899999618530273,17.700000762939453,16.899999618530273,17.700000762939453,477888
2018-01-19,16.100000381469727,16.100000381469727,16.5,16.100000381469727,16.100000381469727,1630622
2018-01-22,15.300000190734863,15.300000190734863,15.300000190734863,15.300000190734863,15.300000190734863,270124
2018-01-23,14.600000381469728,14.600000381469728,15.600000381469728,14.550000190734863,14.550000190734863,3918245
2018-01-24,13.899999618530272,13.899999618530272,14.75,13.899999618530272,14.149999618530272,309418
2018-01-25,14.550000190734863,14.550000190734863,14.550000190734863,13.25,13.25,766656
2018-01-29,15.25,15.25,15.25,15.199999809265137,15.25,248520
2018-01-30,16.0,16.0,16.0,16.0,16.0,78397
2018-01-31,16.5,16.5,16.799999237060547,15.25,16.799999237060547,1055622
2018-02-01,15.699999809265137,15.699999809265137,17.25,15.699999809265137,16.5,315688
2018-02-02,14.949999809265137,14.949999809265137,14.949999809265137,14.949999809265137,14.949999809265137,21188
2018-02-05,14.25,14.25,14.25,14.25,14.25,21943
2018-02-06,13.550000190734863,13.550000190734863,13.550000190734863,13.550000190734863,13.550000190734863,15269
2018-02-07,12.899999618530272,12.899999618530272,14.100000381469728,12.899999618530272,12.899999618530272,712889
2018-02-08,12.350000381469728,12.350000381469728,12.600000381469728,12.300000190734863,12.300000190734863,562242
2018-02-09,12.350000381469728,12.350000381469728,12.949999809265137,11.75,11.800000190734863,1280293
2018-02-12,12.949999809265137,12.949999809265137,12.949999809265137,11.75,12.800000190734863,416068
2018-02-14,13.550000190734863,13.550000190734863,13.550000190734863,13.0,13.550000190734863,938766
2018-02-15,12.899999618530272,12.899999618530272,13.600000381469728,12.899999618530272,12.899999618530272,495854
2018-02-16,12.300000190734863,12.300000190734863,12.800000190734863,12.300000190734863,12.350000381469728,260985
2018-02-19,11.699999809265137,11.699999809265137,11.699999809265137,11.699999809265137,11.699999809265137,19997
2018-02-20,11.149999618530272,11.149999618530272,11.699999809265137,11.149999618530272,11.149999618530272,170585
2018-02-21,10.649999618530272,10.649999618530272,11.350000381469728,10.600000381469728,10.600000381469728,513538
2018-02-22,10.300000190734863,10.300000190734863,10.600000381469728,10.149999618530272,10.25,204346
2018-02-23,10.800000190734863,10.800000190734863,10.800000190734863,10.300000190734863,10.300000190734863,1094458
2018-02-26,11.300000190734863,11.300000190734863,11.300000190734863,11.0,11.0,40078
2018-02-27,11.649999618530272,11.649999618530272,11.850000381469728,11.300000190734863,11.850000381469728,693519
2018-02-28,11.800000190734863,11.800000190734863,12.149999618530272,11.100000381469728,11.5,151621
2018-03-01,11.25,11.25,12.199999809265137,11.25,11.800000190734863,75410
2018-03-05,10.699999809265137,10.699999809265137,11.399999618530272,10.699999809265137,11.25,60596
2018-03-06,10.199999809265137,10.199999809265137,11.149999618530272,10.199999809265137,11.149999618530272,62497
2018-03-07,9.699999809265137,9.699999809265137,10.199999809265137,9.699999809265137,10.199999809265137,43145
2018-03-08,9.25,9.25,9.399999618530272,9.25,9.300000190734863,101146
2018-03-09,8.800000190734863,8.800000190734863,9.25,8.800000190734863,9.25,120845
2018-03-12,8.649999618530273,8.649999618530273,9.199999809265137,8.399999618530273,8.399999618530273,832229
2018-03-13,9.050000190734863,9.050000190734863,9.050000190734863,8.949999809265137,8.949999809265137,34311
2018-03-14,9.5,9.5,9.5,9.199999809265137,9.5,1369164
2018-03-15,9.949999809265137,9.949999809265137,9.949999809265137,9.600000381469728,9.949999809265137,112387
2018-03-16,9.649999618530272,9.649999618530272,10.399999618530272,9.5,10.0,299820
2018-03-19,9.25,9.25,10.100000381469728,9.199999809265137,10.100000381469728,222542
2018-03-20,9.649999618530272,9.649999618530272,9.699999809265137,8.800000190734863,9.699999809265137,273608
2018-03-21,10.050000190734863,10.050000190734863,10.100000381469728,9.399999618530272,9.399999618530272,191629
2018-03-22,9.550000190734863,9.550000190734863,10.100000381469728,9.550000190734863,10.050000190734863,425233
2018-03-23,9.100000381469728,9.100000381469728,9.149999618530272,9.100000381469728,9.100000381469728,531454
2018-03-26,9.100000381469728,9.100000381469728,9.5,8.649999618530273,9.100000381469728,683854
2018-03-27,9.0,9.0,9.5,8.649999618530273,8.649999618530273,312042
2018-03-28,8.550000190734863,8.550000190734863,8.899999618530273,8.550000190734863,8.550000190734863,511250
2018-04-02,8.149999618530273,8.149999618530273,8.149999618530273,8.149999618530273,8.149999618530273,46008
2018-04-03,7.75,7.75,7.75,7.75,7.75,47559
2018-04-04,7.400000095367432,7.400000095367432,7.400000095367432,7.400000095367432,7.400000095367432,34814
2018-04-05,7.050000190734863,7.050000190734863,7.050000190734863,7.050000190734863,7.050000190734863,27607
2018-04-06,7.400000095367432,7.400000095367432,7.400000095367432,6.699999809265137,6.699999809265137,887775
2018-04-09,7.050000190734863,7.050000190734863,7.050000190734863,7.050000190734863,7.050000190734863,105431
2018-04-10,6.699999809265137,6.699999809265137,6.699999809265137,6.699999809265137,6.699999809265137,134873
2018-04-11,6.75,6.75,7.0,6.400000095367432,6.400000095367432,502184
2018-04-12,6.449999809265137,6.449999809265137,6.75,6.449999809265137,6.75,157947
2018-04-13,6.150000095367432,6.150000095367432,6.150000095367432,6.150000095367432,6.150000095367432,60636
2018-04-16,5.849999904632568,5.849999904632568,6.449999809265137,5.849999904632568,5.849999904632568,557849
2018-04-17,6.099999904632568,6.099999904632568,6.099999904632568,5.599999904632568,5.849999904632568,363253
2018-04-18,5.949999809265137,5.949999809265137,6.400000095367432,5.849999904632568,6.400000095367432,798469
2018-04-19,6.199999809265137,6.199999809265137,6.199999809265137,5.800000190734863,6.0,353391
2018-04-20,6.5,6.5,6.5,6.199999809265137,6.449999809265137,213893
2018-04-23,6.800000190734863,6.800000190734863,6.800000190734863,6.699999809265137,6.800000190734863,246878
2018-04-24,7.099999904632568,7.099999904632568,7.099999904632568,7.099999904632568,7.099999904632568,54869
2018-04-25,7.449999809265137,7.449999809265137,7.449999809265137,7.449999809265137,7.449999809265137,182825
2018-04-26,7.099999904632568,7.099999904632568,7.800000190734863,7.099999904632568,7.800000190734863,726261
2018-04-27,7.400000095367432,7.400000095367432,7.449999809265137,6.75,6.75,261402
2018-04-30,7.25,7.25,7.699999809265137,7.050000190734863,7.699999809265137,183033
2018-05-02,6.900000095367432,6.900000095367432,7.400000095367432,6.900000095367432,6.900000095367432,56757
2018-05-03,6.599999904632568,6.599999904632568,6.800000190734863,6.599999904632568,6.75,20342
2018-05-04,6.300000190734863,6.300000190734863,6.300000190734863,6.300000190734863,6.300000190734863,54344
2018-05-07,6.0,6.0,6.300000190734863,6.0,6.0,218723
2018-05-08,6.0,6.0,6.300000190734863,5.800000190734863,5.800000190734863,478352
2018-05-09,5.949999809265137,5.949999809265137,6.150000095367432,5.75,6.0,178402
2018-05-10,5.900000095367432,5.900000095367432,6.150000095367432,5.849999904632568,5.949999809265137,95758
2018-05-11,5.650000095367432,5.650000095367432,6.050000190734863,5.650000095367432,6.0,84470
2018-05-14,5.449999809265137,5.449999809265137,5.900000095367432,5.400000095367432,5.900000095367432,206310
2018-05-15,5.199999809265137,5.199999809265137,5.650000095367432,5.199999809265137,5.199999809265137,295691
2018-05-16,5.25,5.25,5.25,4.949999809265137,5.199999809265137,113628
2018-05-17,5.199999809265137,5.199999809265137,5.400000095367432,5.050000190734863,5.25,151287
2018-05-18,5.25,5.25,5.400000095367432,5.099999904632568,5.349999904632568,106702
2018-05-21,5.199999809265137,5.199999809265137,5.400000095367432,5.0,5.099999904632568,322713
2018-05-22,5.449999809265137,5.449999809265137,5.449999809265137,5.0,5.25,129502
2018-05-23,5.699999809265137,5.699999809265137,5.699999809265137,5.5,5.650000095367432,139829
2018-05-24,5.949999809265137,5.949999809265137,5.949999809265137,5.900000095367432,5.949999809265137,26459
2018-05-25,6.199999809265137,6.199999809265137,6.199999809265137,6.199999809265137,6.199999809265137,22369
2018-05-28,6.5,6.5,6.5,6.0,6.5,298197
2018-05-29,6.199999809265137,6.199999809265137,6.800000190734863,6.199999809265137,6.800000190734863,187816
2018-05-30,5.900000095367432,5.900000095367432,6.349999904632568,5.900000095367432,5.900000095367432,188665
2018-05-31,5.650000095367432,5.650000095367432,5.650000095367432,5.650000095367432,5.650000095367432,51425
2018-06-01,5.400000095367432,5.400000095367432,5.400000095367432,5.400000095367432,5.400000095367432,29538
2018-06-04,5.150000095367432,5.150000095367432,5.599999904632568,5.150000095367432,5.199999809265137,91052
2018-06-05,4.900000095367432,4.900000095367432,5.199999809265137,4.900000095367432,5.199999809265137,82775
2018-06-06,4.699999809265137,4.699999809265137,4.900000095367432,4.699999809265137,4.900000095367432,67261
2018-06-07,4.5,4.5,4.5,4.5,4.5,69397
2018-06-08,4.300000190734863,4.300000190734863,4.300000190734863,4.300000190734863,4.300000190734863,101866
2018-06-11,4.099999904632568,4.099999904632568,4.099999904632568,4.099999904632568,4.099999904632568,33595
2018-06-12,4.300000190734863,4.300000190734863,4.300000190734863,3.900000095367432,3.900000095367432,491465
2018-06-13,4.5,4.5,4.5,4.300000190734863,4.5,70614
2018-06-14,4.699999809265137,4.699999809265137,4.699999809265137,4.400000095367432,4.699999809265137,413114
2018-06-15,4.900000095367432,4.900000095367432,4.900000095367432,4.599999904632568,4.800000190734863,353612
2018-06-18,5.099999904632568,5.099999904632568,5.099999904632568,4.900000095367432,5.099999904632568,235848
2018-06-19,4.849999904632568,4.849999904632568,5.349999904632568,4.849999904632568,5.349999904632568,453822
2018-06-20,4.949999809265137,4.949999809265137,5.0,4.650000095367432,4.699999809265137,173479
2018-06-21,4.849999904632568,4.849999904632568,5.150000095367432,4.800000190734863,5.150000095367432,469052
2018-06-22,5.050000190734863,5.050000190734863,5.050000190734863,4.699999809265137,4.949999809265137,107263
2018-06-25,4.900000095367432,4.900000095367432,5.25,4.849999904632568,5.25,197106
2018-06-26,4.699999809265137,4.699999809265137,5.0,4.699999809265137,4.800000190734863,179467
2018-06-27,4.5,4.5,4.800000190734863,4.5,4.800000190734863,220296
2018-06-28,4.300000190734863,4.300000190734863,4.349999904632568,4.300000190734863,4.349999904632568,107170
2018-06-29,4.099999904632568,4.099999904632568,4.300000190734863,4.099999904632568,4.300000190734863,146198
2018-07-02,4.300000190734863,4.300000190734863,4.300000190734863,3.900000095367432,3.900000095367432,185946
2018-07-03,4.199999809265137,4.199999809265137,4.449999809265137,4.150000095367432,4.150000095367432,98199
2018-07-04,4.099999904632568,4.099999904632568,4.349999904632568,4.050000190734863,4.300000190734863,34495
2018-07-05,4.050000190734863,4.050000190734863,4.199999809265137,4.0,4.150000095367432,63756
2018-07-06,4.150000095367432,4.150000095367432,4.25,4.0,4.0,216502
2018-07-09,4.150000095367432,4.150000095367432,4.25,4.050000190734863,4.199999809265137,45658
2018-07-10,4.099999904632568,4.099999904632568,4.150000095367432,4.0,4.150000095367432,114530
2018-07-11,4.099999904632568,4.099999904632568,4.25,4.0,4.150000095367432,124327
2018-07-12,4.099999904632568,4.099999904632568,4.099999904632568,4.0,4.0,53231
2018-07-13,3.950000047683716,3.950000047683716,4.150000095367432,3.900000095367432,4.150000095367432,69996
2018-07-16,3.799999952316284,3.799999952316284,3.950000047683716,3.799999952316284,3.950000047683716,57762
2018-07-17,3.849999904632568,3.849999904632568,3.950000047683716,3.650000095367432,3.799999952316284,77108
2018-07-18,3.849999904632568,3.849999904632568,3.900000095367432,3.700000047683716,3.900000095367432,106287
2018-07-19,3.700000047683716,3.700000047683716,3.849999904632568,3.700000047683716,3.799999952316284,67485
2018-07-20,3.549999952316284,3.549999952316284,3.799999952316284,3.549999952316284,3.549999952316284,79699
2018-07-23,3.400000095367432,3.400000095367432,3.450000047683716,3.400000095367432,3.400000095367432,52717
2018-07-24,3.450000047683716,3.450000047683716,3.5,3.25,3.25,662709
2018-07-25,3.400000095367432,3.400000095367432,3.549999952316284,3.3499999046325684,3.549999952316284,501861
2018-07-26,3.25,3.25,3.5,3.25,3.5,198739
2018-07-27,3.200000047683716,3.200000047683716,3.3499999046325684,3.0999999046325684,3.3499999046325684,329666
2018-07-30,3.049999952316284,3.049999952316284,3.25,3.049999952316284,3.200000047683716,258258
2018-07-31,2.900000095367432,2.900000095367432,3.0999999046325684,2.900000095367432,3.0999999046325684,531227
2018-08-01,2.799999952316284,2.799999952316284,3.0,2.799999952316284,3.0,142923
2018-08-02,2.700000047683716,2.700000047683716,2.700000047683716,2.700000047683716,2.700000047683716,125592
2018-08-03,2.799999952316284,2.799999952316284,2.799999952316284,2.5999999046325684,2.700000047683716,628992
2018-08-06,2.900000095367432,2.900000095367432,2.900000095367432,2.900000095367432,2.900000095367432,30870
2018-08-07,3.0,3.0,3.0,3.0,3.0,38464
2018-08-08,3.150000095367432,3.150000095367432,3.150000095367432,3.150000095367432,3.150000095367432,331062
2018-08-09,3.299999952316284,3.299999952316284,3.299999952316284,3.150000095367432,3.299999952316284,361625
2018-08-10,3.450000047683716,3.450000047683716,3.450000047683716,3.400000095367432,3.450000047683716,138557
2018-08-13,3.5999999046325684,3.5999999046325684,3.5999999046325684,3.450000047683716,3.5999999046325684,60141
2018-08-14,3.450000047683716,3.450000047683716,3.75,3.450000047683716,3.75,193635
2018-08-16,3.299999952316284,3.299999952316284,3.299999952316284,3.299999952316284,3.299999952316284,47852
2018-08-17,3.25,3.25,3.450000047683716,3.150000095367432,3.150000095367432,372073
2018-08-20,3.0999999046325684,3.0999999046325684,3.299999952316284,3.0999999046325684,3.25,182488
2018-08-21,3.0999999046325684,3.0999999046325684,3.200000047683716,3.0,3.150000095367432,55451
2018-08-23,3.0,3.0,3.25,2.950000047683716,3.200000047683716,123482
2018-08-24,2.900000095367432,2.900000095367432,3.150000095367432,2.8499999046325684,3.049999952316284,224031
2018-08-27,2.799999952316284,2.799999952316284,2.950000047683716,2.799999952316284,2.950000047683716,71708
2018-08-28,2.700000047683716,2.700000047683716,2.75,2.700000047683716,2.700000047683716,107422
2018-08-29,2.5999999046325684,2.5999999046325684,2.700000047683716,2.5999999046325684,2.700000047683716,202975
2018-08-30,2.5,2.5,2.650000095367432,2.5,2.5,328839
2018-08-31,2.5999999046325684,2.5999999046325684,2.5999999046325684,2.5,2.5999999046325684,103338
2018-09-03,2.700000047683716,2.700000047683716,2.700000047683716,2.700000047683716,2.700000047683716,174795
2018-09-04,2.799999952316284,2.799999952316284,2.799999952316284,2.700000047683716,2.799999952316284,107311
2018-09-05,2.900000095367432,2.900000095367432,2.900000095367432,2.900000095367432,2.900000095367432,115628
2018-09-06,3.0,3.0,3.0,3.0,3.0,21959
2018-09-07,3.150000095367432,3.150000095367432,3.150000095367432,3.0,3.150000095367432,419050
2018-09-10,3.0,3.0,3.299999952316284,3.0,3.299999952316284,121205
2018-09-11,2.8499999046325684,2.8499999046325684,2.8499999046325684,2.8499999046325684,2.8499999046325684,44556
2018-09-12,2.75,2.75,2.799999952316284,2.75,2.799999952316284,18376
2018-09-14,2.8499999046325684,2.8499999046325684,2.8499999046325684,2.650000095367432,2.650000095367432,121120
2018-09-17,2.75,2.75,2.950000047683716,2.75,2.950000047683716,132107
2018-09-18,2.700000047683716,2.700000047683716,2.8499999046325684,2.650000095367432,2.75,80864
2018-09-19,2.650000095367432,2.650000095367432,2.799999952316284,2.650000095367432,2.799999952316284,217700
2018-09-21,2.549999952316284,2.549999952316284,2.75,2.549999952316284,2.650000095367432,192906
2018-09-24,2.450000047683716,2.450000047683716,2.650000095367432,2.450000047683716,2.650000095367432,137104
2018-09-25,2.3499999046325684,2.3499999046325684,2.5,2.3499999046325684,2.450000047683716,163233
2018-09-26,2.3499999046325684,2.3499999046325684,2.450000047683716,2.299999952316284,2.450000047683716,178755
2018-09-27,2.299999952316284,2.299999952316284,2.400000095367432,2.299999952316284,2.3499999046325684,55569
2018-09-28,2.25,2.25,2.3499999046325684,2.200000047683716,2.3499999046325684,119777
2018-10-01,2.150000095367432,2.150000095367432,2.299999952316284,2.150000095367432,2.299999952316284,91466
2018-10-03,2.25,2.25,2.25,2.150000095367432,2.200000047683716,66245
2018-10-04,2.200000047683716,2.200000047683716,2.299999952316284,2.150000095367432,2.150000095367432,83260
2018-10-05,2.0999999046325684,2.0999999046325684,2.25,2.0999999046325684,2.25,128889
2018-10-08,2.049999952316284,2.049999952316284,2.150000095367432,2.0,2.0,508626
2018-10-09,1.950000047683716,1.950000047683716,2.0999999046325684,1.950000047683716,2.0999999046325684,220648
2018-10-10,1.899999976158142,1.899999976158142,1.950000047683716,1.899999976158142,1.950000047683716,137518
2018-10-11,1.850000023841858,1.850000023841858,1.850000023841858,1.850000023841858,1.850000023841858,39892
2018-10-12,1.7999999523162842,1.7999999523162842,1.850000023841858,1.7999999523162842,1.7999999523162842,77686
2018-10-15,1.75,1.75,1.7999999523162842,1.75,1.7999999523162842,158843
2018-10-16,1.7000000476837158,1.7000000476837158,1.7000000476837158,1.7000000476837158,1.7000000476837158,159204
2018-10-17,1.649999976158142,1.649999976158142,1.75,1.649999976158142,1.7000000476837158,393755
2018-10-19,1.600000023841858,1.600000023841858,1.600000023841858,1.600000023841858,1.600000023841858,9244
2018-10-22,1.5499999523162842,1.5499999523162842,1.5499999523162842,1.5499999523162842,1.5499999523162842,28284
2018-10-23,1.5,1.5,1.5,1.5,1.5,21483
2018-10-24,1.4500000476837158,1.4500000476837158,1.5,1.4500000476837158,1.5,78972
2018-10-25,1.399999976158142,1.399999976158142,1.399999976158142,1.399999976158142,1.399999976158142,32617
2018-10-26,1.350000023841858,1.350000023841858,1.4500000476837158,1.350000023841858,1.350000023841858,205500
2018-10-29,1.2999999523162842,1.2999999523162842,1.399999976158142,1.2999999523162842,1.2999999523162842,916933
2018-10-30,1.350000023841858,1.350000023841858,1.350000023841858,1.25,1.2999999523162842,222241
2018-10-31,1.399999976158142,1.399999976158142,1.399999976158142,1.350000023841858,1.350000023841858,189178
2018-11-01,1.399999976158142,1.399999976158142,1.4500000476837158,1.350000023841858,1.4500000476837158,350170
2018-11-02,1.399999976158142,1.399999976158142,1.4500000476837158,1.350000023841858,1.4500000476837158,138656
2018-11-05,1.399999976158142,1.399999976158142,1.4500000476837158,1.350000023841858,1.350000023841858,202283
2018-11-06,1.4500000476837158,1.4500000476837158,1.4500000476837158,1.350000023841858,1.4500000476837158,387293
2018-11-07,1.399999976158142,1.399999976158142,1.5,1.399999976158142,1.5,205942
2018-11-09,1.4500000476837158,1.4500000476837158,1.4500000476837158,1.350000023841858,1.4500000476837158,199413
2018-11-12,1.5,1.5,1.5,1.399999976158142,1.4500000476837158,378925
2018-11-13,1.5499999523162842,1.5499999523162842,1.5499999523162842,1.4500000476837158,1.4500000476837158,250619
2018-11-14,1.600000023841858,1.600000023841858,1.600000023841858,1.5499999523162842,1.600000023841858,1379320
2018-11-15,1.649999976158142,1.649999976158142,1.649999976158142,1.600000023841858,1.600000023841858,542150
2018-11-16,1.7000000476837158,1.7000000476837158,1.7000000476837158,1.7000000476837158,1.7000000476837158,30799
2018-11-19,1.75,1.75,1.75,1.75,1.75,533440
2018-11-20,1.7999999523162842,1.7999999523162842,1.7999999523162842,1.7000000476837158,1.7000000476837158,2342119
2018-11-21,1.850000023841858,1.850000023841858,1.850000023841858,1.7999999523162842,1.850000023841858,1270486
2018-11-22,1.899999976158142,1.899999976158142,1.899999976158142,1.899999976158142,1.899999976158142,709195
2018-11-26,1.950000047683716,1.950000047683716,1.950000047683716,1.899999976158142,1.950000047683716,1437211
2018-11-27,1.950000047683716,1.950000047683716,2.0,1.899999976158142,2.0,1214306
2018-11-28,1.899999976158142,1.899999976158142,1.899999976158142,1.899999976158142,1.899999976158142,232099
2018-11-29,1.850000023841858,1.850000023841858,1.850000023841858,1.850000023841858,1.850000023841858,15196
2018-11-30,1.7999999523162842,1.7999999523162842,1.7999999523162842,1.7999999523162842,1.7999999523162842,16107
2018-12-03,1.75,1.75,1.75,1.75,1.75,54692
2018-12-04,1.7000000476837158,1.7000000476837158,1.7000000476837158,1.7000000476837158,1.7000000476837158,43401
2018-12-05,1.649999976158142,1.649999976158142,1.649999976158142,1.649999976158142,1.649999976158142,26756
2018-12-06,1.600000023841858,1.600000023841858,1.600000023841858,1.600000023841858,1.600000023841858,26112
2018-12-07,1.5499999523162842,1.5499999523162842,1.5499999523162842,1.5499999523162842,1.5499999523162842,17190
2018-12-10,1.5,1.5,1.5,1.5,1.5,39350
2018-12-11,1.4500000476837158,1.4500000476837158,1.4500000476837158,1.4500000476837158,1.4500000476837158,18779
2018-12-12,1.5,1.5,1.5,1.399999976158142,1.399999976158142,263992
2018-12-13,1.4500000476837158,1.4500000476837158,1.5499999523162842,1.4500000476837158,1.5499999523162842,427271
2018-12-14,1.399999976158142,1.399999976158142,1.4500000476837158,1.399999976158142,1.399999976158142,119618
2018-12-17,1.399999976158142,1.399999976158142,1.4500000476837158,1.350000023841858,1.399999976158142,136161
2018-12-18,1.350000023841858,1.350000023841858,1.4500000476837158,1.350000023841858,1.350000023841858,234609
2018-12-19,1.2999999523162842,1.2999999523162842,1.350000023841858,1.2999999523162842,1.2999999523162842,274984
2018-12-20,1.25,1.25,1.25,1.25,1.25,624763
2018-12-21,1.2000000476837158,1.2000000476837158,1.2999999523162842,1.2000000476837158,1.2000000476837158,475275
2018-12-24,1.149999976158142,1.149999976158142,1.2000000476837158,1.149999976158142,1.2000000476837158,124370
2018-12-26,1.100000023841858,1.100000023841858,1.100000023841858,1.100000023841858,1.100000023841858,256340
2018-12-27,1.0499999523162842,1.0499999523162842,1.149999976158142,1.0499999523162842,1.0499999523162842,1108901
2018-12-28,1.0499999523162842,1.0499999523162842,1.100000023841858,1.0,1.100000023841858,586426
2018-12-31,1.100000023841858,1.100000023841858,1.100000023841858,1.0,1.0,504545
2019-01-01,1.149999976158142,1.149999976158142,1.149999976158142,1.0499999523162842,1.0499999523162842,224519
2019-01-02,1.2000000476837158,1.2000000476837158,1.2000000476837158,1.149999976158142,1.2000000476837158,79695
2019-01-03,1.25,1.25,1.25,1.25,1.25,74942
2019-01-04,1.25,1.25,1.2999999523162842,1.2000000476837158,1.2999999523162842,525967
2019-01-07,1.2000000476837158,1.2000000476837158,1.2999999523162842,1.2000000476837158,1.2999999523162842,91335
2019-01-08,1.149999976158142,1.149999976158142,1.2000000476837158,1.149999976158142,1.149999976158142,87336
2019-01-09,1.100000023841858,1.100000023841858,1.100000023841858,1.100000023841858,1.100000023841858,85111
2019-01-10,1.0499999523162842,1.0499999523162842,1.100000023841858,1.0499999523162842,1.0499999523162842,170563
2019-01-11,1.100000023841858,1.100000023841858,1.100000023841858,1.0,1.0,306524
2019-01-14,1.100000023841858,1.100000023841858,1.100000023841858,1.0499999523162842,1.100000023841858,64394
2019-01-15,1.100000023841858,1.100000023841858,1.149999976158142,1.0499999523162842,1.100000023841858,249620
2019-01-16,1.100000023841858,1.100000023841858,1.149999976158142,1.0499999523162842,1.149999976158142,155193
2019-01-17,1.100000023841858,1.100000023841858,1.149999976158142,1.0499999523162842,1.0499999523162842,250372
2019-01-18,1.0499999523162842,1.0499999523162842,1.149999976158142,1.0499999523162842,1.149999976158142,348184
2019-01-21,1.0499999523162842,1.0499999523162842,1.100000023841858,1.0499999523162842,1.100000023841858,530140
2019-01-22,1.0,1.0,1.0499999523162842,1.0,1.0499999523162842,204289
2019-01-23,1.0499999523162842,1.0499999523162842,1.0499999523162842,1.0,1.0,188399
2019-01-24,1.0,1.0,1.0499999523162842,1.0,1.0499999523162842,367437
2019-01-25,0.949999988079071,0.949999988079071,1.0499999523162842,0.949999988079071,1.0499999523162842,173815
2019-01-28,0.949999988079071,0.949999988079071,1.0,0.8999999761581421,0.949999988079071,299015
2019-01-29,0.8999999761581421,0.8999999761581421,0.949999988079071,0.8999999761581421,0.8999999761581421,222610
2019-01-30,0.8500000238418579,0.8500000238418579,0.8999999761581421,0.8500000238418579,0.8999999761581421,196708
2019-01-31,0.8999999761581421,0.8999999761581421,0.8999999761581421,0.800000011920929,0.8999999761581421,89682
2019-02-01,0.8500000238418579,0.8500000238418579,0.8999999761581421,0.8500000238418579,0.8999999761581421,324287
2019-02-04,0.800000011920929,0.800000011920929,0.8500000238418579,0.800000011920929,0.800000011920929,143569
2019-02-05,0.75,0.75,0.800000011920929,0.75,0.75,345765
2019-02-06,0.699999988079071,0.699999988079071,0.75,0.699999988079071,0.75,134131
2019-02-07,0.75,0.75,0.75,0.699999988079071,0.75,353241
2019-02-08,0.800000011920929,0.800000011920929,0.800000011920929,0.75,0.75,83727
2019-02-11,0.8500000238418579,0.8500000238418579,0.8500000238418579,0.800000011920929,0.8500000238418579,137440
2019-02-12,0.8999999761581421,0.8999999761581421,0.8999999761581421,0.8500000238418579,0.8999999761581421,114497
2019-02-14,1.0,1.0,1.0,0.949999988079071,1.0,262050
2019-02-15,1.0499999523162842,1.0499999523162842,1.0499999523162842,1.0,1.0499999523162842,385764
2019-02-18,1.100000023841858,1.100000023841858,1.100000023841858,1.100000023841858,1.100000023841858,142887
2019-02-19,1.149999976158142,1.149999976158142,1.149999976158142,1.149999976158142,1.149999976158142,197233
2019-02-20,1.2000000476837158,1.2000000476837158,1.2000000476837158,1.100000023841858,1.2000000476837158,417638
2019-02-21,1.25,1.25,1.25,1.2000000476837158,1.25,402803
2019-02-22,1.2999999523162842,1.2999999523162842,1.2999999523162842,1.25,1.2999999523162842,193569
2019-02-25,1.350000023841858,1.350000023841858,1.350000023841858,1.350000023841858,1.350000023841858,258480
2019-02-26,1.399999976158142,1.399999976158142,1.399999976158142,1.399999976158142,1.399999976158142,72958
2019-02-27,1.4500000476837158,1.4500000476837158,1.4500000476837158,1.4500000476837158,1.4500000476837158,799011
2019-02-28,1.5,1.5,1.5,1.5,1.5,48899
2019-03-01,1.5499999523162842,1.5499999523162842,1.5499999523162842,1.5499999523162842,1.5499999523162842,51149
2019-03-05,1.600000023841858,1.600000023841858,1.600000023841858,1.600000023841858,1.600000023841858,93690
2019-03-06,1.649999976158142,1.649999976158142,1.649999976158142,1.649999976158142,1.649999976158142,310039
2019-03-07,1.7000000476837158,1.7000000476837158,1.7000000476837158,1.7000000476837158,1.7000000476837158,179928
2019-03-08,1.75,1.75,1.75,1.75,1.75,40127
2019-03-11,1.7999999523162842,1.7999999523162842,1.7999999523162842,1.7999999523162842,1.7999999523162842,11964
2019-03-12,1.850000023841858,1.850000023841858,1.850000023841858,1.850000023841858,1.850000023841858,212210
2019-03-13,1.899999976158142,1.899999976158142,1.899999976158142,1.899999976158142,1.899999976158142,29432
2019-03-14,1.950000047683716,1.950000047683716,1.950000047683716,1.950000047683716,1.950000047683716,9517
2019-03-15,2.0,2.0,2.0,2.0,2.0,63531
2019-03-18,2.0999999046325684,2.0999999046325684,2.0999999046325684,2.0999999046325684,2.0999999046325684,28443
2019-03-19,2.0,2.0,2.200000047683716,2.0,2.200000047683716,883217
2019-03-20,1.899999976158142,1.899999976158142,1.899999976158142,1.899999976158142,1.899999976158142,24090
2019-03-22,1.850000023841858,1.850000023841858,1.850000023841858,1.850000023841858,1.850000023841858,24126
2019-03-25,1.7999999523162842,1.7999999523162842,1.7999999523162842,1.7999999523162842,1.7999999523162842,36502
2019-03-26,1.75,1.75,1.75,1.75,1.75,112071
2019-03-27,1.7000000476837158,1.7000000476837158,1.7000000476837158,1.7000000476837158,1.7000000476837158,73560
2019-03-28,1.649999976158142,1.649999976158142,1.649999976158142,1.649999976158142,1.649999976158142,85857
2019-04-01,1.5499999523162842,1.5499999523162842,1.5499999523162842,1.5499999523162842,1.5499999523162842,139517
2019-04-02,1.600000023841858,1.600000023841858,1.600000023841858,1.5,1.5,580032
2019-04-03,1.649999976158142,1.649999976158142,1.649999976158142,1.649999976158142,1.649999976158142,55610
2019-04-04,1.7000000476837158,1.7000000476837158,1.7000000476837158,1.7000000476837158,1.7000000476837158,66090
2019-04-05,1.75,1.75,1.75,1.75,1.75,27951
2019-04-08,1.7999999523162842,1.7999999523162842,1.7999999523162842,1.7999999523162842,1.7999999523162842,197656
2019-04-09,1.75,1.75,1.850000023841858,1.75,1.850000023841858,65043
2019-04-10,1.7000000476837158,1.7000000476837158,1.7000000476837158,1.7000000476837158,1.7000000476837158,17382
2019-04-11,1.649999976158142,1.649999976158142,1.649999976158142,1.649999976158142,1.649999976158142,9771
2019-04-12,1.600000023841858,1.600000023841858,1.649999976158142,1.600000023841858,1.600000023841858,118381
2019-04-15,1.649999976158142,1.649999976158142,1.649999976158142,1.5499999523162842,1.649999976158142,221939
2019-04-16,1.600000023841858,1.600000023841858,1.7000000476837158,1.600000023841858,1.7000000476837158,113842
2019-04-18,1.649999976158142,1.649999976158142,1.649999976158142,1.5499999523162842,1.600000023841858,53359
2019-04-22,1.600000023841858,1.600000023841858,1.649999976158142,1.600000023841858,1.649999976158142,13257
2019-04-23,1.5499999523162842,1.5499999523162842,1.600000023841858,1.5499999523162842,1.5499999523162842,25650
2019-04-24,1.5499999523162842,1.5499999523162842,1.5499999523162842,1.5,1.5499999523162842,45279
2019-04-25,1.5,1.5,1.5499999523162842,1.5,1.5499999523162842,39228
2019-04-26,1.4500000476837158,1.4500000476837158,1.5,1.4500000476837158,1.5,22611
2019-04-30,1.5,1.5,1.5,1.399999976158142,1.399999976158142,103507
2019-05-02,1.4500000476837158,1.4500000476837158,1.5,1.4500000476837158,1.5,21351
2019-05-03,1.399999976158142,1.399999976158142,1.399999976158142,1.399999976158142,1.399999976158142,24271
2019-05-06,1.350000023841858,1.350000023841858,1.4500000476837158,1.350000023841858,1.350000023841858,38142
2019-05-07,1.2999999523162842,1.2999999523162842,1.399999976158142,1.2999999523162842,1.2999999523162842,48021
2019-05-08,1.25,1.25,1.350000023841858,1.25,1.25,30336
2019-05-09,1.2000000476837158,1.2000000476837158,1.25,1.2000000476837158,1.25,41089
2019-05-10,1.149999976158142,1.149999976158142,1.25,1.149999976158142,1.149999976158142,25022
2019-05-13,1.149999976158142,1.149999976158142,1.2000000476837158,1.100000023841858,1.149999976158142,84963
2019-05-14,1.149999976158142,1.149999976158142,1.2000000476837158,1.100000023841858,1.149999976158142,32134
2019-05-15,1.100000023841858,1.100000023841858,1.2000000476837158,1.100000023841858,1.2000000476837158,221691
2019-05-16,1.149999976158142,1.149999976158142,1.149999976158142,1.100000023841858,1.100000023841858,677278
2019-05-17,1.149999976158142,1.149999976158142,1.2000000476837158,1.100000023841858,1.149999976158142,51406
2019-05-20,1.149999976158142,1.149999976158142,1.2000000476837158,1.149999976158142,1.149999976158142,81892
2019-05-21,1.2000000476837158,1.2000000476837158,1.2000000476837158,1.149999976158142,1.149999976158142,57503
2019-05-22,1.25,1.25,1.25,1.149999976158142,1.25,58408
2019-05-23,1.2999999523162842,1.2999999523162842,1.2999999523162842,1.2000000476837158,1.25,47167
2019-05-24,1.2999999523162842,1.2999999523162842,1.350000023841858,1.25,1.2999999523162842,70330
2019-05-27,1.350000023841858,1.350000023841858,1.350000023841858,1.2999999523162842,1.350000023841858,31210
2019-05-28,1.399999976158142,1.399999976158142,1.399999976158142,1.350000023841858,1.399999976158142,61936
2019-05-29,1.399999976158142,1.399999976158142,1.4500000476837158,1.399999976158142,1.4500000476837158,59004
2019-05-30,1.4500000476837158,1.4500000476837158,1.4500000476837158,1.350000023841858,1.4500000476837158,157539
2019-05-31,1.399999976158142,1.399999976158142,1.399999976158142,1.399999976158142,1.399999976158142,3811
2019-06-03,1.350000023841858,1.350000023841858,1.399999976158142,1.350000023841858,1.399999976158142,20073
2019-06-04,1.2999999523162842,1.2999999523162842,1.350000023841858,1.2999999523162842,1.350000023841858,29609
2019-06-06,1.25,1.25,1.25,1.25,1.25,19986
2019-06-07,1.2000000476837158,1.2000000476837158,1.2000000476837158,1.2000000476837158,1.2000000476837158,14142
2019-06-10,1.149999976158142,1.149999976158142,1.2000000476837158,1.149999976158142,1.149999976158142,66888
2019-06-11,1.100000023841858,1.100000023841858,1.2000000476837158,1.100000023841858,1.100000023841858,65630
2019-06-12,1.0499999523162842,1.0499999523162842,1.100000023841858,1.0499999523162842,1.0499999523162842,68272
2019-06-13,1.0,1.0,1.0,1.0,1.0,72931
2019-06-14,0.949999988079071,0.949999988079071,0.949999988079071,0.949999988079071,0.949999988079071,61404
2019-06-17,1.0,1.0,1.0,0.8999999761581421,0.8999999761581421,95832
2019-06-18,1.0499999523162842,1.0499999523162842,1.0499999523162842,0.949999988079071,1.0499999523162842,47514
2019-06-19,1.0,1.0,1.100000023841858,1.0,1.0,81968
2019-06-20,0.949999988079071,0.949999988079071,1.0499999523162842,0.949999988079071,1.0,113547
2019-06-21,0.949999988079071,0.949999988079071,1.0,0.8999999761581421,0.8999999761581421,111643
2019-06-24,0.8999999761581421,0.8999999761581421,1.0,0.8999999761581421,0.8999999761581421,202394
2019-06-25,0.8999999761581421,0.8999999761581421,0.949999988079071,0.8500000238418579,0.949999988079071,56624
2019-06-26,0.8999999761581421,0.8999999761581421,0.949999988079071,0.8999999761581421,0.8999999761581421,34208
2019-06-27,0.8999999761581421,0.8999999761581421,0.949999988079071,0.8500000238418579,0.949999988079071,171124
2019-06-28,0.8500000238418579,0.8500000238418579,0.949999988079071,0.8500000238418579,0.8999999761581421,172271
2019-07-01,0.800000011920929,0.800000011920929,0.8500000238418579,0.800000011920929,0.8500000238418579,119727
2019-07-02,0.8500000238418579,0.8500000238418579,0.8500000238418579,0.800000011920929,0.8500000238418579,31913
2019-07-03,0.8999999761581421,0.8999999761581421,0.8999999761581421,0.8500000238418579,0.8999999761581421,115148
2019-07-04,0.8999999761581421,0.8999999761581421,0.949999988079071,0.8999999761581421,0.949999988079071,192291
2019-07-05,0.949999988079071,0.949999988079071,0.949999988079071,0.8999999761581421,0.949999988079071,116316
2019-07-08,0.8999999761581421,0.8999999761581421,1.0,0.8999999761581421,1.0,103059
2019-07-09,0.8999999761581421,0.8999999761581421,0.949999988079071,0.8500000238418579,0.949999988079071,43397
2019-07-10,0.8500000238418579,0.8500000238418579,0.949999988079071,0.8500000238418579,0.8500000238418579,210469
2019-07-11,0.8500000238418579,0.8500000238418579,0.8999999761581421,0.800000011920929,0.8500000238418579,166137
2019-07-12,0.800000011920929,0.800000011920929,0.8999999761581421,0.800000011920929,0.800000011920929,87970
2019-07-15,0.75,0.75,0.8500000238418579,0.75,0.8500000238418579,56306
2019-07-16,0.699999988079071,0.699999988079071,0.800000011920929,0.699999988079071,0.800000011920929,302876
2019-07-17,0.75,0.75,0.75,0.75,0.75,83359
2019-07-18,0.800000011920929,0.800000011920929,0.800000011920929,0.75,0.800000011920929,153972
2019-07-19,0.75,0.75,0.800000011920929,0.75,0.800000011920929,175366
2019-07-22,0.699999988079071,0.699999988079071,0.800000011920929,0.699999988079071,0.699999988079071,73681
2019-07-23,0.75,0.75,0.75,0.6499999761581421,0.75,117082
2019-07-24,0.699999988079071,0.699999988079071,0.75,0.699999988079071,0.75,189976
2019-07-25,0.75,0.75,0.75,0.699999988079071,0.75,52427
2019-07-26,0.75,0.75,0.75,0.699999988079071,0.699999988079071,99335
2019-07-29,0.699999988079071,0.699999988079071,0.75,0.699999988079071,0.75,24091
2019-07-30,0.6499999761581421,0.6499999761581421,0.75,0.6499999761581421,0.699999988079071,183502
2019-07-31,0.6499999761581421,0.6499999761581421,0.699999988079071,0.6000000238418579,0.6499999761581421,70874
2019-08-01,0.699999988079071,0.699999988079071,0.699999988079071,0.6499999761581421,0.699999988079071,8401
2019-08-02,0.699999988079071,0.699999988079071,0.699999988079071,0.6499999761581421,0.6499999761581421,12318
2019-08-05,0.699999988079071,0.699999988079071,0.699999988079071,0.6499999761581421,0.699999988079071,62065
2019-08-06,0.699999988079071,0.699999988079071,0.75,0.6499999761581421,0.699999988079071,122360
2019-08-07,0.699999988079071,0.699999988079071,0.75,0.699999988079071,0.75,10473
2019-08-08,0.699999988079071,0.699999988079071,0.75,0.699999988079071,0.75,24157
2019-08-09,0.75,0.75,0.75,0.75,0.75,25056
2019-08-13,0.699999988079071,0.699999988079071,0.800000011920929,0.699999988079071,0.800000011920929,124971
2019-08-14,0.699999988079071,0.699999988079071,0.75,0.699999988079071,0.75,11701
2019-08-16,0.699999988079071,0.699999988079071,0.75,0.699999988079071,0.75,13898
2019-08-19,0.699999988079071,0.699999988079071,0.75,0.699999988079071,0.699999988079071,10346
2019-08-20,0.699999988079071,0.699999988079071,0.75,0.699999988079071,0.699999988079071,42232
2019-08-21,0.699999988079071,0.699999988079071,0.75,0.6499999761581421,0.75,33953
2019-08-22,0.6499999761581421,0.6499999761581421,0.75,0.6499999761581421,0.6499999761581421,26320
2019-08-23,0.699999988079071,0.699999988079071,0.699999988079071,0.6000000238418579,0.6499999761581421,23266
2019-08-26,0.699999988079071,0.699999988079071,0.75,0.6499999761581421,0.699999988079071,29561
2019-08-27,0.75,0.75,0.75,0.699999988079071,0.75,40821
2019-08-28,0.699999988079071,0.699999988079071,0.75,0.699999988079071,0.699999988079071,20878
2019-08-29,0.699999988079071,0.699999988079071,0.75,0.6499999761581421,0.75,15176
2019-08-30,0.6499999761581421,0.6499999761581421,0.699999988079071,0.6499999761581421,0.6499999761581421,22262
2019-09-03,0.699999988079071,0.699999988079071,0.699999988079071,0.6499999761581421,0.699999988079071,49328
2019-09-04,0.699999988079071,0.699999988079071,0.699999988079071,0.6499999761581421,0.6499999761581421,38791
2019-09-05,0.699999988079071,0.699999988079071,0.699999988079071,0.6499999761581421,0.6499999761581421,19289
2019-09-06,0.699999988079071,0.699999988079071,0.75,0.6499999761581421,0.699999988079071,27705
2019-09-09,0.699999988079071,0.699999988079071,0.699999988079071,0.6499999761581421,0.6499999761581421,9859
2019-09-11,0.699999988079071,0.699999988079071,0.75,0.6499999761581421,0.6499999761581421,28367
2019-09-12,0.75,0.75,0.75,0.699999988079071,0.75,132496
2019-09-13,0.800000011920929,0.800000011920929,0.800000011920929,0.699999988079071,0.800000011920929,159667
2019-09-16,0.75,0.75,0.8500000238418579,0.75,0.8500000238418579,115679
2019-09-17,0.800000011920929,0.800000011920929,0.800000011920929,0.699999988079071,0.75,57398
2019-09-18,0.75,0.75,0.800000011920929,0.75,0.75,71034
2019-09-19,0.75,0.75,0.800000011920929,0.699999988079071,0.75,25323
2019-09-20,0.75,0.75,0.800000011920929,0.699999988079071,0.75,48446
2019-09-23,0.800000011920929,0.800000011920929,0.800000011920929,0.699999988079071,0.800000011920929,209257
2019-09-24,0.800000011920929,0.800000011920929,0.8500000238418579,0.75,0.75,84856
2019-09-25,0.800000011920929,0.800000011920929,0.8500000238418579,0.75,0.800000011920929,19045
2019-09-26,0.75,0.75,0.8500000238418579,0.75,0.8500000238418579,50175
2019-09-27,0.800000011920929,0.800000011920929,0.800000011920929,0.699999988079071,0.75,156572
2019-09-30,0.800000011920929,0.800000011920929,0.800000011920929,0.75,0.75,10377
2019-10-01,0.75,0.75,0.800000011920929,0.75,0.75,26147
2019-10-03,0.800000011920929,0.800000011920929,0.800000011920929,0.699999988079071,0.699999988079071,81605
2019-10-04,0.75,0.75,0.75,0.75,0.75,4189
2019-10-07,0.699999988079071,0.699999988079071,0.75,0.699999988079071,0.75,17832
2019-10-09,0.699999988079071,0.699999988079071,0.75,0.6499999761581421,0.6499999761581421,78510
2019-10-10,0.699999988079071,0.699999988079071,0.699999988079071,0.6499999761581421,0.699999988079071,85285
2019-10-11,0.75,0.75,0.75,0.6499999761581421,0.75,76755
2019-10-14,0.75,0.75,0.75,0.699999988079071,0.75,35501
2019-10-15,0.75,0.75,0.75,0.699999988079071,0.75,57615
2019-10-16,0.699999988079071,0.699999988079071,0.75,0.699999988079071,0.75,43292
2019-10-17,0.699999988079071,0.699999988079071,0.699999988079071,0.6499999761581421,0.6499999761581421,46386
2019-10-18,0.699999988079071,0.699999988079071,0.699999988079071,0.6499999761581421,0.6499999761581421,27456
2019-10-22,0.6499999761581421,0.6499999761581421,0.699999988079071,0.6499999761581421,0.6499999761581421,114862
2019-10-23,0.699999988079071,0.699999988079071,0.699999988079071,0.6000000238418579,0.6499999761581421,52420
2019-10-24,0.6499999761581421,0.6499999761581421,0.699999988079071,0.6499999761581421,0.6499999761581421,21388
2019-10-25,0.6499999761581421,0.6499999761581421,0.6499999761581421,0.6000000238418579,0.6499999761581421,30062
2019-10-27,0.699999988079071,0.699999988079071,0.699999988079071,0.6000000238418579,0.6499999761581421,26387
2019-10-29,0.6499999761581421,0.6499999761581421,0.699999988079071,0.6499999761581421,0.699999988079071,23524
2019-10-30,0.6499999761581421,0.6499999761581421,0.699999988079071,0.6000000238418579,0.6000000238418579,39915
2019-10-31,0.6499999761581421,0.6499999761581421,0.699999988079071,0.6000000238418579,0.699999988079071,58442
2019-11-01,0.6499999761581421,0.6499999761581421,0.699999988079071,0.6000000238418579,0.699999988079071,32836
2019-11-04,0.699999988079071,0.699999988079071,0.699999988079071,0.6000000238418579,0.699999988079071,39734
2019-11-05,0.699999988079071,0.699999988079071,0.699999988079071,0.6499999761581421,0.6499999761581421,132757
2019-11-06,0.6499999761581421,0.6499999761581421,0.699999988079071,0.6499999761581421,0.699999988079071,31854
2019-11-07,0.699999988079071,0.699999988079071,0.699999988079071,0.6499999761581421,0.699999988079071,71324
2019-11-08,0.699999988079071,0.699999988079071,0.699999988079071,0.6499999761581421,0.6499999761581421,20606
2019-11-11,0.699999988079071,0.699999988079071,0.699999988079071,0.6499999761581421,0.699999988079071,47630
2019-11-13,0.699999988079071,0.699999988079071,0.699999988079071,0.6499999761581421,0.6499999761581421,64743
2019-11-14,0.6499999761581421,0.6499999761581421,0.699999988079071,0.6499999761581421,0.6499999761581421,46261
2019-11-15,0.6499999761581421,0.6499999761581421,0.699999988079071,0.6000000238418579,0.6499999761581421,94167
2019-11-18,0.699999988079071,0.699999988079071,0.699999988079071,0.6000000238418579,0.699999988079071,117345
2019-11-19,0.6499999761581421,0.6499999761581421,0.699999988079071,0.6499999761581421,0.6499999761581421,45754
2019-11-20,0.6499999761581421,0.6499999761581421,0.699999988079071,0.6000000238418579,0.699999988079071,113864
2019-11-21,0.6000000238418579,0.6000000238418579,0.6499999761581421,0.6000000238418579,0.6499999761581421,1362378
2019-11-22,0.550000011920929,0.550000011920929,0.6499999761581421,0.550000011920929,0.6499999761581421,751545
2019-11-25,0.5,0.5,0.6000000238418579,0.5,0.6000000238418579,1312805
2019-11-26,0.449999988079071,0.449999988079071,0.550000011920929,0.449999988079071,0.550000011920929,1529155
2019-11-27,0.449999988079071,0.449999988079071,0.5,0.4000000059604645,0.449999988079071,2436283
2019-11-28,0.449999988079071,0.449999988079071,0.449999988079071,0.4000000059604645,0.449999988079071,3996490
2019-11-29,0.4000000059604645,0.4000000059604645,0.449999988079071,0.4000000059604645,0.449999988079071,3306921
2019-12-02,0.4000000059604645,0.4000000059604645,0.449999988079071,0.3499999940395355,0.4000000059604645,1037123
2019-12-03,0.449999988079071,0.449999988079071,0.449999988079071,0.3499999940395355,0.449999988079071,1874501
2019-12-04,0.4000000059604645,0.4000000059604645,0.449999988079071,0.4000000059604645,0.449999988079071,413988
2019-12-05,0.449999988079071,0.449999988079071,0.449999988079071,0.4000000059604645,0.449999988079071,215174
2019-12-06,0.4000000059604645,0.4000000059604645,0.449999988079071,0.4000000059604645,0.449999988079071,390646
2019-12-09,0.449999988079071,0.449999988079071,0.449999988079071,0.3499999940395355,0.4000000059604645,279582
2019-12-10,0.4000000059604645,0.4000000059604645,0.449999988079071,0.4000000059604645,0.449999988079071,882811
2019-12-11,0.4000000059604645,0.4000000059604645,0.4000000059604645,0.3499999940395355,0.4000000059604645,199152
2019-12-12,0.4000000059604645,0.4000000059604645,0.4000000059604645,0.3499999940395355,0.3499999940395355,210805
2019-12-13,0.4000000059604645,0.4000000059604645,0.4000000059604645,0.3499999940395355,0.4000000059604645,258888
2019-12-16,0.4000000059604645,0.4000000059604645,0.4000000059604645,0.3499999940395355,0.3499999940395355,223325
2019-12-17,0.4000000059604645,0.4000000059604645,0.4000000059604645,0.3499999940395355,0.4000000059604645,35792
2019-12-18,0.4000000059604645,0.4000000059604645,0.4000000059604645,0.3499999940395355,0.4000000059604645,262183
2019-12-19,0.3499999940395355,0.3499999940395355,0.4000000059604645,0.3499999940395355,0.3499999940395355,152724
2019-12-20,0.4000000059604645,0.4000000059604645,0.4000000059604645,0.3499999940395355,0.3499999940395355,250353
2019-12-23,0.4000000059604645,0.4000000059604645,0.4000000059604645,0.3499999940395355,0.3499999940395355,308839
2019-12-24,0.3499999940395355,0.3499999940395355,0.4000000059604645,0.3499999940395355,0.4000000059604645,529156
2019-12-26,0.4000000059604645,0.4000000059604645,0.4000000059604645,0.3499999940395355,0.3499999940395355,513813
2019-12-27,0.4000000059604645,0.4000000059604645,0.4000000059604645,0.3499999940395355,0.4000000059604645,408210
2019-12-30,0.4000000059604645,0.4000000059604645,0.4000000059604645,0.3499999940395355,0.4000000059604645,254764
2019-12-31,0.449999988079071,0.449999988079071,0.449999988079071,0.3499999940395355,0.3499999940395355,384146
2020-01-01,0.4000000059604645,0.4000000059604645,0.449999988079071,0.4000000059604645,0.449999988079071,768383
2020-01-02,0.449999988079071,0.449999988079071,0.449999988079071,0.3499999940395355,0.4000000059604645,304216
2020-01-03,0.449999988079071,0.449999988079071,0.449999988079071,0.4000000059604645,0.449999988079071,113789
2020-01-06,0.4000000059604645,0.4000000059604645,0.449999988079071,0.4000000059604645,0.4000000059604645,253915
2020-01-07,0.4000000059604645,0.4000000059604645,0.449999988079071,0.3499999940395355,0.4000000059604645,361254
2020-01-08,0.4000000059604645,0.4000000059604645,0.449999988079071,0.3499999940395355,0.4000000059604645,184479
2020-01-09,0.4000000059604645,0.4000000059604645,0.449999988079071,0.3499999940395355,0.3499999940395355,253933
2020-01-10,0.3499999940395355,0.3499999940395355,0.4000000059604645,0.3499999940395355,0.3499999940395355,39486
2020-01-13,0.4000000059604645,0.4000000059604645,0.4000000059604645,0.3499999940395355,0.4000000059604645,249142
2020-01-14,0.4000000059604645,0.4000000059604645,0.449999988079071,0.4000000059604645,0.449999988079071,337069
2020-01-15,0.4000000059604645,0.4000000059604645,0.449999988079071,0.3499999940395355,0.449999988079071,89859
2020-01-16,0.4000000059604645,0.4000000059604645,0.449999988079071,0.3499999940395355,0.4000000059604645,151246
2020-01-17,0.4000000059604645,0.4000000059604645,0.449999988079071,0.3499999940395355,0.449999988079071,208963
2020-01-20,0.449999988079071,0.449999988079071,0.449999988079071,0.3499999940395355,0.4000000059604645,215923
2020-01-21,0.449999988079071,0.449999988079071,0.449999988079071,0.4000000059604645,0.449999988079071,340231
2020-01-22,0.4000000059604645,0.4000000059604645,0.449999988079071,0.4000000059604645,0.449999988079071,303620
2020-01-23,0.4000000059604645,0.4000000059604645,0.449999988079071,0.4000000059604645,0.449999988079071,148482
2020-01-24,0.449999988079071,0.449999988079071,0.449999988079071,0.4000000059604645,0.449999988079071,150219
2020-01-27,0.4000000059604645,0.4000000059604645,0.449999988079071,0.4000000059604645,0.449999988079071,318347
2020-01-28,0.4000000059604645,0.4000000059604645,0.449999988079071,0.4000000059604645,0.449999988079071,247209
2020-01-29,0.4000000059604645,0.4000000059604645,0.449999988079071,0.3499999940395355,0.449999988079071,186684
2020-01-30,0.4000000059604645,0.4000000059604645,0.449999988079071,0.4000000059604645,0.4000000059604645,62678
2020-01-31,0.4000000059604645,0.4000000059604645,0.449999988079071,0.3499999940395355,0.4000000059604645,146995
2020-02-03,0.4000000059604645,0.4000000059604645,0.449999988079071,0.4000000059604645,0.449999988079071,130610
2020-02-04,0.4000000059604645,0.4000000059604645,0.449999988079071,0.3499999940395355,0.4000000059604645,112279
2020-02-05,0.3499999940395355,0.3499999940395355,0.449999988079071,0.3499999940395355,0.4000000059604645,130661
2020-02-06,0.3499999940395355,0.3499999940395355,0.4000000059604645,0.3000000119209289,0.3499999940395355,136204
2020-02-07,0.4000000059604645,0.4000000059604645,0.4000000059604645,0.3000000119209289,0.3000000119209289,76568
2020-02-10,0.4000000059604645,0.4000000059604645,0.4000000059604645,0.3499999940395355,0.4000000059604645,143323
2020-02-11,0.3499999940395355,0.3499999940395355,0.4000000059604645,0.3499999940395355,0.3499999940395355,80953
2020-02-12,0.4000000059604645,0.4000000059604645,0.4000000059604645,0.3499999940395355,0.4000000059604645,51824
2020-02-13,0.4000000059604645,0.4000000059604645,0.4000000059604645,0.3499999940395355,0.3499999940395355,126031
2020-02-14,0.3499999940395355,0.3499999940395355,0.4000000059604645,0.3499999940395355,0.3499999940395355,96406
2020-02-17,0.4000000059604645,0.4000000059604645,0.4000000059604645,0.3000000119209289,0.4000000059604645,90016
2020-02-18,0.3499999940395355,0.3499999940395355,0.4000000059604645,0.3499999940395355,0.4000000059604645,138947
2020-02-19,0.3000000119209289,0.3000000119209289,0.4000000059604645,0.3000000119209289,0.3499999940395355,150753
2020-02-20,0.3000000119209289,0.3000000119209289,0.3499999940395355,0.3000000119209289,0.3000000119209289,102431
2020-02-24,0.3499999940395355,0.3499999940395355,0.3499999940395355,0.3000000119209289,0.3499999940395355,388313
2020-02-25,0.3000000119209289,0.3000000119209289,0.3499999940395355,0.3000000119209289,0.3499999940395355,118231
2020-02-26,0.3499999940395355,0.3499999940395355,0.3499999940395355,0.3000000119209289,0.3000000119209289,353860
2020-02-27,0.3499999940395355,0.3499999940395355,0.4000000059604645,0.3000000119209289,0.3499999940395355,139506
2020-02-28,0.4000000059604645,0.4000000059604645,0.4000000059604645,0.3000000119209289,0.3499999940395355,50811
2020-03-02,0.4000000059604645,0.4000000059604645,0.4000000059604645,0.3499999940395355,0.4000000059604645,84094
2020-03-03,0.4000000059604645,0.4000000059604645,0.4000000059604645,0.3499999940395355,0.4000000059604645,91596
2020-03-04,0.4000000059604645,0.4000000059604645,0.4000000059604645,0.3499999940395355,0.3499999940395355,392958
2020-03-05,0.449999988079071,0.449999988079071,0.449999988079071,0.4000000059604645,0.4000000059604645,295306
2020-03-06,0.4000000059604645,0.4000000059604645,0.449999988079071,0.4000000059604645,0.449999988079071,222898
2020-03-09,0.4000000059604645,0.4000000059604645,0.4000000059604645,0.3499999940395355,0.3499999940395355,123337
2020-03-11,0.4000000059604645,0.4000000059604645,0.4000000059604645,0.3499999940395355,0.4000000059604645,328737
2020-03-12,0.4000000059604645,0.4000000059604645,0.4000000059604645,0.3499999940395355,0.3499999940395355,179127
2020-03-13,0.3499999940395355,0.3499999940395355,0.4000000059604645,0.3499999940395355,0.3499999940395355,241562
2020-03-16,0.3499999940395355,0.3499999940395355,0.4000000059604645,0.3000000119209289,0.3000000119209289,357429
2020-03-17,0.4000000059604645,0.4000000059604645,0.4000000059604645,0.3000000119209289,0.3499999940395355,372383
2020-03-18,0.3499999940395355,0.3499999940395355,0.4000000059604645,0.3499999940395355,0.3499999940395355,166889
2020-03-19,0.4000000059604645,0.4000000059604645,0.4000000059604645,0.3000000119209289,0.3000000119209289,72237
2020-03-20,0.3499999940395355,0.3499999940395355,0.4000000059604645,0.3499999940395355,0.4000000059604645,103476
2020-03-23,0.3499999940395355,0.3499999940395355,0.4000000059604645,0.3000000119209289,0.4000000059604645,327312
2020-03-24,0.3499999940395355,0.3499999940395355,0.4000000059604645,0.3000000119209289,0.3000000119209289,207125
2020-03-25,0.3499999940395355,0.3499999940395355,0.3499999940395355,0.3000000119209289,0.3499999940395355,630025
2020-03-26,0.3499999940395355,0.3499999940395355,0.4000000059604645,0.3000000119209289,0.3499999940395355,145686
2020-03-27,0.4000000059604645,0.4000000059604645,0.4000000059604645,0.3000000119209289,0.3499999940395355,73278
2020-03-30,0.4000000059604645,0.4000000059604645,0.4000000059604645,0.3499999940395355,0.4000000059604645,314926
2020-03-31,0.3499999940395355,0.3499999940395355,0.4000000059604645,0.3499999940395355,0.3499999940395355,188157
2020-04-01,0.4000000059604645,0.4000000059604645,0.4000000059604645,0.3499999940395355,0.3499999940395355,91233
2020-04-03,0.3499999940395355,0.3499999940395355,0.4000000059604645,0.3499999940395355,0.4000000059604645,59032
2020-04-07,0.3499999940395355,0.3499999940395355,0.4000000059604645,0.3499999940395355,0.3499999940395355,81801
2020-04-08,0.3499999940395355,0.3499999940395355,0.4000000059604645,0.3000000119209289,0.3000000119209289,86159
2020-04-09,0.3499999940395355,0.3499999940395355,0.4000000059604645,0.3499999940395355,0.3499999940395355,241965
2020-04-13,0.4000000059604645,0.4000000059604645,0.4000000059604645,0.3499999940395355,0.4000000059604645,280807
2020-04-15,0.3499999940395355,0.3499999940395355,0.4000000059604645,0.3499999940395355,0.3499999940395355,20307
2020-04-16,0.3499999940395355,0.3499999940395355,0.3499999940395355,0.3499999940395355,0.3499999940395355,100252
2020-04-17,0.4000000059604645,0.4000000059604645,0.4000000059604645,0.3499999940395355,0.4000000059604645,192311
2020-04-20,0.4000000059604645,0.4000000059604645,0.4000000059604645,0.4000000059604645,0.4000000059604645,20763
2020-04-21,0.4000000059604645,0.4000000059604645,0.4000000059604645,0.4000000059604645,0.4000000059604645,8617
2020-04-22,0.3499999940395355,0.3499999940395355,0.4000000059604645,0.3499999940395355,0.3499999940395355,72835
2020-04-23,0.4000000059604645,0.4000000059604645,0.4000000059604645,0.4000000059604645,0.4000000059604645,25611
2020-04-24,0.4000000059604645,0.4000000059604645,0.4000000059604645,0.3499999940395355,0.4000000059604645,31509
2020-04-27,0.4000000059604645,0.4000000059604645,0.4000000059604645,0.3499999940395355,0.4000000059604645,85416
2020-04-28,0.4000000059604645,0.4000000059604645,0.4000000059604645,0.3499999940395355,0.4000000059604645,4402
2020-04-29,0.4000000059604645,0.4000000059604645,0.4000000059604645,0.3499999940395355,0.4000000059604645,201708
2020-04-30,0.4000000059604645,0.4000000059604645,0.4000000059604645,0.3499999940395355,0.4000000059604645,68445
2020-05-04,0.3499999940395355,0.3499999940395355,0.4000000059604645,0.3499999940395355,0.3499999940395355,50002
2020-05-05,0.3499999940395355,0.3499999940395355,0.4000000059604645,0.3499999940395355,0.3499999940395355,28373
2020-05-06,0.4000000059604645,0.4000000059604645,0.4000000059604645,0.3499999940395355,0.4000000059604645,5701
2020-05-07,0.3499999940395355,0.3499999940395355,0.4000000059604645,0.3499999940395355,0.3499999940395355,36039
2020-05-08,0.3499999940395355,0.3499999940395355,0.4000000059604645,0.3499999940395355,0.3499999940395355,35216
2020-05-11,0.3499999940395355,0.3499999940395355,0.3499999940395355,0.3499999940395355,0.3499999940395355,113749
2020-05-12,0.4000000059604645,0.4000000059604645,0.4000000059604645,0.3499999940395355,0.4000000059604645,12814
2020-05-13,0.3499999940395355,0.3499999940395355,0.4000000059604645,0.3499999940395355,0.3499999940395355,169915
2020-05-14,0.3499999940395355,0.3499999940395355,0.3499999940395355,0.3499999940395355,0.3499999940395355,378431
2020-05-15,0.3499999940395355,0.3499999940395355,0.3499999940395355,0.3000000119209289,0.3499999940395355,97810
2020-05-18,0.3000000119209289,0.3000000119209289,0.3499999940395355,0.3000000119209289,0.3000000119209289,95183
2020-05-19,0.3499999940395355,0.3499999940395355,0.3499999940395355,0.3000000119209289,0.3499999940395355,119600
2020-05-20,0.3499999940395355,0.3499999940395355,0.3499999940395355,0.3499999940395355,0.3499999940395355,57575
2020-05-21,0.3499999940395355,0.3499999940395355,0.3499999940395355,0.3499999940395355,0.3499999940395355,500
2020-05-22,0.3499999940395355,0.3499999940395355,0.4000000059604645,0.3499999940395355,0.3499999940395355,58028
2020-05-26,0.4000000059604645,0.4000000059604645,0.4000000059604645,0.3499999940395355,0.4000000059604645,123323
2020-05-27,0.4000000059604645,0.4000000059604645,0.4000000059604645,0.3499999940395355,0.4000000059604645,9501
2020-05-28,0.3499999940395355,0.3499999940395355,0.4000000059604645,0.3499999940395355,0.3499999940395355,9200
2020-05-29,0.4000000059604645,0.4000000059604645,0.4000000059604645,0.3499999940395355,0.4000000059604645,31261
2020-06-01,0.3499999940395355,0.3499999940395355,0.4000000059604645,0.3499999940395355,0.3499999940395355,27987
2020-06-02,0.4000000059604645,0.4000000059604645,0.4000000059604645,0.3499999940395355,0.4000000059604645,40050
2020-06-03,0.3499999940395355,0.3499999940395355,0.4000000059604645,0.3499999940395355,0.3499999940395355,1
2020-06-04,0.4000000059604645,0.4000000059604645,0.4000000059604645,0.3499999940395355,0.4000000059604645,61510
2020-06-05,0.4000000059604645,0.4000000059604645,0.4000000059604645,0.3499999940395355,0.4000000059604645,166271
2020-06-08,0.4000000059604645,0.4000000059604645,0.4000000059604645,0.4000000059604645,0.4000000059604645,77430
2020-06-09,0.4000000059604645,0.4000000059604645,0.4000000059604645,0.4000000059604645,0.4000000059604645,38235
2020-06-10,0.4000000059604645,0.4000000059604645,0.4000000059604645,0.3499999940395355,0.4000000059604645,306915
2020-06-11,0.3499999940395355,0.3499999940395355,0.4000000059604645,0.3499999940395355,0.3499999940395355,163310
2020-06-12,0.4000000059604645,0.4000000059604645,0.4000000059604645,0.3499999940395355,0.4000000059604645,306328
2020-06-15,0.449999988079071,0.449999988079071,0.449999988079071,0.449999988079071,0.449999988079071,188905
2020-06-16,0.5,0.5,0.5,0.5,0.5,93932
2020-06-17,0.550000011920929,0.550000011920929,0.550000011920929,0.550000011920929,0.550000011920929,83066
2020-06-18,0.6000000238418579,0.6000000238418579,0.6000000238418579,0.6000000238418579,0.6000000238418579,21502
2020-06-19,0.6499999761581421,0.6499999761581421,0.6499999761581421,0.6499999761581421,0.6499999761581421,11028
2020-06-22,0.6499999761581421,0.6499999761581421,0.6499999761581421,0.6499999761581421,0.6499999761581421,0
2020-06-23,0.6499999761581421,0.6499999761581421,0.6499999761581421,0.6499999761581421,0.6499999761581421,0
2020-06-24,0.6499999761581421,0.6499999761581421,0.6499999761581421,0.6499999761581421,0.6499999761581421,0
2020-06-25,0.6499999761581421,0.6499999761581421,0.6499999761581421,0.6499999761581421,0.6499999761581421,0
2020-06-26,0.6499999761581421,0.6499999761581421,0.6499999761581421,0.6499999761581421,0.6499999761581421,0
2020-06-29,0.6499999761581421,0.6499999761581421,0.6499999761581421,0.6000000238418579,0.6499999761581421,529611
2020-06-30,0.6499999761581421,0.6499999761581421,0.6499999761581421,0.6499999761581421,0.6499999761581421,0
2020-07-01,0.6499999761581421,0.6499999761581421,0.6499999761581421,0.6499999761581421,0.6499999761581421,0
2020-07-02,0.6499999761581421,0.6499999761581421,0.6499999761581421,0.6499999761581421,0.6499999761581421,0
2020-07-03,0.6499999761581421,0.6499999761581421,0.6499999761581421,0.6499999761581421,0.6499999761581421,0
2020-07-06,0.6000000238418579,0.6000000238418579,0.6000000238418579,0.6000000238418579,0.6000000238418579,408737
2020-07-07,0.6000000238418579,0.6000000238418579,0.6000000238418579,0.6000000238418579,0.6000000238418579,0
2020-07-08,0.6000000238418579,0.6000000238418579,0.6000000238418579,0.6000000238418579,0.6000000238418579,0
2020-07-09,0.6000000238418579,0.6000000238418579,0.6000000238418579,0.6000000238418579,0.6000000238418579,0
2020-07-10,0.6000000238418579,0.6000000238418579,0.6000000238418579,0.6000000238418579,0.6000000238418579,0
2020-07-13,0.550000011920929,0.550000011920929,0.550000011920929,0.550000011920929,0.550000011920929,100740
2020-07-14,0.550000011920929,0.550000011920929,0.550000011920929,0.550000011920929,0.550000011920929,0
2020-07-15,0.550000011920929,0.550000011920929,0.550000011920929,0.550000011920929,0.550000011920929,0
2020-07-16,0.550000011920929,0.550000011920929,0.550000011920929,0.550000011920929,0.550000011920929,0
2020-07-17,0.550000011920929,0.550000011920929,0.550000011920929,0.550000011920929,0.550000011920929,0
2020-07-20,0.550000011920929,0.550000011920929,0.550000011920929,0.5,0.550000011920929,342892
2020-07-21,0.550000011920929,0.550000011920929,0.550000011920929,0.550000011920929,0.550000011920929,0
2020-07-22,0.550000011920929,0.550000011920929,0.550000011920929,0.550000011920929,0.550000011920929,0
2020-07-23,0.550000011920929,0.550000011920929,0.550000011920929,0.550000011920929,0.550000011920929,0
2020-07-24,0.550000011920929,0.550000011920929,0.550000011920929,0.550000011920929,0.550000011920929,0
2020-07-27,0.5,0.5,0.550000011920929,0.5,0.5,412969
2020-07-28,0.5,0.5,0.5,0.5,0.5,0
2020-07-29,0.5,0.5,0.5,0.5,0.5,0
2020-07-30,0.5,0.5,0.5,0.5,0.5,0
2020-07-31,0.5,0.5,0.5,0.5,0.5,0
2020-08-03,0.5,0.5,0.5,0.5,0.5,142472
2020-08-04,0.5,0.5,0.5,0.5,0.5,0
2020-08-05,0.5,0.5,0.5,0.5,0.5,0
2020-08-06,0.5,0.5,0.5,0.5,0.5,0
2020-08-07,0.5,0.5,0.5,0.5,0.5,0
2020-08-10,0.550000011920929,0.550000011920929,0.550000011920929,0.5,0.550000011920929,205688
2020-08-11,0.550000011920929,0.550000011920929,0.550000011920929,0.550000011920929,0.550000011920929,0
2020-08-12,0.550000011920929,0.550000011920929,0.550000011920929,0.550000011920929,0.550000011920929,0
2020-08-13,0.550000011920929,0.550000011920929,0.550000011920929,0.550000011920929,0.550000011920929,0
2020-08-14,0.550000011920929,0.550000011920929,0.550000011920929,0.550000011920929,0.550000011920929,0
2020-08-17,0.6000000238418579,0.6000000238418579,0.6000000238418579,0.6000000238418579,0.6000000238418579,203404
2020-08-18,0.6000000238418579,0.6000000238418579,0.6000000238418579,0.6000000238418579,0.6000000238418579,0
2020-08-19,0.6000000238418579,0.6000000238418579,0.6000000238418579,0.6000000238418579,0.6000000238418579,0
2020-08-20,0.6000000238418579,0.6000000238418579,0.6000000238418579,0.6000000238418579,0.6000000238418579,0
2020-08-21,0.6000000238418579,0.6000000238418579,0.6000000238418579,0.6000000238418579,0.6000000238418579,0
2020-08-24,0.6499999761581421,0.6499999761581421,0.6499999761581421,0.6499999761581421,0.6499999761581421,121035
2020-08-25,0.6499999761581421,0.6499999761581421,0.6499999761581421,0.6499999761581421,0.6499999761581421,0
2020-08-26,0.6499999761581421,0.6499999761581421,0.6499999761581421,0.6499999761581421,0.6499999761581421,0
2020-08-27,0.6499999761581421,0.6499999761581421,0.6499999761581421,0.6499999761581421,0.6499999761581421,0
2020-08-28,0.6499999761581421,0.6499999761581421,0.6499999761581421,0.6499999761581421,0.6499999761581421,0
2020-08-31,0.6499999761581421,0.6499999761581421,0.6499999761581421,0.6499999761581421,0.6499999761581421,192431
2020-09-01,0.6499999761581421,0.6499999761581421,0.6499999761581421,0.6499999761581421,0.6499999761581421,0
2020-09-02,0.6499999761581421,0.6499999761581421,0.6499999761581421,0.6499999761581421,0.6499999761581421,0
2020-09-03,0.6499999761581421,0.6499999761581421,0.6499999761581421,0.6499999761581421,0.6499999761581421,0
2020-09-04,0.6499999761581421,0.6499999761581421,0.6499999761581421,0.6499999761581421,0.6499999761581421,0
2020-09-07,0.6499999761581421,0.6499999761581421,0.6499999761581421,0.6000000238418579,0.6499999761581421,293046
2020-09-08,0.6499999761581421,0.6499999761581421,0.6499999761581421,0.6499999761581421,0.6499999761581421,0
2020-09-09,0.6499999761581421,0.6499999761581421,0.6499999761581421,0.6499999761581421,0.6499999761581421,0
2020-09-10,0.6499999761581421,0.6499999761581421,0.6499999761581421,0.6499999761581421,0.6499999761581421,0
2020-09-11,0.6499999761581421,0.6499999761581421,0.6499999761581421,0.6499999761581421,0.6499999761581421,0
2020-09-14,0.6499999761581421,0.6499999761581421,0.6499999761581421,0.6000000238418579,0.6499999761581421,268401
2020-09-15,0.6499999761581421,0.6499999761581421,0.6499999761581421,0.6499999761581421,0.6499999761581421,0
2020-09-16,0.6499999761581421,0.6499999761581421,0.6499999761581421,0.6499999761581421,0.6499999761581421,0
2020-09-17,0.6499999761581421,0.6499999761581421,0.6499999761581421,0.6499999761581421,0.6499999761581421,0
2020-09-18,0.6499999761581421,0.6499999761581421,0.6499999761581421,0.6499999761581421,0.6499999761581421,0
2020-09-21,0.6499999761581421,0.6499999761581421,0.6499999761581421,0.6499999761581421,0.6499999761581421,73249
2020-09-22,0.6499999761581421,0.6499999761581421,0.6499999761581421,0.6499999761581421,0.6499999761581421,0
2020-09-23,0.6499999761581421,0.6499999761581421,0.6499999761581421,0.6499999761581421,0.6499999761581421,0
2020-09-24,0.6499999761581421,0.6499999761581421,0.6499999761581421,0.6499999761581421,0.6499999761581421,0
2020-09-25,0.6499999761581421,0.6499999761581421,0.6499999761581421,0.6499999761581421,0.6499999761581421,0
2020-09-28,0.6499999761581421,0.6499999761581421,0.6499999761581421,0.6000000238418579,0.6000000238418579,24694
2020-09-29,0.6499999761581421,0.6499999761581421,0.6499999761581421,0.6499999761581421,0.6499999761581421,0
2020-09-30,0.6499999761581421,0.6499999761581421,0.6499999761581421,0.6499999761581421,0.6499999761581421,0
2020-10-01,0.6499999761581421,0.6499999761581421,0.6499999761581421,0.6499999761581421,0.6499999761581421,0
2020-10-05,0.6499999761581421,0.6499999761581421,0.6499999761581421,0.6000000238418579,0.6499999761581421,181270
2020-10-06,0.6499999761581421,0.6499999761581421,0.6499999761581421,0.6499999761581421,0.6499999761581421,0
2020-10-07,0.6499999761581421,0.6499999761581421,0.6499999761581421,0.6499999761581421,0.6499999761581421,0
2020-10-08,0.6499999761581421,0.6499999761581421,0.6499999761581421,0.6499999761581421,0.6499999761581421,0
2020-10-09,0.6499999761581421,0.6499999761581421,0.6499999761581421,0.6499999761581421,0.6499999761581421,0
2020-10-12,0.6000000238418579,0.6000000238418579,0.6000000238418579,0.6000000238418579,0.6000000238418579,110944
2020-10-13,0.6000000238418579,0.6000000238418579,0.6000000238418579,0.6000000238418579,0.6000000238418579,0
2020-10-14,0.6000000238418579,0.6000000238418579,0.6000000238418579,0.6000000238418579,0.6000000238418579,0
2020-10-15,0.6000000238418579,0.6000000238418579,0.6000000238418579,0.6000000238418579,0.6000000238418579,0
2020-10-16,0.6000000238418579,0.6000000238418579,0.6000000238418579,0.6000000238418579,0.6000000238418579,0
2020-10-19,0.6000000238418579,0.6000000238418579,0.6499999761581421,0.550000011920929,0.6000000238418579,198149
2020-10-20,0.6000000238418579,0.6000000238418579,0.6000000238418579,0.6000000238418579,0.6000000238418579,0
2020-10-21,0.6000000238418579,0.6000000238418579,0.6000000238418579,0.6000000238418579,0.6000000238418579,0
2020-10-22,0.6000000238418579,0.6000000238418579,0.6000000238418579,0.6000000238418579,0.6000000238418579,0
2020-10-23,0.6000000238418579,0.6000000238418579,0.6000000238418579,0.6000000238418579,0.6000000238418579,0
2020-10-26,0.6499999761581421,0.6499999761581421,0.6499999761581421,0.6000000238418579,0.6499999761581421,88167
2020-10-27,0.6499999761581421,0.6499999761581421,0.6499999761581421,0.6499999761581421,0.6499999761581421,0
2020-10-28,0.6499999761581421,0.6499999761581421,0.6499999761581421,0.6499999761581421,0.6499999761581421,0
2020-10-29,0.6499999761581421,0.6499999761581421,0.6499999761581421,0.6499999761581421,0.6499999761581421,0
2020-10-30,0.6499999761581421,0.6499999761581421,0.6499999761581421,0.6499999761581421,0.6499999761581421,0
2020-11-02,0.6499999761581421,0.6499999761581421,0.6499999761581421,0.6000000238418579,0.6499999761581421,64569
2020-11-03,0.6499999761581421,0.6499999761581421,0.6499999761581421,0.6499999761581421,0.6499999761581421,0
2020-11-04,0.6499999761581421,0.6499999761581421,0.6499999761581421,0.6499999761581421,0.6499999761581421,0
2020-11-05,0.6499999761581421,0.6499999761581421,0.6499999761581421,0.6499999761581421,0.6499999761581421,0
2020-11-06,0.6499999761581421,0.6499999761581421,0.6499999761581421,0.6499999761581421,0.6499999761581421,0
2020-11-09,0.6000000238418579,0.6000000238418579,0.6499999761581421,0.6000000238418579,0.6000000238418579,57162
2020-11-10,0.6000000238418579,0.6000000238418579,0.6000000238418579,0.6000000238418579,0.6000000238418579,0
2020-11-11,0.6000000238418579,0.6000000238418579,0.6000000238418579,0.6000000238418579,0.6000000238418579,0
2020-11-12,0.6000000238418579,0.6000000238418579,0.6000000238418579,0.6000000238418579,0.6000000238418579,0
2020-11-13,0.6000000238418579,0.6000000238418579,0.6000000238418579,0.6000000238418579,0.6000000238418579,0
2020-11-17,0.6000000238418579,0.6000000238418579,0.6000000238418579,0.550000011920929,0.6000000238418579,30218
2020-11-18,0.6000000238418579,0.6000000238418579,0.6000000238418579,0.6000000238418579,0.6000000238418579,0
2020-11-19,0.6000000238418579,0.6000000238418579,0.6000000238418579,0.6000000238418579,0.6000000238418579,0
2020-11-20,0.6000000238418579,0.6000000238418579,0.6000000238418579,0.6000000238418579,0.6000000238418579,0
2020-11-23,0.550000011920929,0.550000011920929,0.6000000238418579,0.550000011920929,0.550000011920929,71612
2020-11-24,0.550000011920929,0.550000011920929,0.550000011920929,0.550000011920929,0.550000011920929,0
2020-11-25,0.550000011920929,0.550000011920929,0.550000011920929,0.550000011920929,0.550000011920929,0
2020-11-26,0.550000011920929,0.550000011920929,0.550000011920929,0.550000011920929,0.550000011920929,0
2020-11-27,0.550000011920929,0.550000011920929,0.550000011920929,0.550000011920929,0.550000011920929,0
2020-12-01,0.5,0.5,0.550000011920929,0.5,0.5,24661
2020-12-02,0.5,0.5,0.5,0.5,0.5,0
2020-12-03,0.5,0.5,0.5,0.5,0.5,0
2020-12-04,0.5,0.5,0.5,0.5,0.5,0
2020-12-07,0.5,0.5,0.5,0.449999988079071,0.449999988079071,8049
2020-12-08,0.5,0.5,0.5,0.5,0.5,0
2020-12-09,0.5,0.5,0.5,0.5,0.5,0
2020-12-10,0.5,0.5,0.5,0.5,0.5,0
2020-12-11,0.5,0.5,0.5,0.5,0.5,0
2020-12-14,0.449999988079071,0.449999988079071,0.5,0.449999988079071,0.5,160527
2020-12-15,0.449999988079071,0.449999988079071,0.449999988079071,0.449999988079071,0.449999988079071,0
2020-12-16,0.449999988079071,0.449999988079071,0.449999988079071,0.449999988079071,0.449999988079071,0
2020-12-17,0.449999988079071,0.449999988079071,0.449999988079071,0.449999988079071,0.449999988079071,0
2020-12-18,0.449999988079071,0.449999988079071,0.449999988079071,0.449999988079071,0.449999988079071,0
2020-12-21,0.5,0.5,0.5,0.4000000059604645,0.449999988079071,222248
2020-12-22,0.5,0.5,0.5,0.5,0.5,0
2020-12-23,0.5,0.5,0.5,0.5,0.5,0
2020-12-24,0.5,0.5,0.5,0.5,0.5,0
2020-12-28,0.550000011920929,0.550000011920929,0.550000011920929,0.5,0.5,278001
2020-12-29,0.550000011920929,0.550000011920929,0.550000011920929,0.550000011920929,0.550000011920929,0
2020-12-30,0.550000011920929,0.550000011920929,0.550000011920929,0.550000011920929,0.550000011920929,0
2020-12-31,0.550000011920929,0.550000011920929,0.550000011920929,0.550000011920929,0.550000011920929,0
2021-01-01,0.550000011920929,0.550000011920929,0.550000011920929,0.550000011920929,0.550000011920929,0
2021-01-04,0.6000000238418579,0.6000000238418579,0.6000000238418579,0.550000011920929,0.550000011920929,211003
2021-01-05,0.6000000238418579,0.6000000238418579,0.6000000238418579,0.6000000238418579,0.6000000238418579,0
2021-01-06,0.6000000238418579,0.6000000238418579,0.6000000238418579,0.6000000238418579,0.6000000238418579,0
2021-01-07,0.6000000238418579,0.6000000238418579,0.6000000238418579,0.6000000238418579,0.6000000238418579,0
2021-01-08,0.6000000238418579,0.6000000238418579,0.6000000238418579,0.6000000238418579,0.6000000238418579,0
2021-01-11,0.6499999761581421,0.6499999761581421,0.6499999761581421,0.6499999761581421,0.6499999761581421,60108
2021-01-12,0.699999988079071,0.699999988079071,0.699999988079071,0.699999988079071,0.699999988079071,15448
2021-01-13,0.75,0.75,0.75,0.75,0.75,113109
2021-01-14,0.75,0.75,0.75,0.75,0.75,0
2021-01-15,0.75,0.75,0.75,0.75,0.75,0
2021-01-18,0.75,0.75,0.75,0.75,0.75,116134
2021-01-19,0.75,0.75,0.75,0.75,0.75,0
2021-01-20,0.75,0.75,0.75,0.75,0.75,0
2021-01-21,0.75,0.75,0.75,0.75,0.75,0
2021-01-22,0.75,0.75,0.75,0.75,0.75,0
2021-01-25,0.75,0.75,0.75,0.75,0.75,14226
2021-01-27,0.75,0.75,0.75,0.75,0.75,0
2021-01-28,0.75,0.75,0.75,0.75,0.75,0
2021-01-29,0.75,0.75,0.75,0.75,0.75,0
2021-02-01,0.75,0.75,0.75,0.75,0.75,19859
2021-02-02,0.75,0.75,0.75,0.75,0.75,0
2021-02-03,0.75,0.75,0.75,0.75,0.75,0
2021-02-04,0.75,0.75,0.75,0.75,0.75,0
2021-02-05,0.75,0.75,0.75,0.75,0.75,0
2021-02-08,0.75,0.75,0.75,0.75,0.75,6410
2021-02-09,0.75,0.75,0.75,0.75,0.75,0
2021-02-10,0.75,0.75,0.75,0.75,0.75,0
2021-02-11,0.75,0.75,0.75,0.75,0.75,0
2021-02-12,0.75,0.75,0.75,0.75,0.75,0
2021-02-15,0.75,0.75,0.75,0.75,0.75,43497
2021-02-16,0.75,0.75,0.75,0.75,0.75,0
2021-02-17,0.75,0.75,0.75,0.75,0.75,0
2021-02-18,0.75,0.75,0.75,0.75,0.75,0
2021-02-19,0.75,0.75,0.75,0.75,0.75,0
2021-02-22,0.75,0.75,0.75,0.75,0.75,50718
2021-02-23,0.75,0.75,0.75,0.75,0.75,0
2021-02-24,0.75,0.75,0.75,0.75,0.75,0
2021-02-25,0.75,0.75,0.75,0.75,0.75,0
2021-02-26,0.75,0.75,0.75,0.75,0.75,0
2021-03-01,0.75,0.75,0.75,0.75,0.75,152511
2021-03-02,0.75,0.75,0.75,0.75,0.75,0
2021-03-03,0.75,0.75,0.75,0.75,0.75,0
2021-03-04,0.75,0.75,0.75,0.75,0.75,0
2021-03-05,0.75,0.75,0.75,0.75,0.75,0
2021-03-08,0.800000011920929,0.800000011920929,0.800000011920929,0.800000011920929,0.800000011920929,56681
2021-03-09,0.800000011920929,0.800000011920929,0.800000011920929,0.800000011920929,0.800000011920929,0
2021-03-10,0.800000011920929,0.800000011920929,0.800000011920929,0.800000011920929,0.800000011920929,0
2021-03-12,0.800000011920929,0.800000011920929,0.800000011920929,0.800000011920929,0.800000011920929,0
2021-03-15,0.800000011920929,0.800000011920929,0.800000011920929,0.800000011920929,0.800000011920929,108320
2021-03-16,0.800000011920929,0.800000011920929,0.800000011920929,0.800000011920929,0.800000011920929,0
2021-03-17,0.800000011920929,0.800000011920929,0.800000011920929,0.800000011920929,0.800000011920929,0
2021-03-18,0.800000011920929,0.800000011920929,0.800000011920929,0.800000011920929,0.800000011920929,0
2021-03-19,0.800000011920929,0.800000011920929,0.800000011920929,0.800000011920929,0.800000011920929,0
2021-03-22,0.800000011920929,0.800000011920929,0.800000011920929,0.800000011920929,0.800000011920929,47645
2021-03-23,0.800000011920929,0.800000011920929,0.800000011920929,0.800000011920929,0.800000011920929,0
2021-03-24,0.800000011920929,0.800000011920929,0.800000011920929,0.800000011920929,0.800000011920929,0
2021-03-25,0.800000011920929,0.800000011920929,0.800000011920929,0.800000011920929,0.800000011920929,0
2021-03-26,0.800000011920929,0.800000011920929,0.800000011920929,0.800000011920929,0.800000011920929,0
2021-03-30,0.75,0.75,0.800000011920929,0.75,0.800000011920929,491061
2021-03-31,0.75,0.75,0.75,0.75,0.75,0
2021-04-01,0.75,0.75,0.75,0.75,0.75,0
2021-04-05,0.75,0.75,0.75,0.699999988079071,0.75,357691
2021-04-06,0.75,0.75,0.75,0.75,0.75,0
2021-04-07,0.75,0.75,0.75,0.75,0.75,0
2021-04-08,0.75,0.75,0.75,0.75,0.75,0
2021-04-09,0.75,0.75,0.75,0.75,0.75,0
2021-04-12,0.800000011920929,0.800000011920929,0.800000011920929,0.699999988079071,0.75,389750
2021-04-13,0.800000011920929,0.800000011920929,0.800000011920929,0.800000011920929,0.800000011920929,0
2021-04-15,0.800000011920929,0.800000011920929,0.800000011920929,0.800000011920929,0.800000011920929,0
2021-04-16,0.800000011920929,0.800000011920929,0.800000011920929,0.800000011920929,0.800000011920929,0
2021-04-19,0.800000011920929,0.800000011920929,0.800000011920929,0.75,0.800000011920929,539920
2021-04-20,0.800000011920929,0.800000011920929,0.800000011920929,0.800000011920929,0.800000011920929,0
2021-04-22,0.800000011920929,0.800000011920929,0.800000011920929,0.800000011920929,0.800000011920929,0
2021-04-23,0.800000011920929,0.800000011920929,0.800000011920929,0.800000011920929,0.800000011920929,0
2021-04-26,0.800000011920929,0.800000011920929,0.800000011920929,0.75,0.800000011920929,316594
2021-04-27,0.800000011920929,0.800000011920929,0.800000011920929,0.800000011920929,0.800000011920929,0
2021-04-28,0.800000011920929,0.800000011920929,0.800000011920929,0.800000011920929,0.800000011920929,0
2021-04-29,0.800000011920929,0.800000011920929,0.800000011920929,0.800000011920929,0.800000011920929,0
2021-04-30,0.800000011920929,0.800000011920929,0.800000011920929,0.800000011920929,0.800000011920929,0
2021-05-03,0.75,0.75,0.800000011920929,0.75,0.800000011920929,137582
2021-05-04,0.75,0.75,0.75,0.75,0.75,0
2021-05-05,0.75,0.75,0.75,0.75,0.75,0
2021-05-06,0.75,0.75,0.75,0.75,0.75,0
2021-05-07,0.75,0.75,0.75,0.75,0.75,0
2021-05-10,0.800000011920929,0.800000011920929,0.800000011920929,0.699999988079071,0.800000011920929,185950
2021-05-11,0.800000011920929,0.800000011920929,0.800000011920929,0.800000011920929,0.800000011920929,0
2021-05-12,0.800000011920929,0.800000011920929,0.800000011920929,0.800000011920929,0.800000011920929,0
2021-05-14,0.800000011920929,0.800000011920929,0.800000011920929,0.800000011920929,0.800000011920929,0
2021-05-17,0.800000011920929,0.800000011920929,0.800000011920929,0.75,0.75,137261
2021-05-18,0.800000011920929,0.800000011920929,0.800000011920929,0.800000011920929,0.800000011920929,0
2021-05-19,0.800000011920929,0.800000011920929,0.800000011920929,0.800000011920929,0.800000011920929,0
2021-05-20,0.800000011920929,0.800000011920929,0.800000011920929,0.800000011920929,0.800000011920929,0
2021-05-21,0.800000011920929,0.800000011920929,0.800000011920929,0.800000011920929,0.800000011920929,0
2021-05-24,0.75,0.75,0.800000011920929,0.75,0.800000011920929,55137
2021-05-25,0.75,0.75,0.75,0.75,0.75,0
2021-05-26,0.75,0.75,0.75,0.75,0.75,0
2021-05-27,0.75,0.75,0.75,0.75,0.75,0
2021-05-28,0.75,0.75,0.75,0.75,0.75,0
2021-05-31,0.699999988079071,0.699999988079071,0.75,0.699999988079071,0.75,137298
2021-06-01,0.699999988079071,0.699999988079071,0.699999988079071,0.699999988079071,0.699999988079071,0
2021-06-02,0.699999988079071,0.699999988079071,0.699999988079071,0.699999988079071,0.699999988079071,0
2021-06-03,0.699999988079071,0.699999988079071,0.699999988079071,0.699999988079071,0.699999988079071,0
2021-06-04,0.699999988079071,0.699999988079071,0.699999988079071,0.699999988079071,0.699999988079071,0
2021-06-07,0.699999988079071,0.699999988079071,0.699999988079071,0.6499999761581421,0.6499999761581421,70488
2021-06-08,0.699999988079071,0.699999988079071,0.699999988079071,0.699999988079071,0.699999988079071,0
2021-06-09,0.699999988079071,0.699999988079071,0.699999988079071,0.699999988079071,0.699999988079071,0
2021-06-10,0.699999988079071,0.699999988079071,0.699999988079071,0.699999988079071,0.699999988079071,0
2021-06-11,0.699999988079071,0.699999988079071,0.699999988079071,0.699999988079071,0.699999988079071,0
2021-06-14,0.699999988079071,0.699999988079071,0.75,0.6499999761581421,0.75,16450
2021-06-15,0.699999988079071,0.699999988079071,0.699999988079071,0.699999988079071,0.699999988079071,0
2021-06-16,0.699999988079071,0.699999988079071,0.699999988079071,0.699999988079071,0.699999988079071,0
2021-06-17,0.699999988079071,0.699999988079071,0.699999988079071,0.699999988079071,0.699999988079071,0
2021-06-18,0.699999988079071,0.699999988079071,0.699999988079071,0.699999988079071,0.699999988079071,0
2021-06-21,0.6499999761581421,0.6499999761581421,0.699999988079071,0.6499999761581421,0.699999988079071,13254
2021-06-22,0.6499999761581421,0.6499999761581421,0.6499999761581421,0.6499999761581421,0.6499999761581421,0
2021-06-23,0.6499999761581421,0.6499999761581421,0.6499999761581421,0.6499999761581421,0.6499999761581421,0
2021-06-24,0.6499999761581421,0.6499999761581421,0.6499999761581421,0.6499999761581421,0.6499999761581421,0
2021-06-25,0.6499999761581421,0.6499999761581421,0.6499999761581421,0.6499999761581421,0.6499999761581421,0
2021-06-28,0.699999988079071,0.699999988079071,0.699999988079071,0.6000000238418579,0.6499999761581421,149368
2021-06-29,0.699999988079071,0.699999988079071,0.699999988079071,0.699999988079071,0.699999988079071,0
2021-06-30,0.699999988079071,0.699999988079071,0.699999988079071,0.699999988079071,0.699999988079071,0
2021-07-01,0.699999988079071,0.699999988079071,0.699999988079071,0.699999988079071,0.699999988079071,0
2021-07-02,0.699999988079071,0.699999988079071,0.699999988079071,0.699999988079071,0.699999988079071,0
2021-07-05,0.75,0.75,0.75,0.75,0.75,28537
2021-07-06,0.75,0.75,0.75,0.75,0.75,0
2021-07-07,0.75,0.75,0.75,0.75,0.75,0
2021-07-08,0.75,0.75,0.75,0.75,0.75,0
2021-07-09,0.75,0.75,0.75,0.75,0.75,0
2021-07-12,0.800000011920929,0.800000011920929,0.800000011920929,0.800000011920929,0.800000011920929,142051
2021-07-13,0.800000011920929,0.800000011920929,0.800000011920929,0.800000011920929,0.800000011920929,0
2021-07-14,0.800000011920929,0.800000011920929,0.800000011920929,0.800000011920929,0.800000011920929,0
2021-07-15,0.800000011920929,0.800000011920929,0.800000011920929,0.800000011920929,0.800000011920929,0
2021-07-16,0.800000011920929,0.800000011920929,0.800000011920929,0.800000011920929,0.800000011920929,0
2021-07-19,0.75,0.75,0.800000011920929,0.75,0.75,828394
2021-07-20,0.75,0.75,0.75,0.75,0.75,0
2021-07-22,0.75,0.75,0.75,0.75,0.75,0
2021-07-23,0.75,0.75,0.75,0.75,0.75,0
2021-07-26,0.699999988079071,0.699999988079071,0.699999988079071,0.699999988079071,0.699999988079071,713792
2021-07-27,0.699999988079071,0.699999988079071,0.699999988079071,0.699999988079071,0.699999988079071,0
2021-07-28,0.699999988079071,0.699999988079071,0.699999988079071,0.699999988079071,0.699999988079071,0
2021-07-29,0.699999988079071,0.699999988079071,0.699999988079071,0.699999988079071,0.699999988079071,0
2021-07-30,0.699999988079071,0.699999988079071,0.699999988079071,0.699999988079071,0.699999988079071,0
2021-08-02,0.699999988079071,0.699999988079071,0.699999988079071,0.6499999761581421,0.699999988079071,1365543
2021-08-03,0.699999988079071,0.699999988079071,0.699999988079071,0.699999988079071,0.699999988079071,0
2021-08-04,0.699999988079071,0.699999988079071,0.699999988079071,0.699999988079071,0.699999988079071,0
2021-08-05,0.699999988079071,0.699999988079071,0.699999988079071,0.699999988079071,0.699999988079071,0
2021-08-06,0.699999988079071,0.699999988079071,0.699999988079071,0.699999988079071,0.699999988079071,0
2021-08-09,0.6499999761581421,0.6499999761581421,0.75,0.6499999761581421,0.75,977163
2021-08-10,0.6499999761581421,0.6499999761581421,0.6499999761581421,0.6499999761581421,0.6499999761581421,0
2021-08-11,0.6499999761581421,0.6499999761581421,0.6499999761581421,0.6499999761581421,0.6499999761581421,0
2021-08-12,0.6499999761581421,0.6499999761581421,0.6499999761581421,0.6499999761581421,0.6499999761581421,0
2021-08-13,0.6499999761581421,0.6499999761581421,0.6499999761581421,0.6499999761581421,0.6499999761581421,0
2021-08-16,0.699999988079071,0.699999988079071,0.699999988079071,0.6000000238418579,0.699999988079071,1069754
2021-08-17,0.699999988079071,0.699999988079071,0.699999988079071,0.699999988079071,0.699999988079071,0
2021-08-18,0.699999988079071,0.699999988079071,0.699999988079071,0.699999988079071,0.699999988079071,0
2021-08-20,0.699999988079071,0.699999988079071,0.699999988079071,0.699999988079071,0.699999988079071,0
2021-08-23,0.75,0.75,0.75,0.699999988079071,0.75,720160
2021-08-24,0.75,0.75,0.75,0.75,0.75,0
2021-08-25,0.75,0.75,0.75,0.75,0.75,0
2021-08-26,0.75,0.75,0.75,0.75,0.75,0
2021-08-27,0.75,0.75,0.75,0.75,0.75,0
2021-08-30,0.800000011920929,0.800000011920929,0.800000011920929,0.800000011920929,0.800000011920929,1653933
2021-08-31,0.800000011920929,0.800000011920929,0.800000011920929,0.800000011920929,0.800000011920929,0
2021-09-01,0.800000011920929,0.800000011920929,0.800000011920929,0.800000011920929,0.800000011920929,0
2021-09-02,0.800000011920929,0.800000011920929,0.800000011920929,0.800000011920929,0.800000011920929,0
2021-09-03,0.800000011920929,0.800000011920929,0.800000011920929,0.800000011920929,0.800000011920929,0
2021-09-06,0.8500000238418579,0.8500000238418579,0.8500000238418579,0.8500000238418579,0.8500000238418579,16417
2021-09-07,0.8500000238418579,0.8500000238418579,0.8500000238418579,0.8500000238418579,0.8500000238418579,0
2021-09-08,0.8500000238418579,0.8500000238418579,0.8500000238418579,0.8500000238418579,0.8500000238418579,0
2021-09-09,0.8500000238418579,0.8500000238418579,0.8500000238418579,0.8500000238418579,0.8500000238418579,0
2021-09-13,0.8500000238418579,0.8500000238418579,0.8500000238418579,0.8500000238418579,0.8500000238418579,55890
2021-09-14,0.8500000238418579,0.8500000238418579,0.8500000238418579,0.8500000238418579,0.8500000238418579,0
2021-09-15,0.8500000238418579,0.8500000238418579,0.8500000238418579,0.8500000238418579,0.8500000238418579,0
2021-09-16,0.8500000238418579,0.8500000238418579,0.8500000238418579,0.8500000238418579,0.8500000238418579,0
2021-09-17,0.8500000238418579,0.8500000238418579,0.8500000238418579,0.8500000238418579,0.8500000238418579,0
2021-09-20,0.8500000238418579,0.8500000238418579,0.8500000238418579,0.8500000238418579,0.8500000238418579,29651
2021-09-21,0.8500000238418579,0.8500000238418579,0.8500000238418579,0.8500000238418579,0.8500000238418579,0
2021-09-22,0.8500000238418579,0.8500000238418579,0.8500000238418579,0.8500000238418579,0.8500000238418579,0
2021-09-23,0.8500000238418579,0.8500000238418579,0.8500000238418579,0.8500000238418579,0.8500000238418579,0
2021-09-24,0.8500000238418579,0.8500000238418579,0.8500000238418579,0.8500000238418579,0.8500000238418579,0
2021-09-27,0.8500000238418579,0.8500000238418579,0.8500000238418579,0.8500000238418579,0.8500000238418579,33051
2021-09-28,0.8500000238418579,0.8500000238418579,0.8500000238418579,0.8500000238418579,0.8500000238418579,0
2021-09-29,0.8500000238418579,0.8500000238418579,0.8500000238418579,0.8500000238418579,0.8500000238418579,0
2021-09-30,0.8500000238418579,0.8500000238418579,0.8500000238418579,0.8500000238418579,0.8500000238418579,0
2021-10-01,0.8500000238418579,0.8500000238418579,0.8500000238418579,0.8500000238418579,0.8500000238418579,0
2021-10-04,0.8500000238418579,0.8500000238418579,0.8500000238418579,0.8500000238418579,0.8500000238418579,31989
2021-10-05,0.8500000238418579,0.8500000238418579,0.8500000238418579,0.8500000238418579,0.8500000238418579,0
2021-10-06,0.8500000238418579,0.8500000238418579,0.8500000238418579,0.8500000238418579,0.8500000238418579,0
2021-10-07,0.8500000238418579,0.8500000238418579,0.8500000238418579,0.8500000238418579,0.8500000238418579,0
2021-10-08,0.8500000238418579,0.8500000238418579,0.8500000238418579,0.8500000238418579,0.8500000238418579,0
2021-10-11,0.8999999761581421,0.8999999761581421,0.8999999761581421,0.8999999761581421,0.8999999761581421,33025
2021-10-12,0.8999999761581421,0.8999999761581421,0.8999999761581421,0.8999999761581421,0.8999999761581421,0
2021-10-13,0.8999999761581421,0.8999999761581421,0.8999999761581421,0.8999999761581421,0.8999999761581421,0
2021-10-14,0.8999999761581421,0.8999999761581421,0.8999999761581421,0.8999999761581421,0.8999999761581421,0
2021-10-18,0.8999999761581421,0.8999999761581421,0.8999999761581421,0.8999999761581421,0.8999999761581421,112071
2021-10-19,0.8999999761581421,0.8999999761581421,0.8999999761581421,0.8999999761581421,0.8999999761581421,0
2021-10-20,0.8999999761581421,0.8999999761581421,0.8999999761581421,0.8999999761581421,0.8999999761581421,0
2021-10-21,0.8999999761581421,0.8999999761581421,0.8999999761581421,0.8999999761581421,0.8999999761581421,0
2021-10-22,0.8999999761581421,0.8999999761581421,0.8999999761581421,0.8999999761581421,0.8999999761581421,0
2021-10-25,0.8999999761581421,0.8999999761581421,0.8999999761581421,0.8999999761581421,0.8999999761581421,55599
2021-10-26,0.8999999761581421,0.8999999761581421,0.8999999761581421,0.8999999761581421,0.8999999761581421,0
2021-10-27,0.8999999761581421,0.8999999761581421,0.8999999761581421,0.8999999761581421,0.8999999761581421,0
2021-10-28,0.8999999761581421,0.8999999761581421,0.8999999761581421,0.8999999761581421,0.8999999761581421,0
2021-10-29,0.8999999761581421,0.8999999761581421,0.8999999761581421,0.8999999761581421,0.8999999761581421,0
2021-11-01,0.8999999761581421,0.8999999761581421,0.8999999761581421,0.8999999761581421,0.8999999761581421,52415
2021-11-02,0.8999999761581421,0.8999999761581421,0.8999999761581421,0.8999999761581421,0.8999999761581421,0
2021-11-03,0.8999999761581421,0.8999999761581421,0.8999999761581421,0.8999999761581421,0.8999999761581421,0
2021-11-04,0.8999999761581421,0.8999999761581421,0.8999999761581421,0.8999999761581421,0.8999999761581421,0
2021-11-08,0.8999999761581421,0.8999999761581421,0.8999999761581421,0.8999999761581421,0.8999999761581421,931662
2021-11-09,0.8999999761581421,0.8999999761581421,0.8999999761581421,0.8999999761581421,0.8999999761581421,0
2021-11-10,0.8999999761581421,0.8999999761581421,0.8999999761581421,0.8999999761581421,0.8999999761581421,0
2021-11-11,0.8999999761581421,0.8999999761581421,0.8999999761581421,0.8999999761581421,0.8999999761581421,0
2021-11-12,0.8999999761581421,0.8999999761581421,0.8999999761581421,0.8999999761581421,0.8999999761581421,0
2021-11-15,0.8999999761581421,0.8999999761581421,0.8999999761581421,0.8999999761581421,0.8999999761581421,145764
2021-11-16,0.8999999761581421,0.8999999761581421,0.8999999761581421,0.8999999761581421,0.8999999761581421,0
2021-11-17,0.8999999761581421,0.8999999761581421,0.8999999761581421,0.8999999761581421,0.8999999761581421,0
2021-11-18,0.8999999761581421,0.8999999761581421,0.8999999761581421,0.8999999761581421,0.8999999761581421,0
2021-11-22,0.8999999761581421,0.8999999761581421,0.8999999761581421,0.8999999761581421,0.8999999761581421,20376
2021-11-23,0.8999999761581421,0.8999999761581421,0.8999999761581421,0.8999999761581421,0.8999999761581421,0
2021-11-24,0.8999999761581421,0.8999999761581421,0.8999999761581421,0.8999999761581421,0.8999999761581421,0
2021-11-25,0.8999999761581421,0.8999999761581421,0.8999999761581421,0.8999999761581421,0.8999999761581421,0
2021-11-26,0.8999999761581421,0.8999999761581421,0.8999999761581421,0.8999999761581421,0.8999999761581421,0
2021-11-29,0.8999999761581421,0.8999999761581421,0.8999999761581421,0.8999999761581421,0.8999999761581421,195405
2021-11-30,0.8999999761581421,0.8999999761581421,0.8999999761581421,0.8999999761581421,0.8999999761581421,0
2021-12-01,0.8999999761581421,0.8999999761581421,0.8999999761581421,0.8999999761581421,0.8999999761581421,0
2021-12-02,0.8999999761581421,0.8999999761581421,0.8999999761581421,0.8999999761581421,0.8999999761581421,0
2021-12-03,0.8999999761581421,0.8999999761581421,0.8999999761581421,0.8999999761581421,0.8999999761581421,0
2021-12-06,0.8999999761581421,0.8999999761581421,0.8999999761581421,0.8999999761581421,0.8999999761581421,134136
2021-12-07,0.8999999761581421,0.8999999761581421,0.8999999761581421,0.8999999761581421,0.8999999761581421,0
2021-12-08,0.8999999761581421,0.8999999761581421,0.8999999761581421,0.8999999761581421,0.8999999761581421,0
2021-12-09,0.8999999761581421,0.8999999761581421,0.8999999761581421,0.8999999761581421,0.8999999761581421,0
2021-12-10,0.8999999761581421,0.8999999761581421,0.8999999761581421,0.8999999761581421,0.8999999761581421,0
2021-12-13,0.8999999761581421,0.8999999761581421,0.8999999761581421,0.8500000238418579,0.8999999761581421,260050
2021-12-14,0.8999999761581421,0.8999999761581421,0.8999999761581421,0.8999999761581421,0.8999999761581421,0
2021-12-15,0.8999999761581421,0.8999999761581421,0.8999999761581421,0.8999999761581421,0.8999999761581421,0
2021-12-16,0.8999999761581421,0.8999999761581421,0.8999999761581421,0.8999999761581421,0.8999999761581421,0
2021-12-17,0.8999999761581421,0.8999999761581421,0.8999999761581421,0.8999999761581421,0.8999999761581421,0
2021-12-20,0.8999999761581421,0.8999999761581421,0.8999999761581421,0.8500000238418579,0.8999999761581421,199787
2021-12-21,0.8999999761581421,0.8999999761581421,0.8999999761581421,0.8999999761581421,0.8999999761581421,0
2021-12-22,0.8999999761581421,0.8999999761581421,0.8999999761581421,0.8999999761581421,0.8999999761581421,0
2021-12-23,0.8999999761581421,0.8999999761581421,0.8999999761581421,0.8999999761581421,0.8999999761581421,0
2021-12-24,0.8999999761581421,0.8999999761581421,0.8999999761581421,0.8999999761581421,0.8999999761581421,0
2021-12-27,0.8999999761581421,0.8999999761581421,0.8999999761581421,0.8999999761581421,0.8999999761581421,137934
2021-12-28,0.8999999761581421,0.8999999761581421,0.8999999761581421,0.8999999761581421,0.8999999761581421,0
2021-12-29,0.8999999761581421,0.8999999761581421,0.8999999761581421,0.8999999761581421,0.8999999761581421,0
2021-12-30,0.8999999761581421,0.8999999761581421,0.8999999761581421,0.8999999761581421,0.8999999761581421,0
2021-12-31,0.8999999761581421,0.8999999761581421,0.8999999761581421,0.8999999761581421,0.8999999761581421,0
2022-01-03,0.8999999761581421,0.8999999761581421,0.8999999761581421,0.8999999761581421,0.8999999761581421,59277
2022-01-04,0.8999999761581421,0.8999999761581421,0.8999999761581421,0.8999999761581421,0.8999999761581421,0
2022-01-05,0.8999999761581421,0.8999999761581421,0.8999999761581421,0.8999999761581421,0.8999999761581421,0
2022-01-06,0.8999999761581421,0.8999999761581421,0.8999999761581421,0.8999999761581421,0.8999999761581421,0
2022-01-07,0.8999999761581421,0.8999999761581421,0.8999999761581421,0.8999999761581421,0.8999999761581421,0
2022-01-10,0.8999999761581421,0.8999999761581421,0.8999999761581421,0.8500000238418579,0.8999999761581421,381645
2022-01-11,0.8999999761581421,0.8999999761581421,0.8999999761581421,0.8999999761581421,0.8999999761581421,0
2022-01-12,0.8999999761581421,0.8999999761581421,0.8999999761581421,0.8999999761581421,0.8999999761581421,0
2022-01-13,0.8999999761581421,0.8999999761581421,0.8999999761581421,0.8999999761581421,0.8999999761581421,0
2022-01-14,0.8999999761581421,0.8999999761581421,0.8999999761581421,0.8999999761581421,0.8999999761581421,0
2022-01-17,0.8999999761581421,0.8999999761581421,0.8999999761581421,0.8500000238418579,0.8999999761581421,661228
2022-01-18,0.8999999761581421,0.8999999761581421,0.8999999761581421,0.8999999761581421,0.8999999761581421,0
2022-01-19,0.8999999761581421,0.8999999761581421,0.8999999761581421,0.8999999761581421,0.8999999761581421,0
2022-01-20,0.8999999761581421,0.8999999761581421,0.8999999761581421,0.8999999761581421,0.8999999761581421,0
2022-01-21,0.8999999761581421,0.8999999761581421,0.8999999761581421,0.8999999761581421,0.8999999761581421,0
2022-01-24,0.8500000238418579,0.8500000238418579,0.8999999761581421,0.8500000238418579,0.8999999761581421,1900087
2022-01-25,0.8500000238418579,0.8500000238418579,0.8500000238418579,0.8500000238418579,0.8500000238418579,0
2022-01-27,0.8500000238418579,0.8500000238418579,0.8500000238418579,0.8500000238418579,0.8500000238418579,0
2022-01-28,0.8500000238418579,0.8500000238418579,0.8500000238418579,0.8500000238418579,0.8500000238418579,0
2022-01-31,0.800000011920929,0.800000011920929,0.8500000238418579,0.800000011920929,0.8500000238418579,411640
2022-02-01,0.800000011920929,0.800000011920929,0.800000011920929,0.800000011920929,0.800000011920929,0
2022-02-02,0.800000011920929,0.800000011920929,0.800000011920929,0.800000011920929,0.800000011920929,0
2022-02-03,0.800000011920929,0.800000011920929,0.800000011920929,0.800000011920929,0.800000011920929,0
2022-02-04,0.800000011920929,0.800000011920929,0.800000011920929,0.800000011920929,0.800000011920929,0
2022-02-07,0.75,0.75,0.75,0.75,0.75,389503
2022-02-08,0.75,0.75,0.75,0.75,0.75,0
2022-02-09,0.75,0.75,0.75,0.75,0.75,0
2022-02-10,0.75,0.75,0.75,0.75,0.75,0
2022-02-11,0.75,0.75,0.75,0.75,0.75,0
2022-02-14,0.800000011920929,0.800000011920929,0.800000011920929,0.699999988079071,0.699999988079071,689885
2022-02-15,0.800000011920929,0.800000011920929,0.800000011920929,0.800000011920929,0.800000011920929,0
2022-02-16,0.800000011920929,0.800000011920929,0.800000011920929,0.800000011920929,0.800000011920929,0
2022-02-17,0.800000011920929,0.800000011920929,0.800000011920929,0.800000011920929,0.800000011920929,0
2022-02-18,0.800000011920929,0.800000011920929,0.800000011920929,0.800000011920929,0.800000011920929,0
2022-02-21,0.800000011920929,0.800000011920929,0.8500000238418579,0.75,0.800000011920929,114782
2022-02-22,0.800000011920929,0.800000011920929,0.800000011920929,0.800000011920929,0.800000011920929,0
2022-02-23,0.800000011920929,0.800000011920929,0.800000011920929,0.800000011920929,0.800000011920929,0
2022-02-24,0.800000011920929,0.800000011920929,0.800000011920929,0.800000011920929,0.800000011920929,0
2022-02-25,0.800000011920929,0.800000011920929,0.800000011920929,0.800000011920929,0.800000011920929,0
2022-02-28,0.75,0.75,0.8500000238418579,0.75,0.8500000238418579,187863
2022-03-02,0.75,0.75,0.75,0.75,0.75,0
2022-03-03,0.75,0.75,0.75,0.75,0.75,0
2022-03-04,0.75,0.75,0.75,0.75,0.75,0
2022-03-07,0.75,0.75,0.800000011920929,0.699999988079071,0.699999988079071,258300
2022-03-08,0.75,0.75,0.75,0.75,0.75,0
2022-03-09,0.75,0.75,0.75,0.75,0.75,0
2022-03-10,0.75,0.75,0.75,0.75,0.75,0
2022-03-11,0.75,0.75,0.75,0.75,0.75,0
2022-03-14,0.699999988079071,0.699999988079071,0.75,0.699999988079071,0.699999988079071,97360
2022-03-15,0.699999988079071,0.699999988079071,0.699999988079071,0.699999988079071,0.699999988079071,0
2022-03-16,0.699999988079071,0.699999988079071,0.699999988079071,0.699999988079071,0.699999988079071,0
2022-03-17,0.699999988079071,0.699999988079071,0.699999988079071,0.699999988079071,0.699999988079071,0
2022-03-21,0.699999988079071,0.699999988079071,0.699999988079071,0.6499999761581421,0.6499999761581421,116933
2022-03-22,0.699999988079071,0.699999988079071,0.699999988079071,0.699999988079071,0.699999988079071,0
2022-03-23,0.699999988079071,0.699999988079071,0.699999988079071,0.699999988079071,0.699999988079071,0
2022-03-24,0.699999988079071,0.699999988079071,0.699999988079071,0.699999988079071,0.699999988079071,0
2022-03-25,0.699999988079071,0.699999988079071,0.699999988079071,0.699999988079071,0.699999988079071,0
2022-03-28,0.6499999761581421,0.6499999761581421,0.699999988079071,0.6499999761581421,0.6499999761581421,112279
2022-03-29,0.6499999761581421,0.6499999761581421,0.6499999761581421,0.6499999761581421,0.6499999761581421,0
2022-03-30,0.6499999761581421,0.6499999761581421,0.6499999761581421,0.6499999761581421,0.6499999761581421,0
2022-03-31,0.6499999761581421,0.6499999761581421,0.6499999761581421,0.6499999761581421,0.6499999761581421,0
2022-04-01,0.6499999761581421,0.6499999761581421,0.6499999761581421,0.6499999761581421,0.6499999761581421,0
2022-04-04,0.6499999761581421,0.6499999761581421,0.6499999761581421,0.6000000238418579,0.6000000238418579,129555
2022-04-05,0.6499999761581421,0.6499999761581421,0.6499999761581421,0.6499999761581421,0.6499999761581421,0
2022-04-06,0.6499999761581421,0.6499999761581421,0.6499999761581421,0.6499999761581421,0.6499999761581421,0
2022-04-07,0.6499999761581421,0.6499999761581421,0.6499999761581421,0.6499999761581421,0.6499999761581421,0
2022-04-08,0.6499999761581421,0.6499999761581421,0.6499999761581421,0.6499999761581421,0.6499999761581421,0
2022-04-11,0.699999988079071,0.699999988079071,0.699999988079071,0.6000000238418579,0.6000000238418579,81296
2022-04-12,0.699999988079071,0.699999988079071,0.699999988079071,0.699999988079071,0.699999988079071,0
2022-04-13,0.699999988079071,0.699999988079071,0.699999988079071,0.699999988079071,0.699999988079071,0
2022-04-18,0.75,0.75,0.75,0.699999988079071,0.699999988079071,148507
2022-04-19,0.75,0.75,0.75,0.75,0.75,0
2022-04-20,0.75,0.75,0.75,0.75,0.75,0
2022-04-21,0.75,0.75,0.75,0.75,0.75,0
2022-04-22,0.75,0.75,0.75,0.75,0.75,0
2022-04-25,0.800000011920929,0.800000011920929,0.800000011920929,0.699999988079071,0.699999988079071,108641
2022-04-26,0.800000011920929,0.800000011920929,0.800000011920929,0.800000011920929,0.800000011920929,0
2022-04-27,0.800000011920929,0.800000011920929,0.800000011920929,0.800000011920929,0.800000011920929,0
2022-04-28,0.800000011920929,0.800000011920929,0.800000011920929,0.800000011920929,0.800000011920929,0
2022-04-29,0.800000011920929,0.800000011920929,0.800000011920929,0.800000011920929,0.800000011920929,0
2022-05-02,0.8500000238418579,0.8500000238418579,0.8500000238418579,0.75,0.800000011920929,164010
2022-05-04,0.8500000238418579,0.8500000238418579,0.8500000238418579,0.8500000238418579,0.8500000238418579,0
2022-05-05,0.8500000238418579,0.8500000238418579,0.8500000238418579,0.8500000238418579,0.8500000238418579,0
2022-05-06,0.8500000238418579,0.8500000238418579,0.8500000238418579,0.8500000238418579,0.8500000238418579,0
2022-05-09,0.800000011920929,0.800000011920929,0.800000011920929,0.800000011920929,0.800000011920929,5795
2022-05-10,0.800000011920929,0.800000011920929,0.800000011920929,0.800000011920929,0.800000011920929,0
2022-05-11,0.800000011920929,0.800000011920929,0.800000011920929,0.800000011920929,0.800000011920929,0
2022-05-12,0.800000011920929,0.800000011920929,0.800000011920929,0.800000011920929,0.800000011920929,0
2022-05-13,0.800000011920929,0.800000011920929,0.800000011920929,0.800000011920929,0.800000011920929,0
2022-05-16,0.800000011920929,0.800000011920929,0.800000011920929,0.75,0.800000011920929,207935
2022-05-17,0.800000011920929,0.800000011920929,0.800000011920929,0.800000011920929,0.800000011920929,0
2022-05-18,0.800000011920929,0.800000011920929,0.800000011920929,0.800000011920929,0.800000011920929,0
2022-05-19,0.800000011920929,0.800000011920929,0.800000011920929,0.800000011920929,0.800000011920929,0
2022-05-20,0.800000011920929,0.800000011920929,0.800000011920929,0.800000011920929,0.800000011920929,0
2022-05-23,0.75,0.75,0.800000011920929,0.75,0.800000011920929,96523
2022-05-24,0.75,0.75,0.75,0.75,0.75,0
2022-05-25,0.75,0.75,0.75,0.75,0.75,0
2022-05-26,0.75,0.75,0.75,0.75,0.75,0
2022-05-27,0.75,0.75,0.75,0.75,0.75,0
2022-05-30,0.699999988079071,0.699999988079071,0.75,0.699999988079071,0.75,49200
2022-05-31,0.699999988079071,0.699999988079071,0.699999988079071,0.699999988079071,0.699999988079071,0
2022-06-01,0.699999988079071,0.699999988079071,0.699999988079071,0.699999988079071,0.699999988079071,0
2022-06-02,0.699999988079071,0.699999988079071,0.699999988079071,0.699999988079071,0.699999988079071,0
2022-06-03,0.699999988079071,0.699999988079071,0.699999988079071,0.699999988079071,0.699999988079071,0
2022-06-06,0.699999988079071,0.699999988079071,0.699999988079071,0.6499999761581421,0.6499999761581421,8000
2022-06-07,0.699999988079071,0.699999988079071,0.699999988079071,0.699999988079071,0.699999988079071,0
2022-06-08,0.699999988079071,0.699999988079071,0.699999988079071,0.699999988079071,0.699999988079071,0
2022-06-09,0.699999988079071,0.699999988079071,0.699999988079071,0.699999988079071,0.699999988079071,0
2022-06-10,0.699999988079071,0.699999988079071,0.699999988079071,0.699999988079071,0.699999988079071,0
2022-06-13,0.699999988079071,0.699999988079071,0.75,0.6499999761581421,0.699999988079071,43310
2022-06-14,0.699999988079071,0.699999988079071,0.699999988079071,0.699999988079071,0.699999988079071,0
2022-06-15,0.699999988079071,0.699999988079071,0.699999988079071,0.699999988079071,0.699999988079071,0
2022-06-16,0.699999988079071,0.699999988079071,0.699999988079071,0.699999988079071,0.699999988079071,0
2022-06-17,0.699999988079071,0.699999988079071,0.699999988079071,0.699999988079071,0.699999988079071,0
2022-06-20,0.6499999761581421,0.6499999761581421,0.75,0.6499999761581421,0.6499999761581421,83844
2022-06-21,0.6499999761581421,0.6499999761581421,0.6499999761581421,0.6499999761581421,0.6499999761581421,0
2022-06-22,0.6499999761581421,0.6499999761581421,0.6499999761581421,0.6499999761581421,0.6499999761581421,0
2022-06-23,0.6499999761581421,0.6499999761581421,0.6499999761581421,0.6499999761581421,0.6499999761581421,0
2022-06-24,0.6499999761581421,0.6499999761581421,0.6499999761581421,0.6499999761581421,0.6499999761581421,0
2022-06-27,0.6000000238418579,0.6000000238418579,0.699999988079071,0.6000000238418579,0.699999988079071,102300
2022-06-28,0.6000000238418579,0.6000000238418579,0.6000000238418579,0.6000000238418579,0.6000000238418579,0
2022-06-29,0.6000000238418579,0.6000000238418579,0.6000000238418579,0.6000000238418579,0.6000000238418579,0
2022-06-30,0.6000000238418579,0.6000000238418579,0.6000000238418579,0.6000000238418579,0.6000000238418579,0
2022-07-01,0.6000000238418579,0.6000000238418579,0.6000000238418579,0.6000000238418579,0.6000000238418579,0
2022-07-04,0.6499999761581421,0.6499999761581421,0.6499999761581421,0.550000011920929,0.6000000238418579,54670
2022-07-05,0.6499999761581421,0.6499999761581421,0.6499999761581421,0.6499999761581421,0.6499999761581421,0
2022-07-06,0.6499999761581421,0.6499999761581421,0.6499999761581421,0.6499999761581421,0.6499999761581421,0
2022-07-07,0.6499999761581421,0.6499999761581421,0.6499999761581421,0.6499999761581421,0.6499999761581421,0
2022-07-08,0.6499999761581421,0.6499999761581421,0.6499999761581421,0.6499999761581421,0.6499999761581421,0
2022-07-11,0.6000000238418579,0.6000000238418579,0.6499999761581421,0.6000000238418579,0.6000000238418579,78761
2022-07-12,0.6000000238418579,0.6000000238418579,0.6499999761581421,0.6000000238418579,0.6000000238418579,29001
2022-07-13,0.6499999761581421,0.6499999761581421,0.6499999761581421,0.550000011920929,0.550000011920929,616461
2022-07-14,0.6499999761581421,0.6499999761581421,0.699999988079071,0.6000000238418579,0.6499999761581421,255088
2022-07-15,0.6499999761581421,0.6499999761581421,0.6499999761581421,0.6000000238418579,0.6499999761581421,16522
2022-07-18,0.699999988079071,0.699999988079071,0.699999988079071,0.6000000238418579,0.6000000238418579,117571
2022-07-19,0.699999988079071,0.699999988079071,0.75,0.699999988079071,0.75,184128
2022-07-20,0.75,0.75,0.75,0.699999988079071,0.699999988079071,95975
2022-07-21,0.699999988079071,0.699999988079071,0.75,0.699999988079071,0.699999988079071,94125
2022-07-22,0.75,0.75,0.75,0.699999988079071,0.699999988079071,564673
2022-07-25,0.75,0.75,0.800000011920929,0.699999988079071,0.699999988079071,199813
2022-07-26,0.75,0.75,0.75,0.75,0.75,0
2022-07-27,0.75,0.75,0.75,0.75,0.75,0
2022-07-28,0.75,0.75,0.75,0.75,0.75,0
2022-07-29,0.75,0.75,0.75,0.75,0.75,0
2022-08-01,0.699999988079071,0.699999988079071,0.800000011920929,0.699999988079071,0.75,87330
2022-08-02,0.699999988079071,0.699999988079071,0.699999988079071,0.699999988079071,0.699999988079071,0
2022-08-03,0.699999988079071,0.699999988079071,0.699999988079071,0.699999988079071,0.699999988079071,0
2022-08-04,0.699999988079071,0.699999988079071,0.699999988079071,0.699999988079071,0.699999988079071,0
2022-08-05,0.699999988079071,0.699999988079071,0.699999988079071,0.699999988079071,0.699999988079071,0
2022-08-08,0.75,0.75,0.75,0.699999988079071,0.699999988079071,91300
2022-08-10,0.75,0.75,0.75,0.75,0.75,0
2022-08-11,0.75,0.75,0.75,0.75,0.75,0
2022-08-12,0.75,0.75,0.75,0.75,0.75,0
2022-08-16,0.75,0.75,0.75,0.699999988079071,0.699999988079071,90388
2022-08-17,0.75,0.75,0.75,0.75,0.75,0
2022-08-18,0.75,0.75,0.75,0.75,0.75,0
2022-08-19,0.75,0.75,0.75,0.75,0.75,0
2022-08-22,0.75,0.75,0.75,0.75,0.75,0
2022-08-23,0.75,0.75,0.75,0.75,0.75,0
2022-08-24,0.75,0.75,0.75,0.75,0.75,0
2022-08-25,0.75,0.75,0.75,0.75,0.75,0
2022-08-26,0.75,0.75,0.75,0.75,0.75,0
2022-08-29,0.699999988079071,0.699999988079071,0.75,0.699999988079071,0.75,139006
2022-08-30,0.699999988079071,0.699999988079071,0.699999988079071,0.699999988079071,0.699999988079071,0
2022-09-01,0.699999988079071,0.699999988079071,0.699999988079071,0.699999988079071,0.699999988079071,0
2022-09-02,0.699999988079071,0.699999988079071,0.699999988079071,0.699999988079071,0.699999988079071,0
2022-09-05,0.6499999761581421,0.6499999761581421,0.699999988079071,0.6499999761581421,0.699999988079071,273106
2022-09-06,0.6499999761581421,0.6499999761581421,0.6499999761581421,0.6499999761581421,0.6499999761581421,0
2022-09-07,0.6499999761581421,0.6499999761581421,0.6499999761581421,0.6499999761581421,0.6499999761581421,0
2022-09-08,0.6499999761581421,0.6499999761581421,0.6499999761581421,0.6499999761581421,0.6499999761581421,0
2022-09-09,0.6499999761581421,0.6499999761581421,0.6499999761581421,0.6499999761581421,0.6499999761581421,0
2022-09-12,0.6000000238418579,0.6000000238418579,0.6000000238418579,0.6000000238418579,0.6000000238418579,34151
2022-09-13,0.6000000238418579,0.6000000238418579,0.6000000238418579,0.6000000238418579,0.6000000238418579,0
2022-09-14,0.6499999761581421,0.6499999761581421,0.6499999761581421,0.550000011920929,0.6499999761581421,653890
2022-09-15,0.6000000238418579,0.6000000238418579,0.6499999761581421,0.6000000238418579,0.6499999761581421,363671
2022-09-16,0.550000011920929,0.550000011920929,0.6000000238418579,0.550000011920929,0.550000011920929,2125426
2022-09-19,0.6000000238418579,0.6000000238418579,0.6000000238418579,0.5,0.5,595227
2022-09-20,0.6499999761581421,0.6499999761581421,0.6499999761581421,0.6000000238418579,0.6499999761581421,423956
2022-09-21,0.699999988079071,0.699999988079071,0.699999988079071,0.6000000238418579,0.6000000238418579,59375
2022-09-22,0.75,0.75,0.75,0.75,0.75,11016
2022-09-23,0.800000011920929,0.800000011920929,0.800000011920929,0.800000011920929,0.800000011920929,188648
2022-09-26,0.8500000238418579,0.8500000238418579,0.8500000238418579,0.800000011920929,0.8500000238418579,536545
2022-09-27,0.8500000238418579,0.8500000238418579,0.8500000238418579,0.8500000238418579,0.8500000238418579,0
2022-09-28,0.8500000238418579,0.8500000238418579,0.8500000238418579,0.8500000238418579,0.8500000238418579,0
2022-09-29,0.8500000238418579,0.8500000238418579,0.8500000238418579,0.8500000238418579,0.8500000238418579,0
2022-09-30,0.8500000238418579,0.8500000238418579,0.8500000238418579,0.8500000238418579,0.8500000238418579,0
2022-10-03,0.800000011920929,0.800000011920929,0.8500000238418579,0.800000011920929,0.8500000238418579,106939
2022-10-04,0.800000011920929,0.800000011920929,0.800000011920929,0.800000011920929,0.800000011920929,0
2022-10-06,0.800000011920929,0.800000011920929,0.800000011920929,0.800000011920929,0.800000011920929,0
2022-10-07,0.800000011920929,0.800000011920929,0.800000011920929,0.800000011920929,0.800000011920929,0
2022-10-10,0.800000011920929,0.800000011920929,0.800000011920929,0.800000011920929,0.800000011920929,31319
2022-10-11,0.800000011920929,0.800000011920929,0.800000011920929,0.800000011920929,0.800000011920929,0
2022-10-12,0.800000011920929,0.800000011920929,0.800000011920929,0.800000011920929,0.800000011920929,0
2022-10-13,0.800000011920929,0.800000011920929,0.800000011920929,0.800000011920929,0.800000011920929,0
2022-10-14,0.800000011920929,0.800000011920929,0.800000011920929,0.800000011920929,0.800000011920929,0
2022-10-17,0.800000011920929,0.800000011920929,0.800000011920929,0.75,0.75,27869
2022-10-18,0.800000011920929,0.800000011920929,0.800000011920929,0.800000011920929,0.800000011920929,0
2022-10-19,0.800000011920929,0.800000011920929,0.800000011920929,0.800000011920929,0.800000011920929,0
2022-10-20,0.800000011920929,0.800000011920929,0.800000011920929,0.800000011920929,0.800000011920929,0
2022-10-21,0.800000011920929,0.800000011920929,0.800000011920929,0.800000011920929,0.800000011920929,0
2022-10-24,0.800000011920929,0.800000011920929,0.800000011920929,0.75,0.800000011920929,6649
2022-10-25,0.800000011920929,0.800000011920929,0.800000011920929,0.800000011920929,0.800000011920929,0
2022-10-27,0.800000011920929,0.800000011920929,0.800000011920929,0.800000011920929,0.800000011920929,0
2022-10-28,0.800000011920929,0.800000011920929,0.800000011920929,0.800000011920929,0.800000011920929,0
2022-10-31,0.800000011920929,0.800000011920929,0.800000011920929,0.800000011920929,0.800000011920929,153537
2022-11-01,0.800000011920929,0.800000011920929,0.800000011920929,0.800000011920929,0.800000011920929,0
2022-11-02,0.800000011920929,0.800000011920929,0.800000011920929,0.800000011920929,0.800000011920929,0
2022-11-03,0.800000011920929,0.800000011920929,0.800000011920929,0.800000011920929,0.800000011920929,0
2022-11-04,0.800000011920929,0.800000011920929,0.800000011920929,0.800000011920929,0.800000011920929,0
2022-11-07,0.800000011920929,0.800000011920929,0.800000011920929,0.800000011920929,0.800000011920929,26034
2022-11-09,0.800000011920929,0.800000011920929,0.800000011920929,0.800000011920929,0.800000011920929,0
2022-11-10,0.800000011920929,0.800000011920929,0.800000011920929,0.800000011920929,0.800000011920929,0
2022-11-11,0.800000011920929,0.800000011920929,0.800000011920929,0.800000011920929,0.800000011920929,0
2022-11-14,0.8500000238418579,0.8500000238418579,0.8500000238418579,0.8500000238418579,0.8500000238418579,31627
2022-11-15,0.8500000238418579,0.8500000238418579,0.8500000238418579,0.8500000238418579,0.8500000238418579,0
2022-11-16,0.8500000238418579,0.8500000238418579,0.8500000238418579,0.8500000238418579,0.8500000238418579,0
2022-11-17,0.8500000238418579,0.8500000238418579,0.8500000238418579,0.8500000238418579,0.8500000238418579,0
2022-11-18,0.8500000238418579,0.8500000238418579,0.8500000238418579,0.8500000238418579,0.8500000238418579,0
2022-11-21,0.8999999761581421,0.8999999761581421,0.8999999761581421,0.8999999761581421,0.8999999761581421,791516
2022-11-22,0.8999999761581421,0.8999999761581421,0.8999999761581421,0.8999999761581421,0.8999999761581421,0
2022-11-23,0.8999999761581421,0.8999999761581421,0.8999999761581421,0.8999999761581421,0.8999999761581421,0
2022-11-24,0.8999999761581421,0.8999999761581421,0.8999999761581421,0.8999999761581421,0.8999999761581421,0
2022-11-25,0.8999999761581421,0.8999999761581421,0.8999999761581421,0.8999999761581421,0.8999999761581421,0
2022-11-28,0.8999999761581421,0.8999999761581421,0.8999999761581421,0.8999999761581421,0.8999999761581421,48446
2022-11-29,0.8999999761581421,0.8999999761581421,0.8999999761581421,0.8999999761581421,0.8999999761581421,0
2022-11-30,0.8999999761581421,0.8999999761581421,0.8999999761581421,0.8999999761581421,0.8999999761581421,0
2022-12-01,0.8999999761581421,0.8999999761581421,0.8999999761581421,0.8999999761581421,0.8999999761581421,0
2022-12-02,0.8999999761581421,0.8999999761581421,0.8999999761581421,0.8999999761581421,0.8999999761581421,0
2022-12-05,0.8999999761581421,0.8999999761581421,0.8999999761581421,0.8999999761581421,0.8999999761581421,962163
2022-12-06,0.8999999761581421,0.8999999761581421,0.8999999761581421,0.8999999761581421,0.8999999761581421,0
2022-12-07,0.8999999761581421,0.8999999761581421,0.8999999761581421,0.8999999761581421,0.8999999761581421,0
2022-12-08,0.8999999761581421,0.8999999761581421,0.8999999761581421,0.8999999761581421,0.8999999761581421,0
2022-12-09,0.8999999761581421,0.8999999761581421,0.8999999761581421,0.8999999761581421,0.8999999761581421,0
2022-12-12,0.8999999761581421,0.8999999761581421,0.8999999761581421,0.8999999761581421,0.8999999761581421,622192
2022-12-13,0.8999999761581421,0.8999999761581421,0.8999999761581421,0.8999999761581421,0.8999999761581421,0
2022-12-14,0.8999999761581421,0.8999999761581421,0.8999999761581421,0.8999999761581421,0.8999999761581421,0
2022-12-15,0.8999999761581421,0.8999999761581421,0.8999999761581421,0.8999999761581421,0.8999999761581421,0
2022-12-16,0.8999999761581421,0.8999999761581421,0.8999999761581421,0.8999999761581421,0.8999999761581421,0
2022-12-19,0.8999999761581421,0.8999999761581421,0.8999999761581421,0.8999999761581421,0.8999999761581421,551182
2022-12-20,0.8999999761581421,0.8999999761581421,0.8999999761581421,0.8999999761581421,0.8999999761581421,0
2022-12-21,0.8999999761581421,0.8999999761581421,0.8999999761581421,0.8999999761581421,0.8999999761581421,0
2022-12-22,0.8999999761581421,0.8999999761581421,0.8999999761581421,0.8999999761581421,0.8999999761581421,0
2022-12-23,0.8999999761581421,0.8999999761581421,0.8999999761581421,0.8999999761581421,0.8999999761581421,0
2022-12-26,0.8999999761581421,0.8999999761581421,0.8999999761581421,0.8999999761581421,0.8999999761581421,326448
2022-12-27,0.8999999761581421,0.8999999761581421,0.8999999761581421,0.8999999761581421,0.8999999761581421,0
2022-12-28,0.8999999761581421,0.8999999761581421,0.8999999761581421,0.8999999761581421,0.8999999761581421,0
2022-12-29,0.8999999761581421,0.8999999761581421,0.8999999761581421,0.8999999761581421,0.8999999761581421,0
2022-12-30,0.8999999761581421,0.8999999761581421,0.8999999761581421,0.8999999761581421,0.8999999761581421,0
2023-01-02,0.8999999761581421,0.8999999761581421,0.8999999761581421,0.8999999761581421,0.8999999761581421,229748
2023-01-03,0.8999999761581421,0.8999999761581421,0.8999999761581421,0.8999999761581421,0.8999999761581421,0
2023-01-04,0.8999999761581421,0.8999999761581421,0.8999999761581421,0.8999999761581421,0.8999999761581421,0
2023-01-05,0.8999999761581421,0.8999999761581421,0.8999999761581421,0.8999999761581421,0.8999999761581421,0
2023-01-06,0.8999999761581421,0.8999999761581421,0.8999999761581421,0.8999999761581421,0.8999999761581421,0
2023-01-09,0.949999988079071,0.949999988079071,0.949999988079071,0.949999988079071,0.949999988079071,52250
2023-01-10,0.949999988079071,0.949999988079071,0.949999988079071,0.949999988079071,0.949999988079071,0
2023-01-11,0.949999988079071,0.949999988079071,0.949999988079071,0.949999988079071,0.949999988079071,0
2023-01-12,0.949999988079071,0.949999988079071,0.949999988079071,0.949999988079071,0.949999988079071,0
2023-01-13,0.949999988079071,0.949999988079071,0.949999988079071,0.949999988079071,0.949999988079071,0
2023-01-16,0.949999988079071,0.949999988079071,0.949999988079071,0.949999988079071,0.949999988079071,58162
2023-01-17,0.949999988079071,0.949999988079071,0.949999988079071,0.949999988079071,0.949999988079071,0
2023-01-18,0.949999988079071,0.949999988079071,0.949999988079071,0.949999988079071,0.949999988079071,0
2023-01-19,0.949999988079071,0.949999988079071,0.949999988079071,0.949999988079071,0.949999988079071,0
2023-01-20,0.949999988079071,0.949999988079071,0.949999988079071,0.949999988079071,0.949999988079071,0
2023-01-23,0.949999988079071,0.949999988079071,0.949999988079071,0.949999988079071,0.949999988079071,554903
2023-01-24,0.949999988079071,0.949999988079071,0.949999988079071,0.949999988079071,0.949999988079071,0
2023-01-25,0.949999988079071,0.949999988079071,0.949999988079071,0.949999988079071,0.949999988079071,0
2023-01-27,0.949999988079071,0.949999988079071,0.949999988079071,0.949999988079071,0.949999988079071,0
2023-01-30,0.949999988079071,0.949999988079071,0.949999988079071,0.949999988079071,0.949999988079071,176632
2023-01-31,0.949999988079071,0.949999988079071,0.949999988079071,0.949999988079071,0.949999988079071,0
2023-02-01,0.949999988079071,0.949999988079071,0.949999988079071,0.949999988079071,0.949999988079071,0
2023-02-02,0.949999988079071,0.949999988079071,0.949999988079071,0.949999988079071,0.949999988079071,0
2023-02-03,0.949999988079071,0.949999988079071,0.949999988079071,0.949999988079071,0.949999988079071,0
2023-02-06,0.949999988079071,0.949999988079071,0.949999988079071,0.949999988079071,0.949999988079071,102560
2023-02-07,0.949999988079071,0.949999988079071,0.949999988079071,0.949999988079071,0.949999988079071,0
2023-02-08,0.949999988079071,0.949999988079071,0.949999988079071,0.949999988079071,0.949999988079071,0
2023-02-09,0.949999988079071,0.949999988079071,0.949999988079071,0.949999988079071,0.949999988079071,0
2023-02-10,0.949999988079071,0.949999988079071,0.949999988079071,0.949999988079071,0.949999988079071,0
2023-02-13,1.0,1.0,1.0,1.0,1.0,79523
2023-02-14,1.0,1.0,1.0,1.0,1.0,0
2023-02-15,1.0,1.0,1.0,1.0,1.0,0
2023-02-16,1.0,1.0,1.0,1.0,1.0,0
2023-02-17,1.0,1.0,1.0,1.0,1.0,0
2023-02-20,1.0,1.0,1.0,1.0,1.0,101182
2023-02-21,1.0,1.0,1.0,1.0,1.0,0
2023-02-22,1.0,1.0,1.0,1.0,1.0,0
2023-02-23,1.0,1.0,1.0,1.0,1.0,0
2023-02-24,1.0,1.0,1.0,1.0,1.0,0
2023-02-27,1.0,1.0,1.0,1.0,1.0,175137
2023-02-28,1.0,1.0,1.0,1.0,1.0,0
2023-03-01,1.0,1.0,1.0,1.0,1.0,0
2023-03-02,1.0,1.0,1.0,1.0,1.0,0
2023-03-03,1.0,1.0,1.0,1.0,1.0,0
2023-03-06,1.0,1.0,1.0,1.0,1.0,7060
2023-03-08,1.0,1.0,1.0,1.0,1.0,0
2023-03-09,1.0,1.0,1.0,1.0,1.0,0
2023-03-10,1.0,1.0,1.0,1.0,1.0,0
2023-03-13,1.0,1.0,1.0,1.0,1.0,17060
2023-03-14,1.0,1.0,1.0,1.0,1.0,0
2023-03-15,1.0,1.0,1.0,1.0,1.0,0
2023-03-16,1.0,1.0,1.0,1.0,1.0,0
2023-03-17,1.0,1.0,1.0,1.0,1.0,0
2023-03-20,1.0499999523162842,1.0499999523162842,1.0499999523162842,1.0499999523162842,1.0499999523162842,290779
2023-03-21,1.0499999523162842,1.0499999523162842,1.0499999523162842,1.0499999523162842,1.0499999523162842,0
2023-03-22,1.0499999523162842,1.0499999523162842,1.0499999523162842,1.0499999523162842,1.0499999523162842,0
2023-03-23,1.0499999523162842,1.0499999523162842,1.0499999523162842,1.0499999523162842,1.0499999523162842,0
2023-03-24,1.0499999523162842,1.0499999523162842,1.0499999523162842,1.0499999523162842,1.0499999523162842,0
2023-03-27,1.0499999523162842,1.0499999523162842,1.0499999523162842,1.0499999523162842,1.0499999523162842,117526
2023-03-28,1.0499999523162842,1.0499999523162842,1.0499999523162842,1.0499999523162842,1.0499999523162842,0
2023-03-29,1.0499999523162842,1.0499999523162842,1.0499999523162842,1.0499999523162842,1.0499999523162842,0
2023-03-31,1.0499999523162842,1.0499999523162842,1.0499999523162842,1.0499999523162842,1.0499999523162842,0
2023-04-03,1.0499999523162842,1.0499999523162842,1.0499999523162842,1.0499999523162842,1.0499999523162842,17163
2023-04-05,1.0499999523162842,1.0499999523162842,1.0499999523162842,1.0499999523162842,1.0499999523162842,0
2023-04-06,1.0499999523162842,1.0499999523162842,1.0499999523162842,1.0499999523162842,1.0499999523162842,0
2023-04-10,1.0499999523162842,1.0499999523162842,1.0499999523162842,1.0499999523162842,1.0499999523162842,18008
2023-04-11,1.0499999523162842,1.0499999523162842,1.0499999523162842,1.0499999523162842,1.0499999523162842,0
2023-04-12,1.0499999523162842,1.0499999523162842,1.0499999523162842,1.0499999523162842,1.0499999523162842,0
2023-04-13,1.0499999523162842,1.0499999523162842,1.0499999523162842,1.0499999523162842,1.0499999523162842,0
2023-04-17,1.0499999523162842,1.0499999523162842,1.0499999523162842,1.0499999523162842,1.0499999523162842,92966
2023-04-18,1.0499999523162842,1.0499999523162842,1.0499999523162842,1.0499999523162842,1.0499999523162842,0
2023-04-19,1.0499999523162842,1.0499999523162842,1.0499999523162842,1.0499999523162842,1.0499999523162842,0
2023-04-20,1.0499999523162842,1.0499999523162842,1.0499999523162842,1.0499999523162842,1.0499999523162842,0
2023-04-21,1.0499999523162842,1.0499999523162842,1.0499999523162842,1.0499999523162842,1.0499999523162842,0
2023-04-24,1.0499999523162842,1.0499999523162842,1.0499999523162842,1.0499999523162842,1.0499999523162842,40116
2023-04-25,1.0499999523162842,1.0499999523162842,1.0499999523162842,1.0499999523162842,1.0499999523162842,0
2023-04-26,1.0499999523162842,1.0499999523162842,1.0499999523162842,1.0499999523162842,1.0499999523162842,0
2023-04-27,1.0499999523162842,1.0499999523162842,1.0499999523162842,1.0499999523162842,1.0499999523162842,0
2023-04-28,1.0499999523162842,1.0499999523162842,1.0499999523162842,1.0499999523162842,1.0499999523162842,0
2023-05-02,1.0499999523162842,1.0499999523162842,1.0499999523162842,1.0499999523162842,1.0499999523162842,68361
2023-05-03,1.0499999523162842,1.0499999523162842,1.0499999523162842,1.0499999523162842,1.0499999523162842,0
2023-05-04,1.0499999523162842,1.0499999523162842,1.0499999523162842,1.0499999523162842,1.0499999523162842,0
2023-05-05,1.0499999523162842,1.0499999523162842,1.0499999523162842,1.0499999523162842,1.0499999523162842,0
2023-05-08,1.100000023841858,1.100000023841858,1.100000023841858,1.100000023841858,1.100000023841858,130739
2023-05-09,1.100000023841858,1.100000023841858,1.100000023841858,1.100000023841858,1.100000023841858,0
2023-05-10,1.100000023841858,1.100000023841858,1.100000023841858,1.100000023841858,1.100000023841858,0
2023-05-11,1.100000023841858,1.100000023841858,1.100000023841858,1.100000023841858,1.100000023841858,0
2023-05-12,1.100000023841858,1.100000023841858,1.100000023841858,1.100000023841858,1.100000023841858,0
2023-05-15,1.100000023841858,1.100000023841858,1.100000023841858,1.100000023841858,1.100000023841858,131898
2023-05-16,1.100000023841858,1.100000023841858,1.100000023841858,1.100000023841858,1.100000023841858,0
2023-05-17,1.100000023841858,1.100000023841858,1.100000023841858,1.100000023841858,1.100000023841858,0
2023-05-18,1.100000023841858,1.100000023841858,1.100000023841858,1.100000023841858,1.100000023841858,0
2023-05-19,1.100000023841858,1.100000023841858,1.100000023841858,1.100000023841858,1.100000023841858,0
2023-05-22,1.100000023841858,1.100000023841858,1.100000023841858,1.100000023841858,1.100000023841858,6723
2023-05-23,1.100000023841858,1.100000023841858,1.100000023841858,1.100000023841858,1.100000023841858,0
2023-05-24,1.100000023841858,1.100000023841858,1.100000023841858,1.100000023841858,1.100000023841858,0
2023-05-25,1.100000023841858,1.100000023841858,1.100000023841858,1.100000023841858,1.100000023841858,0
2023-05-26,1.100000023841858,1.100000023841858,1.100000023841858,1.100000023841858,1.100000023841858,0
2023-05-29,1.100000023841858,1.100000023841858,1.100000023841858,1.100000023841858,1.100000023841858,19576
2023-05-30,1.100000023841858,1.100000023841858,1.100000023841858,1.100000023841858,1.100000023841858,0
2023-05-31,1.100000023841858,1.100000023841858,1.100000023841858,1.100000023841858,1.100000023841858,0
2023-06-01,1.100000023841858,1.100000023841858,1.100000023841858,1.100000023841858,1.100000023841858,0
2023-06-02,1.100000023841858,1.100000023841858,1.100000023841858,1.100000023841858,1.100000023841858,0
2023-06-05,1.100000023841858,1.100000023841858,1.100000023841858,1.100000023841858,1.100000023841858,22640
2023-06-06,1.100000023841858,1.100000023841858,1.100000023841858,1.100000023841858,1.100000023841858,0
2023-06-07,1.100000023841858,1.100000023841858,1.100000023841858,1.100000023841858,1.100000023841858,0
2023-06-08,1.100000023841858,1.100000023841858,1.100000023841858,1.100000023841858,1.100000023841858,0
2023-06-09,1.100000023841858,1.100000023841858,1.100000023841858,1.100000023841858,1.100000023841858,0
2023-06-12,1.149999976158142,1.149999976158142,1.149999976158142,1.149999976158142,1.149999976158142,96049
2023-06-13,1.149999976158142,1.149999976158142,1.149999976158142,1.149999976158142,1.149999976158142,0
2023-06-14,1.149999976158142,1.149999976158142,1.149999976158142,1.149999976158142,1.149999976158142,0
2023-06-15,1.149999976158142,1.149999976158142,1.149999976158142,1.149999976158142,1.149999976158142,0
2023-06-16,1.149999976158142,1.149999976158142,1.149999976158142,1.149999976158142,1.149999976158142,0
2023-06-19,1.149999976158142,1.149999976158142,1.149999976158142,1.149999976158142,1.149999976158142,75844
2023-06-20,1.149999976158142,1.149999976158142,1.149999976158142,1.149999976158142,1.149999976158142,0
2023-06-21,1.149999976158142,1.149999976158142,1.149999976158142,1.149999976158142,1.149999976158142,0
2023-06-22,1.149999976158142,1.149999976158142,1.149999976158142,1.149999976158142,1.149999976158142,0
2023-06-23,1.149999976158142,1.149999976158142,1.149999976158142,1.149999976158142,1.149999976158142,0
2023-06-26,1.149999976158142,1.149999976158142,1.149999976158142,1.149999976158142,1.149999976158142,9453
2023-06-27,1.149999976158142,1.149999976158142,1.149999976158142,1.149999976158142,1.149999976158142,0
2023-06-28,1.149999976158142,1.149999976158142,1.149999976158142,1.149999976158142,1.149999976158142,0
2023-06-30,1.149999976158142,1.149999976158142,1.149999976158142,1.149999976158142,1.149999976158142,0
2023-07-03,1.149999976158142,1.149999976158142,1.149999976158142,1.149999976158142,1.149999976158142,28289
2023-07-04,1.149999976158142,1.149999976158142,1.149999976158142,1.149999976158142,1.149999976158142,0
2023-07-05,1.149999976158142,1.149999976158142,1.149999976158142,1.149999976158142,1.149999976158142,0
2023-07-06,1.149999976158142,1.149999976158142,1.149999976158142,1.149999976158142,1.149999976158142,0
2023-07-07,1.149999976158142,1.149999976158142,1.149999976158142,1.149999976158142,1.149999976158142,0
2023-07-10,1.2000000476837158,1.2000000476837158,1.2000000476837158,1.2000000476837158,1.2000000476837158,71348
2023-07-11,1.2000000476837158,1.2000000476837158,1.2000000476837158,1.2000000476837158,1.2000000476837158,0
2023-07-12,1.2000000476837158,1.2000000476837158,1.2000000476837158,1.2000000476837158,1.2000000476837158,0
2023-07-13,1.2000000476837158,1.2000000476837158,1.2000000476837158,1.2000000476837158,1.2000000476837158,0
2023-07-14,1.2000000476837158,1.2000000476837158,1.2000000476837158,1.2000000476837158,1.2000000476837158,0
2023-07-17,1.2000000476837158,1.2000000476837158,1.2000000476837158,1.2000000476837158,1.2000000476837158,128602
2023-07-18,1.2000000476837158,1.2000000476837158,1.2000000476837158,1.2000000476837158,1.2000000476837158,0
2023-07-19,1.2000000476837158,1.2000000476837158,1.2000000476837158,1.2000000476837158,1.2000000476837158,0
2023-07-20,1.2000000476837158,1.2000000476837158,1.2000000476837158,1.2000000476837158,1.2000000476837158,0
2023-07-21,1.2000000476837158,1.2000000476837158,1.2000000476837158,1.2000000476837158,1.2000000476837158,0
2023-07-24,1.2000000476837158,1.2000000476837158,1.2000000476837158,1.2000000476837158,1.2000000476837158,472848
2023-07-25,1.2000000476837158,1.2000000476837158,1.2000000476837158,1.2000000476837158,1.2000000476837158,0
2023-07-26,1.2000000476837158,1.2000000476837158,1.2000000476837158,1.2000000476837158,1.2000000476837158,0
2023-07-27,1.2000000476837158,1.2000000476837158,1.2000000476837158,1.2000000476837158,1.2000000476837158,0
2023-07-28,1.2000000476837158,1.2000000476837158,1.2000000476837158,1.2000000476837158,1.2000000476837158,0
2023-07-31,1.2000000476837158,1.2000000476837158,1.2000000476837158,1.2000000476837158,1.2000000476837158,17386
2023-08-01,1.2000000476837158,1.2000000476837158,1.2000000476837158,1.2000000476837158,1.2000000476837158,0
2023-08-02,1.2000000476837158,1.2000000476837158,1.2000000476837158,1.2000000476837158,1.2000000476837158,0
2023-08-03,1.2000000476837158,1.2000000476837158,1.2000000476837158,1.2000000476837158,1.2000000476837158,0
2023-08-04,1.2000000476837158,1.2000000476837158,1.2000000476837158,1.2000000476837158,1.2000000476837158,0
2023-08-07,1.2000000476837158,1.2000000476837158,1.2000000476837158,1.2000000476837158,1.2000000476837158,20709
2023-08-08,1.2000000476837158,1.2000000476837158,1.2000000476837158,1.2000000476837158,1.2000000476837158,0
2023-08-09,1.2000000476837158,1.2000000476837158,1.2000000476837158,1.2000000476837158,1.2000000476837158,0
2023-08-10,1.2000000476837158,1.2000000476837158,1.2000000476837158,1.2000000476837158,1.2000000476837158,0
2023-08-11,1.2000000476837158,1.2000000476837158,1.2000000476837158,1.2000000476837158,1.2000000476837158,0
2023-08-14,1.25,1.25,1.25,1.25,1.25,121256
2023-08-16,1.25,1.25,1.25,1.25,1.25,0
2023-08-17,1.25,1.25,1.25,1.25,1.25,0
2023-08-18,1.25,1.25,1.25,1.25,1.25,0
2023-08-21,1.25,1.25,1.25,1.25,1.25,10830
2023-08-22,1.25,1.25,1.25,1.25,1.25,0
2023-08-23,1.25,1.25,1.25,1.25,1.25,0
2023-08-24,1.25,1.25,1.25,1.25,1.25,0
2023-08-25,1.25,1.25,1.25,1.25,1.25,0
2023-08-28,1.25,1.25,1.25,1.25,1.25,26282
2023-08-29,1.25,1.25,1.25,1.25,1.25,0
2023-08-30,1.25,1.25,1.25,1.25,1.25,0
2023-08-31,1.25,1.25,1.25,1.25,1.25,0
2023-09-01,1.25,1.25,1.25,1.25,1.25,0
2023-09-04,1.25,1.25,1.25,1.25,1.25,617629
2023-09-05,1.25,1.25,1.25,1.25,1.25,0
2023-09-06,1.25,1.25,1.25,1.25,1.25,0
2023-09-07,1.25,1.25,1.25,1.25,1.25,0
2023-09-08,1.25,1.25,1.25,1.25,1.25,0
2023-09-11,1.2000000476837158,1.2000000476837158,1.25,1.2000000476837158,1.25,1400712
2023-09-12,1.2000000476837158,1.2000000476837158,1.2000000476837158,1.2000000476837158,1.2000000476837158,0
2023-09-13,1.2000000476837158,1.2000000476837158,1.2000000476837158,1.2000000476837158,1.2000000476837158,0
2023-09-14,1.2000000476837158,1.2000000476837158,1.2000000476837158,1.2000000476837158,1.2000000476837158,0
2023-09-15,1.2000000476837158,1.2000000476837158,1.2000000476837158,1.2000000476837158,1.2000000476837158,0
2023-09-18,1.149999976158142,1.149999976158142,1.2000000476837158,1.149999976158142,1.2000000476837158,881449
2023-09-20,1.149999976158142,1.149999976158142,1.149999976158142,1.149999976158142,1.149999976158142,0
2023-09-21,1.149999976158142,1.149999976158142,1.149999976158142,1.149999976158142,1.149999976158142,0
2023-09-22,1.149999976158142,1.149999976158142,1.149999976158142,1.149999976158142,1.149999976158142,0
2023-09-25,1.100000023841858,1.100000023841858,1.149999976158142,1.100000023841858,1.100000023841858,572479
2023-09-26,1.100000023841858,1.100000023841858,1.100000023841858,1.100000023841858,1.100000023841858,0
2023-09-27,1.100000023841858,1.100000023841858,1.100000023841858,1.100000023841858,1.100000023841858,0
2023-09-28,1.100000023841858,1.100000023841858,1.100000023841858,1.100000023841858,1.100000023841858,0
2023-09-29,1.100000023841858,1.100000023841858,1.100000023841858,1.100000023841858,1.100000023841858,0
2023-10-03,1.100000023841858,1.100000023841858,1.100000023841858,1.0499999523162842,1.100000023841858,92962
2023-10-04,1.100000023841858,1.100000023841858,1.100000023841858,1.100000023841858,1.100000023841858,0
2023-10-05,1.100000023841858,1.100000023841858,1.100000023841858,1.100000023841858,1.100000023841858,0
2023-10-06,1.100000023841858,1.100000023841858,1.100000023841858,1.100000023841858,1.100000023841858,0
2023-10-09,1.149999976158142,1.149999976158142,1.149999976158142,1.0499999523162842,1.100000023841858,118335
2023-10-10,1.149999976158142,1.149999976158142,1.149999976158142,1.149999976158142,1.149999976158142,0
2023-10-11,1.149999976158142,1.149999976158142,1.149999976158142,1.149999976158142,1.149999976158142,0
2023-10-12,1.149999976158142,1.149999976158142,1.149999976158142,1.149999976158142,1.149999976158142,0
2023-10-13,1.149999976158142,1.149999976158142,1.149999976158142,1.149999976158142,1.149999976158142,0
2023-10-16,1.100000023841858,1.100000023841858,1.149999976158142,1.100000023841858,1.149999976158142,124214
2023-10-17,1.100000023841858,1.100000023841858,1.100000023841858,1.100000023841858,1.100000023841858,0
2023-10-18,1.100000023841858,1.100000023841858,1.100000023841858,1.100000023841858,1.100000023841858,0
2023-10-19,1.100000023841858,1.100000023841858,1.100000023841858,1.100000023841858,1.100000023841858,0
2023-10-20,1.100000023841858,1.100000023841858,1.100000023841858,1.100000023841858,1.100000023841858,0
2023-10-23,1.0499999523162842,1.0499999523162842,1.100000023841858,1.0499999523162842,1.100000023841858,23090
2023-10-25,1.0499999523162842,1.0499999523162842,1.0499999523162842,1.0499999523162842,1.0499999523162842,0
2023-10-26,1.0499999523162842,1.0499999523162842,1.0499999523162842,1.0499999523162842,1.0499999523162842,0
2023-10-27,1.0499999523162842,1.0499999523162842,1.0499999523162842,1.0499999523162842,1.0499999523162842,0
2023-10-30,1.0,1.0,1.0499999523162842,1.0,1.0499999523162842,390824
2023-10-31,1.0,1.0,1.0,1.0,1.0,0
2023-11-01,1.0,1.0,1.0,1.0,1.0,0
2023-11-02,1.0,1.0,1.0,1.0,1.0,0
2023-11-03,1.0,1.0,1.0,1.0,1.0,0
2023-11-06,1.0,1.0,1.0,1.0,1.0,1108573
2023-11-07,1.0,1.0,1.0,1.0,1.0,0
2023-11-08,1.0,1.0,1.0,1.0,1.0,0
2023-11-09,1.0,1.0,1.0,1.0,1.0,0
2023-11-10,1.0,1.0,1.0,1.0,1.0,0
2023-11-13,1.0499999523162842,1.0499999523162842,1.0499999523162842,1.0499999523162842,1.0499999523162842,69706
2023-11-15,1.0499999523162842,1.0499999523162842,1.0499999523162842,1.0499999523162842,1.0499999523162842,0
2023-11-16,1.0499999523162842,1.0499999523162842,1.0499999523162842,1.0499999523162842,1.0499999523162842,0
2023-11-17,1.0499999523162842,1.0499999523162842,1.0499999523162842,1.0499999523162842,1.0499999523162842,0
2023-11-20,1.0499999523162842,1.0499999523162842,1.0499999523162842,1.0499999523162842,1.0499999523162842,15944
2023-11-21,1.0499999523162842,1.0499999523162842,1.0499999523162842,1.0499999523162842,1.0499999523162842,0
2023-11-22,1.0499999523162842,1.0499999523162842,1.0499999523162842,1.0499999523162842,1.0499999523162842,0
2023-11-23,1.0499999523162842,1.0499999523162842,1.0499999523162842,1.0499999523162842,1.0499999523162842,0
2023-11-24,1.0499999523162842,1.0499999523162842,1.0499999523162842,1.0499999523162842,1.0499999523162842,0
2023-11-28,1.0499999523162842,1.0499999523162842,1.0499999523162842,1.0499999523162842,1.0499999523162842,13052
2023-11-29,1.0499999523162842,1.0499999523162842,1.0499999523162842,1.0499999523162842,1.0499999523162842,0
2023-11-30,1.0499999523162842,1.0499999523162842,1.0499999523162842,1.0499999523162842,1.0499999523162842,0
2023-12-01,1.0499999523162842,1.0499999523162842,1.0499999523162842,1.0499999523162842,1.0499999523162842,0
2023-12-04,1.0499999523162842,1.0499999523162842,1.0499999523162842,1.0499999523162842,1.0499999523162842,57208
2023-12-05,1.0499999523162842,1.0499999523162842,1.0499999523162842,1.0499999523162842,1.0499999523162842,0
2023-12-06,1.0499999523162842,1.0499999523162842,1.0499999523162842,1.0499999523162842,1.0499999523162842,0
2023-12-07,1.0499999523162842,1.0499999523162842,1.0499999523162842,1.0499999523162842,1.0499999523162842,0
2023-12-08,1.0499999523162842,1.0499999523162842,1.0499999523162842,1.0499999523162842,1.0499999523162842,0
2023-12-11,1.0499999523162842,1.0499999523162842,1.0499999523162842,1.0499999523162842,1.0499999523162842,7026
2023-12-12,1.100000023841858,1.100000023841858,1.100000023841858,1.0499999523162842,1.0499999523162842,99907
2023-12-13,1.149999976158142,1.149999976158142,1.149999976158142,1.149999976158142,1.149999976158142,14965
2023-12-14,1.2000000476837158,1.2000000476837158,1.2000000476837158,1.2000000476837158,1.2000000476837158,3620
2023-12-15,1.25,1.25,1.25,1.25,1.25,15421
2023-12-18,1.2999999523162842,1.2999999523162842,1.2999999523162842,1.2999999523162842,1.2999999523162842,104221
2023-12-19,1.350000023841858,1.350000023841858,1.350000023841858,1.350000023841858,1.350000023841858,9175
2023-12-20,1.399999976158142,1.399999976158142,1.399999976158142,1.399999976158142,1.399999976158142,4606
2023-12-21,1.4500000476837158,1.4500000476837158,1.4500000476837158,1.4500000476837158,1.4500000476837158,116573
2023-12-22,1.5,1.5,1.5,1.5,1.5,2026
2023-12-26,1.5499999523162842,1.5499999523162842,1.5499999523162842,1.5499999523162842,1.5499999523162842,20665
2023-12-27,1.600000023841858,1.600000023841858,1.600000023841858,1.600000023841858,1.600000023841858,2870
2023-12-28,1.649999976158142,1.649999976158142,1.649999976158142,1.649999976158142,1.649999976158142,4293
2023-12-29,1.7000000476837158,1.7000000476837158,1.7000000476837158,1.7000000476837158,1.7000000476837158,109282
2024-01-01,1.75,1.75,1.75,1.75,1.75,12730
2024-01-02,1.7999999523162842,1.7999999523162842,1.7999999523162842,1.7999999523162842,1.7999999523162842,19118
2024-01-03,1.850000023841858,1.850000023841858,1.850000023841858,1.850000023841858,1.850000023841858,209481
2024-01-04,1.899999976158142,1.899999976158142,1.899999976158142,1.899999976158142,1.899999976158142,8599
2024-01-05,1.950000047683716,1.950000047683716,1.950000047683716,1.950000047683716,1.950000047683716,17399
2024-01-08,2.0,2.0,2.0,2.0,2.0,28346
2024-01-09,2.049999952316284,2.049999952316284,2.049999952316284,2.049999952316284,2.049999952316284,1725
2024-01-10,2.0999999046325684,2.0999999046325684,2.0999999046325684,2.0999999046325684,2.0999999046325684,92150
2024-01-11,2.150000095367432,2.150000095367432,2.150000095367432,2.150000095367432,2.150000095367432,61042
2024-01-12,2.200000047683716,2.200000047683716,2.200000047683716,2.200000047683716,2.200000047683716,9076
2024-01-15,2.200000047683716,2.200000047683716,2.200000047683716,2.200000047683716,2.200000047683716,0
2024-01-16,2.25,2.25,2.25,2.25,2.25,10201
2024-01-17,2.299999952316284,2.299999952316284,2.299999952316284,2.299999952316284,2.299999952316284,15032
2024-01-18,2.3499999046325684,2.3499999046325684,2.3499999046325684,2.3499999046325684,2.3499999046325684,8651
2024-01-19,2.400000095367432,2.400000095367432,2.400000095367432,2.400000095367432,2.400000095367432,300540
2024-01-23,2.400000095367432,2.400000095367432,2.5,2.400000095367432,2.400000095367432,986523
2024-01-24,2.450000047683716,2.450000047683716,2.450000047683716,2.3499999046325684,2.450000047683716,666073
2024-01-25,2.450000047683716,2.450000047683716,2.450000047683716,2.400000095367432,2.450000047683716,811283
2024-01-29,2.5,2.5,2.5,2.400000095367432,2.5,456705
2024-01-30,2.549999952316284,2.549999952316284,2.549999952316284,2.549999952316284,2.549999952316284,1246652
2024-01-31,2.5,2.5,2.549999952316284,2.5,2.5,674452
2024-02-01,2.450000047683716,2.450000047683716,2.549999952316284,2.450000047683716,2.450000047683716,358194
2024-02-02,2.400000095367432,2.400000095367432,2.400000095367432,2.400000095367432,2.400000095367432,333787
2024-02-05,2.3499999046325684,2.3499999046325684,2.3499999046325684,2.3499999046325684,2.3499999046325684,196918
2024-02-06,2.299999952316284,2.299999952316284,2.299999952316284,2.299999952316284,2.299999952316284,126773
2024-02-07,2.25,2.25,2.25,2.25,2.25,221287
2024-02-08,2.200000047683716,2.200000047683716,2.200000047683716,2.200000047683716,2.200000047683716,333546
2024-02-09,2.150000095367432,2.150000095367432,2.150000095367432,2.150000095367432,2.150000095367432,130403
2024-02-12,2.0999999046325684,2.0999999046325684,2.0999999046325684,2.0999999046325684,2.0999999046325684,288480
2024-02-13,2.049999952316284,2.049999952316284,2.049999952316284,2.049999952316284,2.049999952316284,215620
2024-02-14,2.0,2.0,2.0,2.0,2.0,90124
2024-02-15,2.049999952316284,2.049999952316284,2.049999952316284,1.950000047683716,2.049999952316284,1425033
2024-02-16,2.0999999046325684,2.0999999046325684,2.0999999046325684,2.0999999046325684,2.0999999046325684,165886
2024-02-19,2.0999999046325684,2.0999999046325684,2.200000047683716,2.0999999046325684,2.200000047683716,2311811
2024-02-20,2.0,2.0,2.200000047683716,2.0,2.200000047683716,1032838
2024-02-21,1.899999976158142,1.899999976158142,2.049999952316284,1.899999976158142,2.049999952316284,1275469
2024-02-22,1.7999999523162842,1.7999999523162842,1.7999999523162842,1.7999999523162842,1.7999999523162842,549202
2024-02-23,1.75,1.75,1.75,1.75,1.75,283637
2024-02-26,1.7000000476837158,1.7000000476837158,1.7999999523162842,1.7000000476837158,1.7000000476837158,1067196
2024-02-27,1.75,1.75,1.75,1.7000000476837158,1.75,1765254
2024-02-28,1.7000000476837158,1.7000000476837158,1.7999999523162842,1.7000000476837158,1.7999999523162842,769980
2024-02-29,1.7000000476837158,1.7000000476837158,1.7000000476837158,1.649999976158142,1.7000000476837158,303580
2024-03-01,1.649999976158142,1.649999976158142,1.75,1.649999976158142,1.75,445435
2024-03-04,1.649999976158142,1.649999976158142,1.75,1.649999976158142,1.75,542120
2024-03-05,1.649999976158142,1.649999976158142,1.7000000476837158,1.600000023841858,1.7000000476837158,500718
2024-03-06,1.600000023841858,1.600000023841858,1.7000000476837158,1.600000023841858,1.7000000476837158,292347
2024-03-07,1.649999976158142,1.649999976158142,1.649999976158142,1.5499999523162842,1.600000023841858,391943
2024-03-11,1.600000023841858,1.600000023841858,1.7000000476837158,1.600000023841858,1.7000000476837158,341992
2024-03-12,1.5499999523162842,1.5499999523162842,1.600000023841858,1.5499999523162842,1.600000023841858,94013
2024-03-13,1.5,1.5,1.5,1.5,1.5,80525
2024-03-14,1.4500000476837158,1.4500000476837158,1.4500000476837158,1.4500000476837158,1.4500000476837158,117168
2024-03-15,1.399999976158142,1.399999976158142,1.399999976158142,1.399999976158142,1.399999976158142,144119
2024-03-18,1.350000023841858,1.350000023841858,1.350000023841858,1.350000023841858,1.350000023841858,259435
2024-03-19,1.2999999523162842,1.2999999523162842,1.2999999523162842,1.2999999523162842,1.2999999523162842,154153
2024-03-20,1.25,1.25,1.25,1.25,1.25,131010
2024-03-21,1.2999999523162842,1.2999999523162842,1.2999999523162842,1.2000000476837158,1.2000000476837158,4115022
2024-03-22,1.350000023841858,1.350000023841858,1.350000023841858,1.2999999523162842,1.350000023841858,621372
2024-03-26,1.350000023841858,1.350000023841858,1.399999976158142,1.2999999523162842,1.399999976158142,709556
2024-03-27,1.2999999523162842,1.2999999523162842,1.399999976158142,1.2999999523162842,1.350000023841858,547688
2024-03-28,1.25,1.25,1.2999999523162842,1.25,1.25,300792
2024-04-01,1.2000000476837158,1.2000000476837158,1.2999999523162842,1.2000000476837158,1.2000000476837158,879822
2024-04-02,1.25,1.25,1.25,1.2000000476837158,1.25,88119
2024-04-03,1.2999999523162842,1.2999999523162842,1.2999999523162842,1.2999999523162842,1.2999999523162842,423045
2024-04-04,1.350000023841858,1.350000023841858,1.350000023841858,1.350000023841858,1.350000023841858,474964
2024-04-05,1.399999976158142,1.399999976158142,1.399999976158142,1.399999976158142,1.399999976158142,61374
2024-04-08,1.4500000476837158,1.4500000476837158,1.4500000476837158,1.399999976158142,1.4500000476837158,423249
2024-04-09,1.4500000476837158,1.4500000476837158,1.4500000476837158,1.399999976158142,1.4500000476837158,195414
2024-04-10,1.399999976158142,1.399999976158142,1.399999976158142,1.399999976158142,1.399999976158142,156914
2024-04-12,1.399999976158142,1.399999976158142,1.399999976158142,1.350000023841858,1.399999976158142,57611
2024-04-15,1.350000023841858,1.350000023841858,1.350000023841858,1.350000023841858,1.350000023841858,229351
2024-04-16,1.2999999523162842,1.2999999523162842,1.350000023841858,1.2999999523162842,1.2999999523162842,66887
2024-04-18,1.25,1.25,1.2999999523162842,1.25,1.25,205059
2024-04-19,1.25,1.25,1.25,1.2000000476837158,1.25,63790
2024-04-22,1.2999999523162842,1.2999999523162842,1.2999999523162842,1.2999999523162842,1.2999999523162842,66061
2024-04-23,1.350000023841858,1.350000023841858,1.350000023841858,1.25,1.350000023841858,169239
2024-04-24,1.2999999523162842,1.2999999523162842,1.350000023841858,1.2999999523162842,1.2999999523162842,102767
2024-04-25,1.350000023841858,1.350000023841858,1.350000023841858,1.2999999523162842,1.350000023841858,42580
2024-04-26,1.2999999523162842,1.2999999523162842,1.2999999523162842,1.2999999523162842,1.2999999523162842,140859
2024-04-29,1.25,1.25,1.2999999523162842,1.25,1.25,427375
2024-04-30,1.2999999523162842,1.2999999523162842,1.2999999523162842,1.25,1.2999999523162842,70900
2024-05-02,1.2999999523162842,1.2999999523162842,1.2999999523162842,1.2999999523162842,1.2999999523162842,46481
2024-05-03,1.25,1.25,1.2999999523162842,1.25,1.25,556242
2024-05-06,1.25,1.25,1.25,1.25,1.25,38117
2024-05-07,1.2000000476837158,1.2000000476837158,1.25,1.2000000476837158,1.2000000476837158,260235
2024-05-08,1.2000000476837158,1.2000000476837158,1.2000000476837158,1.2000000476837158,1.2000000476837158,153007
2024-05-09,1.149999976158142,1.149999976158142,1.25,1.149999976158142,1.149999976158142,117449
2024-05-10,1.100000023841858,1.100000023841858,1.100000023841858,1.100000023841858,1.100000023841858,164645
2024-05-13,1.149999976158142,1.149999976158142,1.149999976158142,1.100000023841858,1.149999976158142,299712
2024-05-14,1.2000000476837158,1.2000000476837158,1.2000000476837158,1.149999976158142,1.2000000476837158,112979
2024-05-15,1.25,1.25,1.25,1.2000000476837158,1.25,193270
2024-05-16,1.2999999523162842,1.2999999523162842,1.2999999523162842,1.2000000476837158,1.2999999523162842,259839
2024-05-17,1.350000023841858,1.350000023841858,1.350000023841858,1.25,1.2999999523162842,522602
2024-05-21,1.350000023841858,1.350000023841858,1.399999976158142,1.350000023841858,1.399999976158142,371682
2024-05-22,1.350000023841858,1.350000023841858,1.350000023841858,1.350000023841858,1.350000023841858,107180
2024-05-23,1.350000023841858,1.350000023841858,1.350000023841858,1.2999999523162842,1.350000023841858,91016
2024-05-24,1.2999999523162842,1.2999999523162842,1.2999999523162842,1.2999999523162842,1.2999999523162842,90757
2024-05-27,1.2999999523162842,1.2999999523162842,1.2999999523162842,1.2999999523162842,1.2999999523162842,353541
2024-05-28,1.2999999523162842,1.2999999523162842,1.2999999523162842,1.2999999523162842,1.2999999523162842,40602
2024-05-29,1.25,1.25,1.25,1.25,1.25,116047
2024-05-30,1.25,1.25,1.25,1.25,1.25,17930
2024-05-31,1.2000000476837158,1.2000000476837158,1.25,1.2000000476837158,1.2000000476837158,36691
2024-06-03,1.2000000476837158,1.2000000476837158,1.2000000476837158,1.2000000476837158,1.2000000476837158,52618
2024-06-04,1.2000000476837158,1.2000000476837158,1.25,1.2000000476837158,1.2000000476837158,44705
2024-06-05,1.2000000476837158,1.2000000476837158,1.2000000476837158,1.2000000476837158,1.2000000476837158,35012
2024-06-06,1.2000000476837158,1.2000000476837158,1.2000000476837158,1.2000000476837158,1.2000000476837158,41655
2024-06-07,1.25,1.25,1.25,1.2000000476837158,1.25,36431
2024-06-10,1.2400000095367432,1.2400000095367432,1.25,1.2400000095367432,1.2400000095367432,88868
2024-06-11,1.2300000190734863,1.2300000190734863,1.2400000095367432,1.2300000190734863,1.2300000190734863,54033
2024-06-12,1.25,1.25,1.25,1.2300000190734863,1.25,259763
2024-06-13,1.2200000286102295,1.2200000286102295,1.2599999904632568,1.2200000286102295,1.2200000286102295,487707
2024-06-14,1.2400000095367432,1.2400000095367432,1.2400000095367432,1.2200000286102295,1.2400000095367432,46380
2024-06-18,1.2100000381469729,1.2100000381469729,1.2200000286102295,1.2100000381469729,1.2100000381469729,86082
2024-06-19,1.190000057220459,1.190000057220459,1.2000000476837158,1.1799999475479126,1.190000057220459,100685
2024-06-20,1.1699999570846558,1.1699999570846558,1.2000000476837158,1.1699999570846558,1.1699999570846558,104224
2024-06-21,1.190000057220459,1.190000057220459,1.190000057220459,1.1699999570846558,1.190000057220459,180738
2024-06-24,1.2100000381469729,1.2100000381469729,1.2100000381469729,1.2100000381469729,1.2100000381469729,345278
2024-06-25,1.2200000286102295,1.2200000286102295,1.2200000286102295,1.2100000381469729,1.2200000286102295,25607
2024-06-26,1.2300000190734863,1.2300000190734863,1.2300000190734863,1.2200000286102295,1.2300000190734863,54348
2024-06-27,1.2000000476837158,1.2000000476837158,1.25,1.2000000476837158,1.2000000476837158,123429
2024-06-28,1.1699999570846558,1.1699999570846558,1.2000000476837158,1.1699999570846558,1.1699999570846558,309656
2024-07-01,1.1799999475479126,1.1799999475479126,1.2200000286102295,1.159999966621399,1.2200000286102295,1053026
2024-07-02,1.2200000286102295,1.2200000286102295,1.2300000190734863,1.1399999856948853,1.190000057220459,667203
2024-07-03,1.2100000381469729,1.2100000381469729,1.2699999809265137,1.2100000381469729,1.2699999809265137,966544
2024-07-04,1.2200000286102295,1.2200000286102295,1.25,1.2000000476837158,1.25,825441
2024-07-05,1.2400000095367432,1.2400000095367432,1.25,1.1799999475479126,1.25,903544
2024-07-08,1.0606520175933838,1.0606520175933838,1.1210139989852903,1.043405055999756,1.1210139989852903,1095011
2024-07-09,1.0606520175933838,1.0606520175933838,1.103767991065979,1.0347820520401,1.0606520175933838,575688
2024-07-10,1.0347820520401,1.0347820520401,1.103767991065979,1.0175360441207886,1.103767991065979,1746318
2024-07-11,1.086521029472351,1.086521029472351,1.086521029472351,1.043405055999756,1.086521029472351,2329022
2024-07-12,1.138260006904602,1.138260006904602,1.138260006904602,1.0951440334320068,1.138260006904602,1170006
2024-07-15,1.190000057220459,1.190000057220459,1.190000057220459,1.190000057220459,1.190000057220459,1900947
2024-07-16,1.2400000095367432,1.2400000095367432,1.2400000095367432,1.2000000476837158,1.2000000476837158,482350
2024-07-18,1.2999999523162842,1.2999999523162842,1.2999999523162842,1.2999999523162842,1.2999999523162842,121224
2024-07-19,1.2599999904632568,1.2599999904632568,1.3600000143051147,1.2300000190734863,1.3600000143051147,4134457
2024-07-22,1.2200000286102295,1.2200000286102295,1.3200000524520874,1.2100000381469729,1.2999999523162842,1880551
2024-07-23,1.2400000095367432,1.2400000095367432,1.2799999713897705,1.2000000476837158,1.2200000286102295,2268887
2024-07-24,1.2200000286102295,1.2200000286102295,1.2999999523162842,1.2200000286102295,1.2799999713897705,2287251
2024-07-25,1.2200000286102295,1.2200000286102295,1.2599999904632568,1.2000000476837158,1.2599999904632568,1429418
2024-07-26,1.2400000095367432,1.2400000095367432,1.2599999904632568,1.2200000286102295,1.2599999904632568,1844440
2024-07-29,1.2599999904632568,1.2599999904632568,1.2799999713897705,1.2200000286102295,1.2599999904632568,2837591
2024-07-30,1.190000057220459,1.190000057220459,1.2799999713897705,1.190000057220459,1.2699999809265137,2546079
2024-07-31,1.2400000095367432,1.2400000095367432,1.2400000095367432,1.190000057220459,1.190000057220459,2375706
2024-08-01,1.2999999523162842,1.2999999523162842,1.2999999523162842,1.2999999523162842,1.2999999523162842,1138439
2024-08-02,1.2300000190734863,1.2300000190734863,1.3600000143051147,1.2300000190734863,1.3300000429153442,9395410
2024-08-05,1.1799999475479126,1.1799999475479126,1.2300000190734863,1.1699999570846558,1.2300000190734863,2635697
2024-08-06,1.1699999570846558,1.1699999570846558,1.2000000476837158,1.149999976158142,1.1699999570846558,2256699
2024-08-07,1.1699999570846558,1.1699999570846558,1.2000000476837158,1.1299999952316284,1.2000000476837158,2396954
2024-08-08,1.1699999570846558,1.1699999570846558,1.2100000381469729,1.149999976158142,1.2000000476837158,2002379
2024-08-09,1.2200000286102295,1.2200000286102295,1.2200000286102295,1.149999976158142,1.2000000476837158,4124463
2024-08-12,1.2799999713897705,1.2799999713897705,1.2799999713897705,1.2300000190734863,1.2799999713897705,4226854
2024-08-13,1.340000033378601,1.340000033378601,1.340000033378601,1.309999942779541,1.340000033378601,5851085
2024-08-14,1.3899999856948853,1.3899999856948853,1.399999976158142,1.2799999713897705,1.3799999952316284,9874547
2024-08-16,1.3200000524520874,1.3200000524520874,1.4500000476837158,1.3200000524520874,1.4500000476837158,35324143
2024-08-19,1.2999999523162842,1.2999999523162842,1.340000033378601,1.25,1.25,13838909
2024-08-20,1.350000023841858,1.350000023841858,1.3600000143051147,1.2599999904632568,1.3300000429153442,2855492
2024-08-21,1.350000023841858,1.350000023841858,1.409999966621399,1.350000023841858,1.3899999856948853,3477269
2024-08-22,1.3200000524520874,1.3200000524520874,1.3899999856948853,1.309999942779541,1.3899999856948853,1517007
2024-08-23,1.350000023841858,1.350000023841858,1.3700000047683716,1.2799999713897705,1.350000023841858,2240604
2024-08-26,1.3799999952316284,1.3799999952316284,1.399999976158142,1.350000023841858,1.3899999856948853,2900976
2024-08-27,1.350000023841858,1.350000023841858,1.409999966621399,1.3300000429153442,1.399999976158142,1259097
2024-08-28,1.3899999856948853,1.3899999856948853,1.409999966621399,1.3300000429153442,1.340000033378601,2150572
2024-08-29,1.4500000476837158,1.4500000476837158,1.4500000476837158,1.4199999570846558,1.4199999570846558,14870044
2024-08-30,1.5199999809265137,1.5199999809265137,1.5199999809265137,1.5,1.5099999904632568,13000193
2024-09-02,1.590000033378601,1.590000033378601,1.590000033378601,1.440000057220459,1.440000057220459,74361268
2024-09-03,1.659999966621399,1.659999966621399,1.659999966621399,1.649999976158142,1.649999976158142,56123651
2024-09-04,1.7300000190734863,1.7300000190734863,1.7400000095367432,1.7300000190734863,1.7400000095367432,68088227
2024-09-05,1.6399999856948853,1.6399999856948853,1.7899999618530271,1.6399999856948853,1.7599999904632568,82753011
2024-09-06,1.5499999523162842,1.5499999523162842,1.600000023841858,1.5499999523162842,1.5499999523162842,8576983
2024-09-09,1.4700000286102295,1.4700000286102295,1.5099999904632568,1.4700000286102295,1.4700000286102295,12207640
2024-09-10,1.5299999713897705,1.5299999713897705,1.5399999618530271,1.3899999856948853,1.4600000381469729,108224434
2024-09-11,1.5299999713897705,1.5299999713897705,1.600000023841858,1.4500000476837158,1.600000023841858,92997408
2024-09-12,1.4500000476837158,1.4500000476837158,1.4500000476837158,1.4500000476837158,1.4500000476837158,5713505
2024-09-13,1.3700000047683716,1.3700000047683716,1.4199999570846558,1.3700000047683716,1.3700000047683716,17001067
2024-09-16,1.3200000524520874,1.3200000524520874,1.3899999856948853,1.2999999523162842,1.3300000429153442,26944276
2024-09-17,1.25,1.25,1.3799999952316284,1.25,1.25,57743585
2024-09-18,1.309999942779541,1.309999942779541,1.309999942779541,1.1799999475479126,1.2400000095367432,35673608
2024-09-19,1.2400000095367432,1.2400000095367432,1.340000033378601,1.2400000095367432,1.340000033378601,13419123
2024-09-20,1.1699999570846558,1.1699999570846558,1.25,1.1699999570846558,1.1699999570846558,80633421
2024-09-23,1.1100000143051147,1.1100000143051147,1.2000000476837158,1.1100000143051147,1.149999976158142,82695108
2024-09-24,1.0499999523162842,1.0499999523162842,1.0700000524520874,1.0499999523162842,1.0499999523162842,15112011
2024-09-25,0.9900000095367432,0.9900000095367432,1.0199999809265137,0.9900000095367432,1.0099999904632568,12554686
2024-09-26,0.9399999976158142,0.9399999976158142,1.0199999809265137,0.9399999976158142,0.949999988079071,55654925
2024-09-27,0.8899999856948853,0.8899999856948853,0.9800000190734864,0.8899999856948853,0.8999999761581421,218854622
2024-09-30,0.8399999737739563,0.8399999737739563,0.8799999952316284,0.8399999737739563,0.8700000047683716,35297747
2024-10-01,0.8399999737739563,0.8399999737739563,0.8799999952316284,0.800000011920929,0.8100000023841858,19551909
2024-10-03,0.7900000214576721,0.7900000214576721,0.8799999952316284,0.7900000214576721,0.8399999737739563,22089138
2024-10-04,0.8199999928474426,0.8199999928474426,0.8199999928474426,0.7699999809265137,0.7799999713897705,9570681
2024-10-07,0.8100000023841858,0.8100000023841858,0.8600000143051147,0.7900000214576721,0.8600000143051147,9681932
2024-10-08,0.8500000238418579,0.8500000238418579,0.8500000238418579,0.800000011920929,0.8299999833106995,3630550
2024-10-09,0.8799999952316284,0.8799999952316284,0.8899999856948853,0.8299999833106995,0.8899999856948853,7228699
2024-10-10,0.8299999833106995,0.8299999833106995,0.9200000166893004,0.8299999833106995,0.8799999952316284,18695475
2024-10-11,0.8299999833106995,0.8299999833106995,0.8399999737739563,0.7799999713897705,0.8100000023841858,9751507
2024-10-14,0.8199999928474426,0.8199999928474426,0.8600000143051147,0.8100000023841858,0.8500000238418579,3132378
2024-10-15,0.8100000023841858,0.8100000023841858,0.8399999737739563,0.7699999809265137,0.8199999928474426,6069240
2024-10-16,0.7900000214576721,0.7900000214576721,0.8199999928474426,0.7799999713897705,0.7900000214576721,4936698
2024-10-17,0.75,0.75,0.8199999928474426,0.75,0.800000011920929,36195875
2024-10-18,0.7699999809265137,0.7699999809265137,0.7799999713897705,0.7099999785423279,0.75,5880012
2024-10-21,0.7300000190734863,0.7300000190734863,0.7699999809265137,0.7300000190734863,0.7699999809265137,4548844
2024-10-22,0.6899999976158142,0.6899999976158142,0.7400000095367432,0.6899999976158142,0.7099999785423279,9675685
2024-10-23,0.6499999761581421,0.6499999761581421,0.699999988079071,0.6499999761581421,0.6800000071525574,8820869
2024-10-24,0.6499999761581421,0.6499999761581421,0.6600000262260437,0.6200000047683716,0.6499999761581421,4264373
2024-10-25,0.6800000071525574,0.6800000071525574,0.6800000071525574,0.6200000047683716,0.6600000262260437,4618060
2024-10-28,0.7099999785423279,0.7099999785423279,0.7099999785423279,0.6899999976158142,0.6899999976158142,3983727
2024-10-29,0.6800000071525574,0.6800000071525574,0.7400000095367432,0.6700000166893005,0.7300000190734863,11464478
2024-10-30,0.699999988079071,0.699999988079071,0.7099999785423279,0.6499999761581421,0.6499999761581421,4491480
2024-10-31,0.7300000190734863,0.7300000190734863,0.7300000190734863,0.7099999785423279,0.7300000190734863,669301
2024-11-01,0.7599999904632568,0.7599999904632568,0.7599999904632568,0.75,0.7599999904632568,550923
2024-11-04,0.7900000214576721,0.7900000214576721,0.7900000214576721,0.7699999809265137,0.7900000214576721,3735727
2024-11-05,0.8199999928474426,0.8199999928474426,0.8199999928474426,0.8199999928474426,0.8199999928474426,698552
2024-11-06,0.8600000143051147,0.8600000143051147,0.8600000143051147,0.8600000143051147,0.8600000143051147,1808955
2024-11-07,0.8399999737739563,0.8399999737739563,0.8399999737739563,0.8399999737739563,0.8399999737739563,3369510
2024-11-08,0.8199999928474426,0.8199999928474426,0.8199999928474426,0.8199999928474426,0.8199999928474426,1117245
2024-11-11,0.800000011920929,0.800000011920929,0.800000011920929,0.800000011920929,0.800000011920929,754335
2024-11-12,0.7799999713897705,0.7799999713897705,0.7799999713897705,0.7799999713897705,0.7799999713897705,1496635
2024-11-13,0.7599999904632568,0.7599999904632568,0.7599999904632568,0.7599999904632568,0.7599999904632568,689383
2024-11-14,0.75,0.75,0.75,0.7400000095367432,0.75,1281543
2024-11-18,0.75,0.75,0.75,0.7300000190734863,0.75,1747782
2024-11-19,0.75,0.75,0.7599999904632568,0.75,0.75,1028097
2024-11-21,0.7400000095367432,0.7400000095367432,0.75,0.7400000095367432,0.7400000095367432,1018662
2024-11-22,0.7200000286102295,0.7200000286102295,0.7400000095367432,0.7200000286102295,0.7200000286102295,1058256
2024-11-25,0.7099999785423279,0.7099999785423279,0.7200000286102295,0.7099999785423279,0.7099999785423279,1280593
2024-11-26,0.7099999785423279,0.7099999785423279,0.7099999785423279,0.7099999785423279,0.7099999785423279,1119901
2024-11-27,0.7099999785423279,0.7099999785423279,0.7099999785423279,0.699999988079071,0.7099999785423279,1714433
2024-11-28,0.699999988079071,0.699999988079071,0.7099999785423279,0.699999988079071,0.699999988079071,1615823
2024-11-29,0.7099999785423279,0.7099999785423279,0.7099999785423279,0.7099999785423279,0.7099999785423279,890781
2024-12-02,0.7200000286102295,0.7200000286102295,0.7200000286102295,0.7099999785423279,0.7200000286102295,1557181
2024-12-03,0.7300000190734863,0.7300000190734863,0.7300000190734863,0.7300000190734863,0.7300000190734863,378438
2024-12-04,0.7400000095367432,0.7400000095367432,0.7400000095367432,0.7400000095367432,0.7400000095367432,331530
2024-12-05,0.7200000286102295,0.7200000286102295,0.75,0.7200000286102295,0.7200000286102295,2525864
2024-12-06,0.699999988079071,0.699999988079071,0.699999988079071,0.699999988079071,0.699999988079071,3603315
2024-12-09,0.7099999785423279,0.7099999785423279,0.7099999785423279,0.699999988079071,0.7099999785423279,2521785
2024-12-10,0.7099999785423279,0.7099999785423279,0.7099999785423279,0.6899999976158142,0.7099999785423279,6489159
2024-12-11,0.7200000286102295,0.7200000286102295,0.7200000286102295,0.7200000286102295,0.7200000286102295,1697928
2024-12-12,0.7300000190734863,0.7300000190734863,0.7300000190734863,0.7099999785423279,0.7300000190734863,3599210
2024-12-13,0.7400000095367432,0.7400000095367432,0.7400000095367432,0.7300000190734863,0.7400000095367432,1448734
2024-12-16,0.7599999904632568,0.7599999904632568,0.7699999809265137,0.75,0.7599999904632568,6092919
2024-12-17,0.7799999713897705,0.7799999713897705,0.7900000214576721,0.7400000095367432,0.7699999809265137,12099037
2024-12-18,0.8100000023841858,0.8100000023841858,0.8100000023841858,0.7599999904632568,0.800000011920929,4934860
2024-12-19,0.8199999928474426,0.8199999928474426,0.8399999737739563,0.800000011920929,0.8100000023841858,4677198
2024-12-20,0.7900000214576721,0.7900000214576721,0.8500000238418579,0.7900000214576721,0.8500000238418579,4516291
2024-12-23,0.7799999713897705,0.7799999713897705,0.8100000023841858,0.7599999904632568,0.8100000023841858,2622879
2024-12-24,0.75,0.75,0.7900000214576721,0.7400000095367432,0.7900000214576721,2349311
2024-12-26,0.7400000095367432,0.7400000095367432,0.7599999904632568,0.7200000286102295,0.75,1791533
2024-12-27,0.75,0.75,0.7699999809265137,0.75,0.7699999809265137,1994478
2024-12-30,0.7799999713897705,0.7799999713897705,0.7799999713897705,0.7599999904632568,0.7599999904632568,2895329
2024-12-31,0.7799999713897705,0.7799999713897705,0.800000011920929,0.75,0.800000011920929,3748859
2025-01-01,0.7900000214576721,0.7900000214576721,0.800000011920929,0.7699999809265137,0.800000011920929,2424035
2025-01-02,0.7799999713897705,0.7799999713897705,0.8100000023841858,0.7699999809265137,0.8100000023841858,2146720
2025-01-03,0.7799999713897705,0.7799999713897705,0.8100000023841858,0.7699999809265137,0.7900000214576721,3113388
2025-01-06,0.7400000095367432,0.7400000095367432,0.7900000214576721,0.7400000095367432,0.7900000214576721,3656508
2025-01-07,0.75,0.75,0.7599999904632568,0.7200000286102295,0.75,1897897
2025-01-08,0.7099999785423279,0.7099999785423279,0.7699999809265137,0.7099999785423279,0.7699999809265137,3740068
2025-01-09,0.699999988079071,0.699999988079071,0.7300000190734863,0.699999988079071,0.7200000286102295,1774726
2025-01-10,0.6800000071525574,0.6800000071525574,0.7200000286102295,0.6800000071525574,0.7099999785423279,2363961
2025-01-13,0.6700000166893005,0.6700000166893005,0.699999988079071,0.6600000262260437,0.6899999976158142,2617971
2025-01-14,0.699999988079071,0.699999988079071,0.699999988079071,0.6800000071525574,0.6899999976158142,1087545
2025-01-15,0.7300000190734863,0.7300000190734863,0.7300000190734863,0.6899999976158142,0.7300000190734863,2528294
2025-01-16,0.7400000095367432,0.7400000095367432,0.7599999904632568,0.7300000190734863,0.7599999904632568,1833099
2025-01-17,0.7200000286102295,0.7200000286102295,0.75,0.7200000286102295,0.7400000095367432,2049592
2025-01-20,0.7300000190734863,0.7300000190734863,0.75,0.7200000286102295,0.75,2042493
2025-01-21,0.7200000286102295,0.7200000286102295,0.75,0.7200000286102295,0.75,1676547
2025-01-22,0.7300000190734863,0.7300000190734863,0.7400000095367432,0.7099999785423279,0.7400000095367432,7292657
2025-01-23,0.7200000286102295,0.7200000286102295,0.7400000095367432,0.7200000286102295,0.7400000095367432,1534345
2025-01-24,0.7200000286102295,0.7200000286102295,0.7400000095367432,0.7099999785423279,0.7400000095367432,1493792
2025-01-27,0.699999988079071,0.699999988079071,0.7400000095367432,0.699999988079071,0.7400000095367432,2003983
2025-01-28,0.6800000071525574,0.6800000071525574,0.7200000286102295,0.6800000071525574,0.7200000286102295,3031911
2025-01-29,0.7099999785423279,0.7099999785423279,0.7099999785423279,0.6800000071525574,0.6800000071525574,1847369
2025-01-30,0.6800000071525574,0.6800000071525574,0.7300000190734863,0.6800000071525574,0.7300000190734863,2757294
2025-01-31,0.7099999785423279,0.7099999785423279,0.7099999785423279,0.6899999976158142,0.6899999976158142,2182309
2025-02-03,0.699999988079071,0.699999988079071,0.7599999904632568,0.699999988079071,0.75,2603848
2025-02-04,0.7200000286102295,0.7200000286102295,0.7300000190734863,0.699999988079071,0.7099999785423279,2101240
2025-02-05,0.7300000190734863,0.7300000190734863,0.75,0.7099999785423279,0.7400000095367432,1582783
2025-02-06,0.7200000286102295,0.7200000286102295,0.7400000095367432,0.7099999785423279,0.7400000095367432,1395904
2025-02-07,0.7099999785423279,0.7099999785423279,0.7300000190734863,0.7099999785423279,0.7200000286102295,1129629
2025-02-10,0.699999988079071,0.699999988079071,0.7300000190734863,0.6899999976158142,0.7300000190734863,1667108
2025-02-11,0.6800000071525574,0.6800000071525574,0.7200000286102295,0.6700000166893005,0.7099999785423279,1501966
2025-02-12,0.6899999976158142,0.6899999976158142,0.699999988079071,0.6700000166893005,0.699999988079071,1114992
2025-02-13,0.6899999976158142,0.6899999976158142,0.7099999785423279,0.6800000071525574,0.699999988079071,1347979
2025-02-14,0.6700000166893005,0.6700000166893005,0.699999988079071,0.6600000262260437,0.6899999976158142,1540653
2025-02-17,0.6700000166893005,0.6700000166893005,0.6800000071525574,0.6499999761581421,0.6800000071525574,1432495
2025-02-18,0.6600000262260437,0.6600000262260437,0.6899999976158142,0.6499999761581421,0.6800000071525574,839759
2025-02-19,0.6499999761581421,0.6499999761581421,0.6800000071525574,0.6299999952316284,0.6700000166893005,1640637
2025-02-20,0.6700000166893005,0.6700000166893005,0.6800000071525574,0.6600000262260437,0.6700000166893005,1047989
2025-02-21,0.6700000166893005,0.6700000166893005,0.6899999976158142,0.6700000166893005,0.6800000071525574,1060115
2025-02-24,0.699999988079071,0.699999988079071,0.699999988079071,0.6399999856948853,0.6800000071525574,2184878
2025-02-25,0.7300000190734863,0.7300000190734863,0.7300000190734863,0.699999988079071,0.7200000286102295,2223610
2025-02-27,0.7400000095367432,0.7400000095367432,0.75,0.699999988079071,0.7400000095367432,2568223
2025-02-28,0.699999988079071,0.699999988079071,0.75,0.699999988079071,0.75,1605313
2025-03-03,0.6600000262260437,0.6600000262260437,0.7300000190734863,0.6600000262260437,0.7200000286102295,3345974
2025-03-04,0.6200000047683716,0.6200000047683716,0.6600000262260437,0.6200000047683716,0.6600000262260437,9814089
2025-03-05,0.6499999761581421,0.6499999761581421,0.6499999761581421,0.6100000143051147,0.6299999952316284,1755488
2025-03-06,0.6800000071525574,0.6800000071525574,0.6800000071525574,0.6399999856948853,0.6499999761581421,2127582
2025-03-07,0.6800000071525574,0.6800000071525574,0.699999988079071,0.6700000166893005,0.699999988079071,1134947
2025-03-10,0.699999988079071,0.699999988079071,0.7099999785423279,0.699999988079071,0.7099999785423279,3230167
2025-03-11,0.7300000190734863,0.7300000190734863,0.7300000190734863,0.7300000190734863,0.7300000190734863,1394459
2025-03-12,0.6899999976158142,0.6899999976158142,0.7599999904632568,0.6899999976158142,0.7599999904632568,12744134
2025-03-13,0.6700000166893005,0.6700000166893005,0.6899999976158142,0.6600000262260437,0.6700000166893005,3943637
2025-03-17,0.6399999856948853,0.6399999856948853,0.699999988079071,0.6399999856948853,0.6600000262260437,5406069
2025-03-18,0.6399999856948853,0.6399999856948853,0.6399999856948853,0.6399999856948853,0.6399999856948853,0
2025-03-19,0.6499999761581421,0.6499999761581421,0.6899999976158142,0.6399999856948853,0.6899999976158142,3824241
2025-03-20,0.6499999761581421,0.6499999761581421,0.6700000166893005,0.6399999856948853,0.6499999761581421,2203338
2025-03-21,0.6399999856948853,0.6399999856948853,0.6600000262260437,0.6299999952316284,0.6600000262260437,4789734
2025-03-24,0.6700000166893005,0.6700000166893005,0.6700000166893005,0.6299999952316284,0.6499999761581421,3524163
2025-03-25,0.6499999761581421,0.6499999761581421,0.6899999976158142,0.6399999856948853,0.6800000071525574,4405971
2025-03-26,0.6100000143051147,0.6100000143051147,0.6600000262260437,0.6100000143051147,0.6600000262260437,6648971
2025-03-27,0.5699999928474426,0.5699999928474426,0.6100000143051147,0.5699999928474426,0.6100000143051147,10323573
2025-03-28,0.5899999737739563,0.5899999737739563,0.5899999737739563,0.5699999928474426,0.5699999928474426,2464729
2025-04-01,0.6100000143051147,0.6100000143051147,0.6100000143051147,0.6000000238418579,0.6100000143051147,897157
2025-04-02,0.6399999856948853,0.6399999856948853,0.6399999856948853,0.6399999856948853,0.6399999856948853,526446
2025-04-03,0.6700000166893005,0.6700000166893005,0.6700000166893005,0.6499999761581421,0.6700000166893005,7703105
2025-04-04,0.6499999761581421,0.6499999761581421,0.6899999976158142,0.6399999856948853,0.6800000071525574,4275057
2025-04-07,0.6100000143051147,0.6100000143051147,0.6399999856948853,0.5899999737739563,0.6299999952316284,4117795
2025-04-08,0.6299999952316284,0.6299999952316284,0.6600000262260437,0.6100000143051147,0.6299999952316284,4451339
2025-04-09,0.6299999952316284,0.6299999952316284,0.6399999856948853,0.6100000143051147,0.6399999856948853,1403045
2025-04-11,0.6499999761581421,0.6499999761581421,0.6600000262260437,0.6399999856948853,0.6399999856948853,1548418
2025-04-15,0.6499999761581421,0.6499999761581421,0.6700000166893005,0.6499999761581421,0.6600000262260437,2091631
2025-04-16,0.6600000262260437,0.6600000262260437,0.6800000071525574,0.6399999856948853,0.6600000262260437,2502005
2025-04-17,0.6600000262260437,0.6600000262260437,0.6700000166893005,0.6600000262260437,0.6700000166893005,1423580
2025-04-21,0.6399999856948853,0.6399999856948853,0.6700000166893005,0.6399999856948853,0.6700000166893005,2936051
2025-04-22,0.6399999856948853,0.6399999856948853,0.6600000262260437,0.6299999952316284,0.6399999856948853,3511619
2025-04-23,0.699999988079071,0.699999988079071,0.699999988079071,0.6700000166893005,0.6800000071525574,6572625
2025-04-24,0.7599999904632568,0.7599999904632568,0.7699999809265137,0.7099999785423279,0.7699999809265137,57198525
2025-04-25,0.75,0.75,0.7699999809265137,0.7099999785423279,0.7599999904632568,11160352
2025-04-28,0.7099999785423279,0.7099999785423279,0.75,0.699999988079071,0.7400000095367432,5070724
2025-04-29,0.6800000071525574,0.6800000071525574,0.7200000286102295,0.6800000071525574,0.699999988079071,3091853
2025-04-30,0.6800000071525574,0.6800000071525574,0.699999988079071,0.6700000166893005,0.6800000071525574,2133027
2025-05-02,0.699999988079071,0.699999988079071,0.7300000190734863,0.6800000071525574,0.6899999976158142,2514353
2025-05-05,0.7200000286102295,0.7200000286102295,0.7599999904632568,0.7099999785423279,0.7400000095367432,5292075
2025-05-06,0.699999988079071,0.699999988079071,0.7400000095367432,0.6899999976158142,0.7400000095367432,2853742
2025-05-07,0.699999988079071,0.699999988079071,0.7099999785423279,0.6800000071525574,0.699999988079071,1534628
2025-05-08,0.6800000071525574,0.6800000071525574,0.7099999785423279,0.6800000071525574,0.7099999785423279,2912819
2025-05-09,0.6700000166893005,0.6700000166893005,0.6899999976158142,0.6600000262260437,0.6700000166893005,1840921
2025-05-12,0.7099999785423279,0.7099999785423279,0.7300000190734863,0.6800000071525574,0.699999988079071,3856239
2025-05-13,0.7099999785423279,0.7099999785423279,0.7200000286102295,0.699999988079071,0.7200000286102295,3297755
2025-05-14,0.7099999785423279,0.7099999785423279,0.7400000095367432,0.7099999785423279,0.7200000286102295,2974287
2025-05-15,0.7099999785423279,0.7099999785423279,0.7300000190734863,0.7099999785423279,0.7200000286102295,5090657
2025-05-16,0.7400000095367432,0.7400000095367432,0.7599999904632568,0.699999988079071,0.7200000286102295,6106553
2025-05-19,0.8100000023841858,0.8100000023841858,0.8100000023841858,0.7699999809265137,0.7699999809265137,7565006
2025-05-20,0.8899999856948853,0.8899999856948853,0.8899999856948853,0.8500000238418579,0.8500000238418579,18402458
2025-05-21,0.8399999737739563,0.8399999737739563,0.9200000166893004,0.8399999737739563,0.8899999856948853,18692137
2025-05-22,0.7900000214576721,0.7900000214576721,0.8399999737739563,0.7900000214576721,0.8199999928474426,16021038
2025-05-23,0.7799999713897705,0.7799999713897705,0.800000011920929,0.7599999904632568,0.7799999713897705,11258413
2025-05-26,0.8100000023841858,0.8100000023841858,0.8100000023841858,0.7799999713897705,0.800000011920929,5200811
2025-05-27,0.800000011920929,0.800000011920929,0.8299999833106995,0.7900000214576721,0.8299999833106995,5972947
2025-05-28,0.7900000214576721,0.7900000214576721,0.8199999928474426,0.7900000214576721,0.8100000023841858,4795227
2025-05-29,0.75,0.75,0.800000011920929,0.75,0.7900000214576721,9089315
2025-05-30,0.7799999713897705,0.7799999713897705,0.7799999713897705,0.75,0.7599999904632568,12592709
2025-06-02,0.8100000023841858,0.8100000023841858,0.8100000023841858,0.8100000023841858,0.8100000023841858,2091234
2025-06-03,0.8500000238418579,0.8500000238418579,0.8500000238418579,0.8500000238418579,0.8500000238418579,1723420
2025-06-04,0.8899999856948853,0.8899999856948853,0.8899999856948853,0.8799999952316284,0.8899999856948853,8873609
2025-06-05,0.9200000166893004,0.9200000166893004,0.9300000071525574,0.8600000143051147,0.9300000071525574,26905032
2025-06-06,1.0099999904632568,1.0099999904632568,1.0099999904632568,0.9200000166893004,0.9399999976158142,15153229
2025-06-09,1.1100000143051147,1.1100000143051147,1.1100000143051147,1.0299999713897705,1.0499999523162842,28386627
2025-06-10,1.0299999713897705,1.0299999713897705,1.2100000381469729,1.0099999904632568,1.1200000047683716,75120217
2025-06-11,1.0299999713897705,1.0299999713897705,1.0800000429153442,1.0299999713897705,1.0800000429153442,17127275
2025-06-12,0.9700000286102296,0.9700000286102296,1.0399999618530271,0.9700000286102296,1.0299999713897705,6215896
2025-06-13,0.9200000166893004,0.9200000166893004,0.959999978542328,0.9200000166893004,0.959999978542328,5512776
2025-06-16,0.9300000071525574,0.9300000071525574,0.959999978542328,0.9200000166893004,0.959999978542328,3483176
2025-06-17,0.9300000071525574,0.9300000071525574,0.959999978542328,0.9200000166893004,0.9399999976158142,2652489
2025-06-18,0.8899999856948853,0.8899999856948853,0.949999988079071,0.8899999856948853,0.949999988079071,2909850
2025-06-19,0.9200000166893004,0.9200000166893004,0.9300000071525574,0.8899999856948853,0.8999999761581421,3631617
2025-06-20,0.9300000071525574,0.9300000071525574,0.949999988079071,0.9300000071525574,0.949999988079071,2030232
2025-06-23,0.959999978542328,0.959999978542328,0.9700000286102296,0.8899999856948853,0.9100000262260436,6315096
2025-06-24,0.949999988079071,0.949999988079071,0.9800000190734864,0.949999988079071,0.959999978542328,1978006
2025-06-25,0.9800000190734864,0.9800000190734864,0.9900000095367432,0.9800000190734864,0.9800000190734864,14454549
2025-06-26,1.0099999904632568,1.0099999904632568,1.0199999809265137,1.0099999904632568,1.0199999809265137,22936727
2025-06-27,1.0499999523162842,1.0499999523162842,1.059999942779541,1.0499999523162842,1.059999942779541,17502300
2025-06-30,0.9900000095367432,0.9900000095367432,0.9900000095367432,0.9900000095367432,0.9900000095367432,6108752
2025-07-01,0.949999988079071,0.949999988079071,1.0299999713897705,0.9399999976158142,0.9399999976158142,12110152
2025-07-02,0.8999999761581421,0.8999999761581421,0.9800000190734864,0.8999999761581421,0.949999988079071,16819013
2025-07-03,0.9399999976158142,0.9399999976158142,0.9399999976158142,0.9100000262260436,0.9300000071525574,3923949
2025-07-04,0.8899999856948853,0.8899999856948853,0.9800000190734864,0.8899999856948853,0.9800000190734864,53455891
2025-07-07,0.8399999737739563,0.8399999737739563,0.9300000071525574,0.8399999737739563,0.8600000143051147,23101848
2025-07-08,0.8700000047683716,0.8700000047683716,0.8799999952316284,0.8700000047683716,0.8700000047683716,25823511
2025-07-09,0.8199999928474426,0.8199999928474426,0.8799999952316284,0.8199999928474426,0.8299999833106995,22512556
2025-07-10,0.8500000238418579,0.8500000238418579,0.8600000143051147,0.8500000238418579,0.8600000143051147,40711840
2025-07-11,0.8799999952316284,0.8799999952316284,0.8899999856948853,0.8799999952316284,0.8899999856948853,31472575
2025-07-14,0.8299999833106995,0.8299999833106995,0.9200000166893004,0.8299999833106995,0.9200000166893004,24125082
2025-07-15,0.7799999713897705,0.7799999713897705,0.8700000047683716,0.7799999713897705,0.8100000023841858,35992991
2025-07-16,0.7400000095367432,0.7400000095367432,0.8100000023841858,0.7400000095367432,0.7900000214576721,36964723
2025-07-17,0.7599999904632568,0.7599999904632568,0.7699999809265137,0.7599999904632568,0.7699999809265137,26681464
2025-07-18,0.7200000286102295,0.7200000286102295,0.7900000214576721,0.7200000286102295,0.7900000214576721,42344288
2025-07-21,0.6800000071525574,0.6800000071525574,0.7200000286102295,0.6800000071525574,0.7099999785423279,31104133
2025-07-22,0.6800000071525574,0.6800000071525574,0.699999988079071,0.6399999856948853,0.6800000071525574,13163034
2025-07-23,0.6399999856948853,0.6399999856948853,0.699999988079071,0.6399999856948853,0.6899999976158142,30889047
2025-07-24,0.6600000262260437,0.6600000262260437,0.6700000166893005,0.6600000262260437,0.6600000262260437,25193852
2025-07-25,0.6200000047683716,0.6200000047683716,0.6600000262260437,0.6200000047683716,0.6600000262260437,30178246
2025-07-28,0.5799999833106995,0.5799999833106995,0.6499999761581421,0.5799999833106995,0.6200000047683716,45518093
2025-07-29,0.550000011920929,0.550000011920929,0.5799999833106995,0.550000011920929,0.5699999928474426,26326213
2025-07-30,0.5199999809265137,0.5199999809265137,0.5699999928474426,0.5199999809265137,0.5400000214576721,43353645
2025-07-31,0.5,0.5,0.5199999809265137,0.4900000095367431,0.5099999904632568,23554933
2025-08-01,0.5199999809265137,0.5199999809265137,0.5199999809265137,0.5,0.5,10897760
2025-08-04,0.5400000214576721,0.5400000214576721,0.5400000214576721,0.5,0.5400000214576721,9531336
2025-08-05,0.5600000023841858,0.5600000023841858,0.5600000023841858,0.5400000214576721,0.5600000023841858,13891486
2025-08-06,0.5400000214576721,0.5400000214576721,0.5799999833106995,0.5299999713897705,0.5699999928474426,15327111
2025-08-07,0.5099999904632568,0.5099999904632568,0.5400000214576721,0.5099999904632568,0.5400000214576721,12683614
2025-08-08,0.5199999809265137,0.5199999809265137,0.5299999713897705,0.5,0.5099999904632568,6463410
2025-08-11,0.4900000095367431,0.4900000095367431,0.5299999713897705,0.4900000095367431,0.5299999713897705,22401397
2025-08-12,0.4600000083446502,0.4600000083446502,0.5099999904632568,0.4600000083446502,0.4900000095367431,23192708
2025-08-13,0.4699999988079071,0.4699999988079071,0.4799999892711639,0.4399999976158142,0.4699999988079071,13097643
2025-08-14,0.4699999988079071,0.4699999988079071,0.4799999892711639,0.4600000083446502,0.4799999892711639,7566431
2025-08-18,0.4900000095367431,0.4900000095367431,0.4900000095367431,0.4799999892711639,0.4900000095367431,6157057
2025-08-19,0.5099999904632568,0.5099999904632568,0.5099999904632568,0.5,0.5099999904632568,3112873
2025-08-20,0.5299999713897705,0.5299999713897705,0.5299999713897705,0.5199999809265137,0.5299999713897705,2105216
2025-08-21,0.550000011920929,0.550000011920929,0.550000011920929,0.550000011920929,0.550000011920929,1150759
2025-08-22,0.5699999928474426,0.5699999928474426,0.5699999928474426,0.5699999928474426,0.5699999928474426,3676978
2025-08-25,0.550000011920929,0.550000011920929,0.5899999737739563,0.5400000214576721,0.5899999737739563,18154584
2025-08-26,0.5199999809265137,0.5199999809265137,0.5600000023841858,0.5199999809265137,0.5600000023841858,5690716
2025-08-28,0.5400000214576721,0.5400000214576721,0.5400000214576721,0.5199999809265137,0.5400000214576721,5969428
2025-08-29,0.5600000023841858,0.5600000023841858,0.5600000023841858,0.550000011920929,0.5600000023841858,6220423
2025-09-01,0.5799999833106995,0.5799999833106995,0.5799999833106995,0.5699999928474426,0.5799999833106995,5015440
2025-09-02,0.6000000238418579,0.6000000238418579,0.6000000238418579,0.6000000238418579,0.6000000238418579,4873012
2025-09-03,0.6299999952316284,0.6299999952316284,0.6299999952316284,0.6299999952316284,0.6299999952316284,4578709
2025-09-04,0.6600000262260437,0.6600000262260437,0.6600000262260437,0.6499999761581421,0.6600000262260437,5761954
2025-09-05,0.6200000047683716,0.6200000047683716,0.6899999976158142,0.6200000047683716,0.6899999976158142,18120849
2025-09-08,0.6399999856948853,0.6399999856948853,0.6499999761581421,0.5799999833106995,0.6100000143051147,11155362
2025-09-09,0.6499999761581421,0.6499999761581421,0.6700000166893005,0.6200000047683716,0.6700000166893005,12127022
2025-09-10,0.6399999856948853,0.6399999856948853,0.6700000166893005,0.6399999856948853,0.6700000166893005,6445719
2025-09-11,0.6299999952316284,0.6299999952316284,0.6499999761581421,0.6200000047683716,0.6399999856948853,6585207
2025-09-12,0.6299999952316284,0.6299999952316284,0.6399999856948853,0.6200000047683716,0.6299999952316284,4345263
2025-09-15,0.6600000262260437,0.6600000262260437,0.6700000166893005,0.6499999761581421,0.6499999761581421,13499165
2025-09-16,0.6899999976158142,0.6899999976158142,0.699999988079071,0.6700000166893005,0.6700000166893005,22745688
2025-09-17,0.6800000071525574,0.6800000071525574,0.7099999785423279,0.6600000262260437,0.699999988079071,17426038
2025-09-18,0.6800000071525574,0.6800000071525574,0.699999988079071,0.6700000166893005,0.6899999976158142,12255901
2025-09-19,0.7400000095367432,0.7400000095367432,0.7400000095367432,0.6700000166893005,0.699999988079071,39801186
2025-09-22,0.8100000023841858,0.8100000023841858,0.8100000023841858,0.75,0.7699999809265137,51817469
2025-09-23,0.8899999856948853,0.8899999856948853,0.8899999856948853,0.8299999833106995,0.8299999833106995,45980586
2025-09-24,0.8399999737739563,0.8399999737739563,0.9300000071525574,0.8399999737739563,0.9100000262260436,60885441
2025-09-25,0.7900000214576721,0.7900000214576721,0.800000011920929,0.7900000214576721,0.7900000214576721,12810999
2025-09-26,0.75,0.75,0.7599999904632568,0.75,0.75,7980376
2025-09-29,0.7099999785423279,0.7099999785423279,0.7099999785423279,0.7099999785423279,0.7099999785423279,2611076
2025-09-30,0.6700000166893005,0.6700000166893005,0.7099999785423279,0.6700000166893005,0.6700000166893005,23315993
2025-10-01,0.6399999856948853,0.6399999856948853,0.6800000071525574,0.6299999952316284,0.6299999952316284,40346152
2025-10-03,0.6700000166893005,0.6700000166893005,0.6700000166893005,0.6399999856948853,0.6399999856948853,14045642
2025-10-06,0.699999988079071,0.699999988079071,0.699999988079071,0.699999988079071,0.699999988079071,2310448
2025-10-07,0.7300000190734863,0.7300000190734863,0.7300000190734863,0.7300000190734863,0.7300000190734863,1509380
2025-10-08,0.7599999904632568,0.7599999904632568,0.7599999904632568,0.7300000190734863,0.7599999904632568,11817515
2025-10-09,0.7200000286102295,0.7200000286102295,0.7900000214576721,0.7200000286102295,0.7599999904632568,37878553
2025-10-10,0.699999988079071,0.699999988079071,0.7300000190734863,0.6800000071525574,0.699999988079071,24209864
2025-10-13,0.7200000286102295,0.7200000286102295,0.7300000190734863,0.6899999976158142,0.699999988079071,21476538
2025-10-14,0.6800000071525574,0.6800000071525574,0.7300000190734863,0.6800000071525574,0.7200000286102295,29164227
2025-10-15,0.699999988079071,0.699999988079071,0.7099999785423279,0.6800000071525574,0.6800000071525574,18224685
2025-10-16,0.6700000166893005,0.6700000166893005,0.7200000286102295,0.6600000262260437,0.7099999785423279,19949907
2025-10-17,0.6800000071525574,0.6800000071525574,0.699999988079071,0.6700000166893005,0.6800000071525574,9482342
2025-10-20,0.6700000166893005,0.6700000166893005,0.699999988079071,0.6600000262260437,0.699999988079071,8007031
2025-10-21,0.6800000071525574,0.6800000071525574,0.6899999976158142,0.6700000166893005,0.6700000166893005,3020772
2025-10-23,0.6800000071525574,0.6800000071525574,0.699999988079071,0.6800000071525574,0.6899999976158142,7829460
2025-10-24,0.6700000166893005,0.6700000166893005,0.6899999976158142,0.6700000166893005,0.6899999976158142,7747328
2025-10-27,0.6499999761581421,0.6499999761581421,0.6800000071525574,0.6399999856948853,0.6800000071525574,22797165
2025-10-28,0.6200000047683716,0.6200000047683716,0.6600000262260437,0.6200000047683716,0.6499999761581421,18367274
2025-10-29,0.6499999761581421,0.6499999761581421,0.6499999761581421,0.6200000047683716,0.6299999952316284,13942538
2025-10-30,0.6299999952316284,0.6299999952316284,0.6700000166893005,0.6200000047683716,0.6600000262260437,16993943
2025-10-31,0.6399999856948853,0.6399999856948853,0.6600000262260437,0.6299999952316284,0.6299999952316284,11529095
2025-11-03,0.6399999856948853,0.6399999856948853,0.6600000262260437,0.6299999952316284,0.6600000262260437,7415846
2025-11-04,0.6299999952316284,0.6299999952316284,0.6499999761581421,0.6299999952316284,0.6399999856948853,6118767
2025-11-06,0.6200000047683716,0.6200000047683716,0.6399999856948853,0.6200000047683716,0.6299999952316284,13160747
2025-11-07,0.6100000143051147,0.6100000143051147,0.6299999952316284,0.5899999737739563,0.6200000047683716,21728603
2025-11-10,0.6399999856948853,0.6399999856948853,0.6399999856948853,0.6100000143051147,0.6100000143051147,9602016
2025-11-11,0.6499999761581421,0.6499999761581421,0.6700000166893005,0.6499999761581421,0.6700000166893005,15222083
2025-11-12,0.6399999856948853,0.6399999856948853,0.6700000166893005,0.6299999952316284,0.6600000262260437,10631313
2025-11-13,0.6200000047683716,0.6200000047683716,0.6399999856948853,0.6200000047683716,0.6399999856948853,14652634
2025-11-14,0.6200000047683716,0.6200000047683716,0.6299999952316284,0.6100000143051147,0.6200000047683716,7287061
2025-11-17,0.6100000143051147,0.6100000143051147,0.6399999856948853,0.6100000143051147,0.6200000047683716,11068739
2025-11-18,0.6000000238418579,0.6000000238418579,0.6200000047683716,0.5899999737739563,0.6100000143051147,13788294
2025-11-19,0.5899999737739563,0.5899999737739563,0.6100000143051147,0.5799999833106995,0.6000000238418579,10264127
2025-11-20,0.6100000143051147,0.6100000143051147,0.6100000143051147,0.5899999737739563,0.5899999737739563,10278143
2025-11-21,0.6100000143051147,0.6100000143051147,0.6399999856948853,0.6100000143051147,0.6299999952316284,8449568
2025-11-24,0.6000000238418579,0.6000000238418579,0.6200000047683716,0.6000000238418579,0.6100000143051147,4648261
2025-11-25,0.5899999737739563,0.5899999737739563,0.6100000143051147,0.5899999737739563,0.6100000143051147,5509744
2025-11-26,0.6000000238418579,0.6000000238418579,0.6100000143051147,0.5899999737739563,0.5899999737739563,8152666
2025-11-27,0.5899999737739563,0.5899999737739563,0.6100000143051147,0.5899999737739563,0.6100000143051147,3960071
2025-11-28,0.5799999833106995,0.5799999833106995,0.6000000238418579,0.5699999928474426,0.5899999737739563,8859631
2025-12-01,0.5899999737739563,0.5899999737739563,0.6000000238418579,0.5799999833106995,0.5899999737739563,6311425
2025-12-02,0.5799999833106995,0.5799999833106995,0.6000000238418579,0.5799999833106995,0.6000000238418579,5511696
2025-12-03,0.5699999928474426,0.5699999928474426,0.5899999737739563,0.5699999928474426,0.5799999833106995,4863732
2025-12-04,0.550000011920929,0.550000011920929,0.5799999833106995,0.550000011920929,0.5799999833106995,8779028
2025-12-05,0.5799999833106995,0.5799999833106995,0.5899999737739563,0.5400000214576721,0.550000011920929,8308228
2025-12-08,0.5600000023841858,0.5600000023841858,0.6000000238418579,0.5600000023841858,0.6000000238418579,6492103
2025-12-09,0.550000011920929,0.550000011920929,0.5699999928474426,0.5400000214576721,0.5600000023841858,10782920
2025-12-10,0.5400000214576721,0.5400000214576721,0.5600000023841858,0.5400000214576721,0.5600000023841858,5570582
2025-12-11,0.5299999713897705,0.5299999713897705,0.550000011920929,0.5199999809265137,0.550000011920929,13015576
2025-12-12,0.550000011920929,0.550000011920929,0.5799999833106995,0.5299999713897705,0.5400000214576721,13395684
2025-12-15,0.5400000214576721,0.5400000214576721,0.5600000023841858,0.5400000214576721,0.5600000023841858,6947474
2025-12-16,0.5299999713897705,0.5299999713897705,0.550000011920929,0.5299999713897705,0.5400000214576721,5121184
2025-12-17,0.5299999713897705,0.5299999713897705,0.550000011920929,0.5199999809265137,0.5400000214576721,5564796
2025-12-18,0.5199999809265137,0.5199999809265137,0.5400000214576721,0.5199999809265137,0.5299999713897705,6566147
2025-12-19,0.5299999713897705,0.5299999713897705,0.5400000214576721,0.5199999809265137,0.5199999809265137,4902696
2025-12-22,0.550000011920929,0.550000011920929,0.5600000023841858,0.5299999713897705,0.5400000214576721,8707209
2025-12-23,0.5899999737739563,0.5899999737739563,0.6000000238418579,0.550000011920929,0.5600000023841858,20804343
2025-12-24,0.5600000023841858,0.5600000023841858,0.6000000238418579,0.5600000023841858,0.5899999737739563,18361411
2025-12-26,0.550000011920929,0.550000011920929,0.5699999928474426,0.5400000214576721,0.5600000023841858,8192681
2025-12-29,0.550000011920929,0.550000011920929,0.5699999928474426,0.5400000214576721,0.5600000023841858,11539871
2025-12-30,0.5299999713897705,0.5299999713897705,0.550000011920929,0.5299999713897705,0.550000011920929,4490040
2025-12-31,0.5400000214576721,0.5400000214576721,0.550000011920929,0.5299999713897705,0.5400000214576721,4966813
2026-01-01,0.550000011920929,0.550000011920929,0.5600000023841858,0.5400000214576721,0.5400000214576721,3567927
2026-01-02,0.550000011920929,0.550000011920929,0.5600000023841858,0.5299999713897705,0.550000011920929,6633721
2026-01-05,0.5400000214576721,0.5400000214576721,0.5699999928474426,0.5400000214576721,0.5600000023841858,9331265
2026-01-06,0.5299999713897705,0.5299999713897705,0.550000011920929,0.5299999713897705,0.5400000214576721,5661699
2026-01-07,0.5400000214576721,0.5400000214576721,0.5799999833106995,0.5299999713897705,0.5400000214576721,23094435
2026-01-08,0.5400000214576721,0.5400000214576721,0.550000011920929,0.5299999713897705,0.550000011920929,9302013
2026-01-09,0.5299999713897705,0.5299999713897705,0.550000011920929,0.5199999809265137,0.5400000214576721,7169303
2026-01-12,0.5299999713897705,0.5299999713897705,0.5400000214576721,0.5,0.5299999713897705,13546732
2026-01-13,0.5199999809265137,0.5199999809265137,0.5400000214576721,0.5199999809265137,0.5299999713897705,2487848
2026-01-14,0.5099999904632568,0.5099999904632568,0.5400000214576721,0.5099999904632568,0.5299999713897705,9842014
2026-01-16,0.5199999809265137,0.5199999809265137,0.5299999713897705,0.5099999904632568,0.5099999904632568,5054960
2026-01-19,0.5099999904632568,0.5099999904632568,0.5299999713897705,0.5099999904632568,0.5299999713897705,6376597
2026-01-20,0.4900000095367431,0.4900000095367431,0.5199999809265137,0.4799999892711639,0.5099999904632568,14211513
2026-01-21,0.4600000083446502,0.4600000083446502,0.5,0.4600000083446502,0.4900000095367431,17954992
2026-01-22,0.5,0.5,0.5,0.4600000083446502,0.4699999988079071,15944087
2026-01-23,0.4799999892711639,0.4799999892711639,0.5099999904632568,0.4799999892711639,0.5099999904632568,14226850
2026-01-27,0.4699999988079071,0.4699999988079071,0.4900000095367431,0.4600000083446502,0.4900000095367431,15061667
2026-01-28,0.4799999892711639,0.4799999892711639,0.5,0.4699999988079071,0.4799999892711639,8279711
2026-01-29,0.4699999988079071,0.4699999988079071,0.4900000095367431,0.4600000083446502,0.4799999892711639,5833427
2026-01-30,0.5,0.5,0.5099999904632568,0.4699999988079071,0.4799999892711639,17887116
2026-02-02,0.5,0.5,0.5299999713897705,0.5,0.5299999713897705,6821359
2026-02-03,0.5,0.5,0.5199999809265137,0.5,0.5099999904632568,5389929
2026-02-04,0.5199999809265137,0.5199999809265137,0.5299999713897705,0.4900000095367431,0.5099999904632568,13101219
2026-02-05,0.5199999809265137,0.5199999809265137,0.5400000214576721,0.5199999809265137,0.5400000214576721,4154985
2026-02-06,0.5099999904632568,0.5099999904632568,0.5299999713897705,0.5099999904632568,0.5299999713897705,5145168
2026-02-09,0.5199999809265137,0.5199999809265137,0.5299999713897705,0.5099999904632568,0.5199999809265137,2968611
2026-02-10,0.5199999809265137,0.5199999809265137,0.5299999713897705,0.5099999904632568,0.5299999713897705,4317548
2026-02-11,0.5099999904632568,0.5099999904632568,0.5299999713897705,0.5099999904632568,0.5199999809265137,4491337
2026-02-12,0.4900000095367431,0.4900000095367431,0.5199999809265137,0.4799999892711639,0.5099999904632568,11809489
2026-02-13,0.4900000095367431,0.4900000095367431,0.5,0.4799999892711639,0.5,3759036
2026-02-16,0.4799999892711639,0.4799999892711639,0.5,0.4799999892711639,0.5,2864339
2026-02-17,0.4900000095367431,0.4900000095367431,0.5,0.4799999892711639,0.4799999892711639,2483589
2026-02-18,0.5,0.5,0.5299999713897705,0.4900000095367431,0.5,9177908
2026-02-19,0.5,0.5,0.5199999809265137,0.5,0.5,5608812
2026-02-20,0.5,0.5,0.5199999809265137,0.5,0.5,2553836
2026-02-23,0.4799999892711639,0.4799999892711639,0.5099999904632568,0.4699999988079071,0.5099999904632568,6923773
2026-02-24,0.5199999809265137,0.5199999809265137,0.5299999713897705,0.4799999892711639,0.4799999892711639,14118694
2026-02-25,0.5,0.5,0.5299999713897705,0.5,0.5199999809265137,6479770
2026-02-26,0.4900000095367431,0.4900000095367431,0.5099999904632568,0.4900000095367431,0.5,2450328
2026-02-27,0.4900000095367431,0.4900000095367431,0.5,0.4799999892711639,0.4900000095367431,2447986
2026-03-02,0.4699999988079071,0.4699999988079071,0.4900000095367431,0.4699999988079071,0.4799999892711639,4418772
2026-03-04,0.449999988079071,0.449999988079071,0.4699999988079071,0.4399999976158142,0.4600000083446502,9062345
2026-03-05,0.4699999988079071,0.4699999988079071,0.4799999892711639,0.4600000083446502,0.4699999988079071,2241304
2026-03-06,0.4600000083446502,0.4600000083446502,0.4799999892711639,0.4600000083446502,0.4799999892711639,5275840
2026-03-09,0.449999988079071,0.449999988079071,0.4699999988079071,0.4399999976158142,0.4699999988079071,8517346
2026-03-10,0.4900000095367431,0.4900000095367431,0.5199999809265137,0.4600000083446502,0.4600000083446502,7371453
2026-03-11,0.4799999892711639,0.4799999892711639,0.5,0.4799999892711639,0.5,3359167
2026-03-12,0.4799999892711639,0.4799999892711639,0.5,0.4799999892711639,0.4900000095367431,2784419
2026-03-13,0.4600000083446502,0.4600000083446502,0.4900000095367431,0.4600000083446502,0.4799999892711639,3954036
2026-03-16,0.4600000083446502,0.4600000083446502,0.4799999892711639,0.4600000083446502,0.4799999892711639,3123833
2026-03-17,0.4600000083446502,0.4600000083446502,0.4799999892711639,0.4600000083446502,0.4699999988079071,2297002
2026-03-18,0.4699999988079071,0.4699999988079071,0.4799999892711639,0.4600000083446502,0.4600000083446502,2136946
2026-03-19,0.4600000083446502,0.4600000083446502,0.4799999892711639,0.4600000083446502,0.4699999988079071,2882294
2026-03-20,0.4600000083446502,0.4600000083446502,0.4699999988079071,0.4600000083446502,0.4699999988079071,3425831
2026-03-23,0.449999988079071,0.449999988079071,0.4699999988079071,0.4399999976158142,0.4699999988079071,6285411
2026-03-24,0.449999988079071,0.449999988079071,0.4699999988079071,0.449999988079071,0.4600000083446502,3384598
2026-03-25,0.449999988079071,0.449999988079071,0.4600000083446502,0.4399999976158142,0.4600000083446502,4922006
2026-03-27,0.4199999868869781,0.4199999868869781,0.4600000083446502,0.4199999868869781,0.449999988079071,10083590
2026-03-30,0.4000000059604645,0.4000000059604645,0.4300000071525574,0.4000000059604645,0.4199999868869781,6599797
2026-04-01,0.4199999868869781,0.4199999868869781,0.4399999976158142,0.4099999964237213,0.4199999868869781,4983220
2026-04-02,0.4300000071525574,0.4300000071525574,0.4399999976158142,0.4099999964237213,0.4300000071525574,4555819
2026-04-06,0.449999988079071,0.449999988079071,0.4600000083446502,0.4199999868869781,0.4399999976158142,4932263
2026-04-07,0.4699999988079071,0.4699999988079071,0.4799999892711639,0.449999988079071,0.4600000083446502,5881628
2026-04-08,0.5,0.5,0.5099999904632568,0.4900000095367431,0.4900000095367431,8696516
2026-04-09,0.4900000095367431,0.4900000095367431,0.5099999904632568,0.4799999892711639,0.5099999904632568,7422152
2026-04-10,0.4900000095367431,0.4900000095367431,0.5,0.4799999892711639,0.4900000095367431,7843751
2026-04-13,0.4699999988079071,0.4699999988079071,0.5,0.4699999988079071,0.4900000095367431,6406074
2026-04-15,0.4900000095367431,0.4900000095367431,0.5,0.4699999988079071,0.4799999892711639,6018500
2026-04-16,0.4900000095367431,0.4900000095367431,0.5,0.4799999892711639,0.5,6127015
2026-04-17,0.4799999892711639,0.4799999892711639,0.5,0.4799999892711639,0.5,3685070
2026-04-20,0.4799999892711639,0.4799999892711639,0.4900000095367431,0.4699999988079071,0.4799999892711639,3666887
2026-04-21,0.4799999892711639,0.4799999892711639,0.4900000095367431,0.4799999892711639,0.4799999892711639,3592690
2026-04-22,0.4799999892711639,0.4799999892711639,0.4900000095367431,0.4699999988079071,0.4900000095367431,3889243
2026-04-23,0.4699999988079071,0.4699999988079071,0.4900000095367431,0.4699999988079071,0.4699999988079071,3175441
2026-04-24,0.4699999988079071,0.4699999988079071,0.4799999892711639,0.4699999988079071,0.4799999892711639,2359144
2026-04-27,0.4699999988079071,0.4699999988079071,0.4900000095367431,0.4699999988079071,0.4799999892711639,2635958
2026-04-28,0.4699999988079071,0.4699999988079071,0.4799999892711639,0.4699999988079071,0.4699999988079071,2371969
2026-04-29,0.4900000095367431,0.4900000095367431,0.5,0.4699999988079071,0.4699999988079071,7623684
2026-04-30,0.4900000095367431,0.4900000095367431,0.5,0.4799999892711639,0.5,6662147
2026-05-01,0.4900000095367431,0.4900000095367431,0.4900000095367431,0.4900000095367431,0.4900000095367431,0
2026-05-04,0.4900000095367431,0.4900000095367431,0.5,0.4799999892711639,0.5,4669861
2026-05-05,0.4799999892711639,0.4799999892711639,0.5,0.4799999892711639,0.5,4353955
2026-05-06,0.4799999892711639,0.4799999892711639,0.4900000095367431,0.4699999988079071,0.4900000095367431,5129317
2026-05-07,0.4799999892711639,0.4799999892711639,0.4900000095367431,0.4799999892711639,0.4900000095367431,2359547
2026-05-08,0.5099999904632568,0.5099999904632568,0.5400000214576721,0.4799999892711639,0.4799999892711639,7341935
2026-05-11,0.5799999833106995,0.5799999833106995,0.6000000238418579,0.5199999809265137,0.5299999713897705,26765577
2026-05-12,0.5600000023841858,0.5600000023841858,0.6399999856948853,0.550000011920929,0.6000000238418579,38208646
2026-05-13,0.5199999809265137,0.5199999809265137,0.5600000023841858,0.5099999904632568,0.5600000023841858,15660815
2026-05-14,0.5400000214576721,0.5400000214576721,0.5600000023841858,0.5299999713897705,0.5299999713897705,9119738
2026-05-15,0.5400000214576721,0.5400000214576721,0.5600000023841858,0.5400000214576721,0.550000011920929,3707331
2026-05-18,0.5199999809265137,0.5199999809265137,0.5400000214576721,0.5199999809265137,0.5400000214576721,6418772
2026-05-19,0.5199999809265137,0.5199999809265137,0.550000011920929,0.5199999809265137,0.5199999809265137,9266951
2026-05-20,0.5199999809265137,0.5199999809265137,0.5299999713897705,0.5099999904632568,0.5199999809265137,4787587
2026-05-21,0.5099999904632568,0.5099999904632568,0.5299999713897705,0.5099999904632568,0.5299999713897705,6185770
2026-05-22,0.5099999904632568,0.5099999904632568,0.5299999713897705,0.5099999904632568,0.5199999809265137,3857779
2026-05-25,0.5199999809265137,0.5199999809265137,0.5299999713897705,0.5099999904632568,0.5199999809265137,5547466
2026-05-26,0.5199999809265137,0.5199999809265137,0.5299999713897705,0.5099999904632568,0.5199999809265137,4382742
2026-05-27,0.5299999713897705,0.5299999713897705,0.550000011920929,0.5199999809265137,0.5299999713897705,6221050
2026-05-28,0.5299999713897705,0.5299999713897705,0.5299999713897705,0.5299999713897705,0.5299999713897705,0
2026-05-29,0.5299999713897705,0.5299999713897705,0.5400000214576721,0.5199999809265137,0.5199999809265137,8664135
2026-06-01,0.550000011920929,0.550000011920929,0.5799999833106995,0.5299999713897705,0.5400000214576721,11634086
2026-06-02,0.5400000214576721,0.5400000214576721,0.5699999928474426,0.5400000214576721,0.5600000023841858,5252197
2026-06-03,0.550000011920929,0.550000011920929,0.5699999928474426,0.5400000214576721,0.550000011920929,5437285
2026-06-04,0.550000011920929,0.550000011920929,0.5699999928474426,0.550000011920929,0.5600000023841858,4607689
2026-06-05,0.5299999713897705,0.5299999713897705,0.5600000023841858,0.5199999809265137,0.550000011920929,5111091
2026-06-08,0.5299999713897705,0.5299999713897705,0.5400000214576721,0.5199999809265137,0.5299999713897705,4906636
2026-06-09,0.5199999809265137,0.5199999809265137,0.5400000214576721,0.5199999809265137,0.5400000214576721,4100189
2026-06-10,0.5199999809265137,0.5199999809265137,0.5299999713897705,0.5199999809265137,0.5199999809265137,2271136
2026-06-11,0.5099999904632568,0.5099999904632568,0.5299999713897705,0.5,0.5199999809265137,4118355
2026-06-12,0.5199999809265137,0.5199999809265137,0.5400000214576721,0.5099999904632568,0.5099999904632568,3745908
2026-06-15,0.5099999904632568,0.5099999904632568,0.5400000214576721,0.5099999904632568,0.5299999713897705,4526083
2026-06-16,0.5199999809265137,0.5199999809265137,0.5400000214576721,0.5099999904632568,0.5199999809265137,5387571
2026-06-17,0.5099999904632568,0.5099999904632568,0.5299999713897705,0.5099999904632568,0.5299999713897705,4638150
2026-06-18,0.5099999904632568,0.5099999904632568,0.5299999713897705,0.5099999904632568,0.5199999809265137,3191100
2026-06-19,0.5099999904632568,0.5099999904632568,0.5299999713897705,0.5099999904632568,0.5199999809265137,5031877
2026-06-22,0.5099999904632568,0.5099999904632568,0.5299999713897705,0.5099999904632568,0.5199999809265137,2906271
2026-06-23,0.5,0.5,0.5199999809265137,0.5,0.5099999904632568,4799506
2026-06-24,0.5,0.5,0.5099999904632568,0.5,0.5,2932144
2026-06-25,0.5,0.5,0.5099999904632568,0.5,0.5,2289685
2026-06-26,0.5,0.5,0.5,0.5,0.5,0
2026-06-29,0.4900000095367431,0.4900000095367431,0.5099999904632568,0.4900000095367431,0.5,2778274
2026-06-30,0.4799999892711639,0.4799999892711639,0.5,0.449999988079071,0.5,8278961
2026-07-01,0.5,0.5,0.5199999809265137,0.4799999892711639,0.4799999892711639,5923204
2026-07-02,0.5,0.5,0.5099999904632568,0.4799999892711639,0.5099999904632568,5747330
2026-07-03,0.4900000095367431,0.4900000095367431,0.5099999904632568,0.4900000095367431,0.5,2874813
2026-07-06,0.4799999892711639,0.4799999892711639,0.5,0.4799999892711639,0.4900000095367431,2242743
2026-07-07,0.4900000095367431,0.4900000095367431,0.5,0.4799999892711639,0.4799999892711639,2048964
2026-07-08,0.4799999892711639,0.4799999892711639,0.5,0.4799999892711639,0.4900000095367431,3389070
2026-07-09,0.4799999892711639,0.4799999892711639,0.4900000095367431,0.4799999892711639,0.4900000095367431,2226456
2026-07-10,0.4799999892711639,0.4799999892711639,0.4900000095367431,0.4699999988079071,0.4900000095367431,4611591
2026-07-13,0.4799999892711639,0.4799999892711639,0.4900000095367431,0.4699999988079071,0.4799999892711639,2747302
2026-07-14,0.4699999988079071,0.4699999988079071,0.4900000095367431,0.4699999988079071,0.4799999892711639,2952597
2026-07-15,0.4900000095367431,0.4900000095367431,0.5099999904632568,0.4699999988079071,0.4699999988079071,12987337
2026-07-16,0.4799999892711639,0.4799999892711639,0.5,0.4699999988079071,0.5,7057645
2026-07-17,0.4799999892711639,0.4799999892711639,0.5,0.4699999988079071,0.4799999892711639,11420371
2026-07-20,0.4699999988079071,0.4699999988079071,0.4900000095367431,0.4699999988079071,0.4799999892711639,2205668
2026-07-21,0.4799999892711639,0.4799999892711639,0.5,0.4699999988079071,0.4799999892711639,5225552
2026-07-22,0.4699999988079071,0.4699999988079071,0.4900000095367431,0.4600000083446502,0.4799999892711639,7334017
2026-07-23,0.4900000095367431,0.4900000095367431,0.5299999713897705,0.4600000083446502,0.4799999892711639,19138765
2026-07-24,0.4799999892711639,0.4799999892711639,0.5,0.4799999892711639,0.5,2248348
2026-07-27,0.4900000095367431,0.4900000095367431,0.5299999713897705,0.4799999892711639,0.4799999892711639,11410406
2026-07-28,0.4799999892711639,0.4799999892711639,0.5,0.4799999892711639,0.4900000095367431,2942198
2026-07-29,0.4900000095367431,0.4900000095367431,0.5199999809265137,0.4799999892711639,0.5,6394838
2026-07-30,0.5799999833106995,0.5799999833106995,0.5799999833106995,0.4900000095367431,0.5,35177923
2026-07-31,0.6899999976158142,0.6899999976158142,0.6899999976158142,0.6299999952316284,0.6399999856948853,81203825
2026-08-03,0.75,0.75,0.75,0.7400000095367432,0.75,43550740
2026-08-04,0.6800000071525574,0.6800000071525574,0.7699999809265137,0.6800000071525574,0.7599999904632568,18451265
2026-08-05,0.6200000047683716,0.6200000047683716,0.6399999856948853,0.6200000047683716,0.6200000047683716,6652874
2026-08-06,0.6399999856948853,0.6399999856948853,0.6499999761581421,0.6399999856948853,0.6399999856948853,22637684
2026-08-07,0.6600000262260437,0.6600000262260437,0.6700000166893005,0.6600000262260437,0.6700000166893005,17895105
2026-08-10,0.6800000071525574,0.6800000071525574,0.6899999976158142,0.6800000071525574,0.6899999976158142,16182766
2026-08-11,0.699999988079071,0.699999988079071,0.7099999785423279,0.699999988079071,0.7099999785423279,12975021
2026-08-12,0.7200000286102295,0.7200000286102295,0.7300000190734863,0.7200000286102295,0.7300000190734863,14611337
2026-08-13,0.7400000095367432,0.7400000095367432,0.75,0.7400000095367432,0.75,16386802
2026-08-14,0.7599999904632568,0.7599999904632568,0.7699999809265137,0.7599999904632568,0.7699999809265137,22553287
2026-08-17,0.7799999713897705,0.7799999713897705,0.7900000214576721,0.7799999713897705,0.7900000214576721,32041053
2026-08-18,0.800000011920929,0.800000011920929,0.8100000023841858,0.800000011920929,0.8100000023841858,30110999
2026-08-19,0.8299999833106995,0.8299999833106995,0.8399999737739563,0.8299999833106995,0.8399999737739563,25702408
2026-08-20,0.8700000047683716,0.8700000047683716,0.8700000047683716,0.8600000143051147,0.8700000047683716,28111712
2026-08-21,0.8999999761581421,0.8999999761581421,0.9100000262260436,0.8999999761581421,0.9100000262260436,29822071
2026-08-24,0.9300000071525574,0.9300000071525574,0.9399999976158142,0.9300000071525574,0.9399999976158142,80921553
2026-08-25,0.959999978542328,0.959999978542328,0.9700000286102296,0.959999978542328,0.9700000286102296,76402951
2026-08-26,0.9900000095367432,0.9900000095367432,1.0,0.9900000095367432,1.0,96338146
2026-08-27,1.0199999809265137,1.0199999809265137,1.0299999713897705,1.0199999809265137,1.0299999713897705,77830157
2026-08-28,1.059999942779541,1.059999942779541,1.0700000524520874,1.059999942779541,1.0700000524520874,89538442
2026-08-31,1.100000023841858,1.100000023841858,1.1100000143051147,1.100000023841858,1.1100000143051147,171170871
2026-09-01,1.0499999523162842,1.0499999523162842,1.0499999523162842,1.0499999523162842,1.0499999523162842,44849106
2026-09-02,1.0,1.0,1.0,1.0,1.0,5654832
2026-09-03,0.949999988079071,0.949999988079071,0.949999988079071,0.949999988079071,0.949999988079071,5101632
2026-09-04,0.9100000262260436,0.9100000262260436,0.9100000262260436,0.9100000262260436,0.9100000262260436,6348637
2026-09-07,0.8700000047683716,0.8700000047683716,0.8700000047683716,0.8700000047683716,0.8700000047683716,6232232
2026-09-08,0.8299999833106995,0.8299999833106995,0.8299999833106995,0.8299999833106995,0.8299999833106995,4498069
