Date,Open,High,Low,Close,Volume
2021-02-26,109.0,127.8499984741211,101.0,121.3499984741211,128128642
2021-03-01,128.85000610351562,145.60000610351562,127.4000015258789,145.60000610351562,44411780
2021-03-02,159.0,174.6999969482422,155.89999389648438,174.6999969482422,47816924
2021-03-03,182.8999938964844,189.6999969482422,160.3000030517578,165.5500030517578,44140719
2021-03-04,159.0,169.5500030517578,155.0,162.4499969482422,16531447
2021-03-05,165.60000610351562,170.0,156.35000610351562,159.0,7533649
2021-03-08,163.0,165.25,153.0,153.9499969482422,6631888
2021-03-09,154.0,156.0,143.25,144.1999969482422,6952197
2021-03-10,145.5,153.8000030517578,141.1999969482422,148.39999389648438,11249859
2021-03-12,150.6999969482422,151.39999389648438,143.25,145.0500030517578,3649504
2021-03-15,145.6999969482422,145.75,140.6999969482422,141.60000610351562,2728127
2021-03-16,142.75,145.35000610351562,140.39999389648438,141.25,2484229
2021-03-17,141.5,144.6999969482422,133.0,134.5,4156022
2021-03-18,137.89999389648438,138.0,129.0,130.89999389648438,3090902
2021-03-19,128.9499969482422,131.5,125.0500030517578,130.60000610351562,5032566
2021-03-22,131.75,142.5,130.60000610351562,139.6999969482422,7632251
2021-03-23,142.5,143.8000030517578,136.5500030517578,138.1999969482422,5064535
2021-03-24,136.89999389648438,137.6999969482422,133.64999389648438,134.10000610351562,1828025
2021-03-25,134.3000030517578,136.1999969482422,128.60000610351562,130.5500030517578,2400349
2021-03-26,134.1999969482422,134.39999389648438,124.5999984741211,127.5,4569177
2021-03-30,128.35000610351562,129.89999389648438,125.6999969482422,127.6500015258789,1643816
2021-03-31,127.6500015258789,130.6999969482422,126.0,126.8000030517578,1951435
2021-04-01,128.10000610351562,130.5,126.8000030517578,128.8000030517578,2709913
2021-04-05,128.9499969482422,129.0,124.0,124.4499969482422,2098870
2021-04-06,124.75,125.0,122.25,122.5500030517578,1664214
2021-04-07,123.0,126.4000015258789,122.0500030517578,123.5,2300941
2021-04-08,125.0,125.75,123.0,123.9000015258789,2187813
2021-04-09,123.0999984741211,124.75,122.0500030517578,122.1999969482422,1992752
2021-04-12,120.0,120.0,111.0,114.1999969482422,3095710
2021-04-13,115.1500015258789,117.5,114.0999984741211,116.8000030517578,949551
2021-04-15,117.0,117.0,113.8499984741211,115.0500030517578,797101
2021-04-16,115.6500015258789,116.5,114.1999969482422,114.9000015258789,1081879
2021-04-19,111.6500015258789,111.9499969482422,109.0999984741211,111.4499969482422,1154644
2021-04-20,112.0,113.3499984741211,109.9000015258789,110.25,1810889
2021-04-22,109.6999969482422,110.6500015258789,108.4499969482422,109.6999969482422,1115771
2021-04-23,109.3499984741211,127.3000030517578,109.0500030517578,123.1999969482422,13116395
2021-04-26,125.0,125.0,120.0,120.4499969482422,2715920
2021-04-27,120.4499969482422,127.3000030517578,120.0500030517578,123.9499969482422,3336800
2021-04-28,124.0500030517578,126.75,123.1500015258789,123.4000015258789,1657700
2021-04-29,124.5500030517578,124.5999984741211,121.1500015258789,122.0,1160875
2021-04-30,121.25,124.3000030517578,120.5500030517578,121.6999969482422,1053137
2021-05-03,121.0,122.0,119.0500030517578,119.9499969482422,907564
2021-05-04,121.0,122.6500015258789,119.0,119.3000030517578,1296985
2021-05-05,120.4000015258789,121.3499984741211,119.4000015258789,119.8000030517578,811406
2021-05-06,120.6999969482422,120.6999969482422,118.4000015258789,118.8499984741211,588884
2021-05-07,119.5,126.3000030517578,119.0,122.25,3316323
2021-05-10,123.25,125.0,121.4000015258789,122.6500015258789,1478725
2021-05-11,121.5999984741211,129.6999969482422,121.0500030517578,128.3000030517578,4381779
2021-05-12,130.9499969482422,133.5,127.0500030517578,127.6999969482422,4295064
2021-05-14,128.89999389648438,129.1999969482422,123.5999984741211,125.6500015258789,1284592
2021-05-17,127.9499969482422,131.3000030517578,126.5999984741211,128.0500030517578,3383442
2021-05-18,129.25,131.10000610351562,128.1999969482422,129.64999389648438,3285205
2021-05-19,129.0,135.0,128.3000030517578,133.1999969482422,4611751
2021-05-20,133.0,135.0,129.5500030517578,130.4499969482422,2064077
2021-05-21,131.25,133.0,131.14999389648438,131.75,1435024
2021-05-24,132.10000610351562,132.8000030517578,130.0,130.60000610351562,1193893
2021-05-25,131.39999389648438,132.5,129.39999389648438,129.89999389648438,1442796
2021-05-26,130.89999389648438,131.4499969482422,129.0,129.25,1227079
2021-05-27,129.89999389648438,130.0,127.9000015258789,128.10000610351562,900930
2021-05-28,128.5,130.14999389648438,128.14999389648438,128.4499969482422,1222705
2021-05-31,128.8000030517578,129.85000610351562,127.6500015258789,128.8000030517578,830999
2021-06-01,128.89999389648438,129.64999389648438,126.1500015258789,127.1999969482422,787476
2021-06-02,126.8499984741211,128.85000610351562,126.1500015258789,127.25,726715
2021-06-03,127.8000030517578,131.1999969482422,127.5500030517578,130.85000610351562,2486421
2021-06-04,131.8000030517578,134.85000610351562,130.5500030517578,132.60000610351562,4118641
2021-06-07,134.0,140.5,134.0,137.64999389648438,7575815
2021-06-08,139.1999969482422,140.64999389648438,136.25,138.3000030517578,3015729
2021-06-09,139.1999969482422,158.3000030517578,137.5500030517578,153.0,26415842
2021-06-10,158.0,164.60000610351562,153.60000610351562,154.4499969482422,13767318
2021-06-11,155.39999389648438,156.1999969482422,148.5500030517578,149.89999389648438,3534943
2021-06-14,148.0,149.6999969482422,141.5500030517578,145.6999969482422,3157482
2021-06-15,146.0,155.39999389648438,146.0,150.4499969482422,4034660
2021-06-16,151.0,151.1999969482422,146.25,147.75,1991533
2021-06-17,145.89999389648438,150.6999969482422,145.0,146.85000610351562,2101478
2021-06-18,147.6999969482422,147.8000030517578,140.0,144.35000610351562,1993678
2021-06-21,140.35000610351562,147.8000030517578,140.1999969482422,145.0,1313515
2021-06-22,146.0,151.5,145.6999969482422,149.35000610351562,2182677
2021-06-23,149.39999389648438,149.6999969482422,146.25,146.64999389648438,1258742
2021-06-24,146.89999389648438,149.0,145.5,146.5500030517578,1241324
2021-06-25,147.89999389648438,150.0,147.1999969482422,147.5500030517578,1598579
2021-06-28,146.89999389648438,146.89999389648438,143.89999389648438,144.39999389648438,1433821
2021-06-29,144.5,145.6999969482422,142.0,142.4499969482422,957141
2021-06-30,142.89999389648438,144.4499969482422,140.8000030517578,141.39999389648438,1036554
2021-07-01,143.0,143.35000610351562,139.5500030517578,140.14999389648438,771116
2021-07-02,139.60000610351562,143.9499969482422,138.5500030517578,141.89999389648438,1627721
2021-07-05,143.89999389648438,144.6999969482422,142.0,142.9499969482422,1268561
2021-07-06,143.89999389648438,146.4499969482422,142.6999969482422,143.25,1456819
2021-07-07,143.25,143.5,141.5500030517578,142.39999389648438,597100
2021-07-08,144.9499969482422,146.6999969482422,142.0,143.14999389648438,2270121
2021-07-09,144.0,144.0,141.64999389648438,142.3000030517578,859571
2021-07-12,143.8000030517578,143.8000030517578,141.3000030517578,141.64999389648438,806001
2021-07-13,142.6999969482422,146.39999389648438,141.5500030517578,143.60000610351562,1830042
2021-07-14,143.5500030517578,149.8000030517578,143.3000030517578,149.10000610351562,5352070
2021-07-15,150.1999969482422,150.39999389648438,146.0,148.3000030517578,1757486
2021-07-16,148.35000610351562,148.75,146.0,146.35000610351562,818262
2021-07-19,144.0,146.25,143.5,144.10000610351562,987572
2021-07-20,144.10000610351562,145.0500030517578,140.25,142.64999389648438,962530
2021-07-22,143.10000610351562,144.39999389648438,142.10000610351562,142.4499969482422,547691
2021-07-23,142.4499969482422,143.4499969482422,140.8000030517578,141.0500030517578,603513
2021-07-26,140.9499969482422,146.0,140.10000610351562,142.14999389648438,1291111
2021-07-27,142.8000030517578,143.35000610351562,140.1999969482422,140.89999389648438,602619
2021-07-28,141.10000610351562,141.39999389648438,136.5500030517578,139.60000610351562,1035817
2021-07-29,140.0,141.25,139.0,139.3000030517578,574891
2021-07-30,139.39999389648438,140.3000030517578,138.6999969482422,139.0,414675
2021-08-02,139.60000610351562,142.14999389648438,139.10000610351562,139.5,978106
2021-08-03,139.8000030517578,140.5,138.0,138.5500030517578,592436
2021-08-04,139.1999969482422,140.1999969482422,135.85000610351562,136.3000030517578,635643
2021-08-05,135.4499969482422,136.4499969482422,134.0,135.10000610351562,521181
2021-08-06,135.39999389648438,136.9499969482422,135.0,135.10000610351562,510901
2021-08-09,135.1999969482422,137.4499969482422,135.0,135.14999389648438,649434
2021-08-10,135.6999969482422,135.9499969482422,130.0,130.6999969482422,723121
2021-08-11,130.89999389648438,136.3000030517578,126.5,130.89999389648438,1226769
2021-08-12,131.8000030517578,135.75,131.75,134.75,604666
2021-08-13,134.39999389648438,134.39999389648438,131.0,131.60000610351562,495248
2021-08-16,131.89999389648438,131.89999389648438,128.39999389648438,128.8000030517578,534692
2021-08-17,132.0,132.0,127.9000015258789,128.1999969482422,513083
2021-08-18,129.9499969482422,129.9499969482422,127.0,127.3499984741211,359414
2021-08-20,126.5500030517578,127.0,123.0,124.9499969482422,528516
2021-08-23,126.0,127.3499984741211,120.0,121.0500030517578,530087
2021-08-24,121.6999969482422,124.1500015258789,121.0,123.1500015258789,394446
2021-08-25,124.0500030517578,126.0,124.0500030517578,125.5999984741211,309786
2021-08-26,125.5999984741211,126.6500015258789,124.5999984741211,125.1999969482422,318321
2021-08-27,124.0999984741211,125.5999984741211,124.0999984741211,124.8499984741211,275076
2021-08-30,125.3499984741211,128.75,125.3499984741211,126.3000030517578,655807
2021-08-31,127.0,127.0,124.5,124.75,460124
2021-09-01,125.5,126.0999984741211,123.0,123.5,572342
2021-09-02,124.1999969482422,127.0,124.0500030517578,125.1500015258789,474693
2021-09-03,131.0,131.0,128.39999389648438,129.39999389648438,1820954
2021-09-06,129.39999389648438,134.75,128.0,133.1999969482422,2445373
2021-09-07,134.4499969482422,134.4499969482422,130.60000610351562,130.89999389648438,554141
2021-09-08,132.85000610351562,134.0,131.0500030517578,131.39999389648438,814819
2021-09-09,130.89999389648438,132.0,130.0,130.1999969482422,473445
2021-09-13,130.39999389648438,130.60000610351562,126.8000030517578,126.9499969482422,1094145
2021-09-14,127.9000015258789,133.3000030517578,127.5500030517578,131.9499969482422,1877345
2021-09-15,132.10000610351562,134.9499969482422,131.35000610351562,131.6999969482422,841816
2021-09-16,132.0,133.1999969482422,130.5,130.9499969482422,882208
2021-09-17,131.85000610351562,132.3000030517578,128.89999389648438,130.6999969482422,760351
2021-09-20,136.14999389648438,143.39999389648438,133.0500030517578,133.6999969482422,5990552
2021-09-21,133.75,134.6999969482422,130.0,131.0500030517578,939739
2021-09-22,131.6999969482422,132.60000610351562,129.10000610351562,129.75,820479
2021-09-23,130.75,131.3000030517578,128.89999389648438,129.14999389648438,1202373
2021-09-24,130.0,132.3000030517578,128.5500030517578,128.9499969482422,2118464
2021-09-27,129.39999389648438,129.85000610351562,127.4000015258789,127.8499984741211,768260
2021-09-28,128.5,129.89999389648438,127.5,127.9499969482422,653224
2021-09-29,127.4000015258789,129.39999389648438,126.8000030517578,128.60000610351562,508911
2021-09-30,128.6999969482422,130.64999389648438,128.25,128.64999389648438,499820
2021-10-01,128.1999969482422,128.3000030517578,127.5,127.8499984741211,393739
2021-10-04,128.10000610351562,128.25,127.1500015258789,127.8000030517578,739895
2021-10-05,127.9499969482422,128.5,127.4000015258789,127.9000015258789,880996
2021-10-06,128.39999389648438,137.0,127.0999984741211,133.1999969482422,4760939
2021-10-07,135.25,139.10000610351562,133.25,134.0500030517578,3043208
2021-10-08,134.0500030517578,138.8000030517578,134.0500030517578,137.64999389648438,2398721
2021-10-11,138.85000610351562,138.85000610351562,133.8000030517578,134.0500030517578,1425830
2021-10-12,135.0,135.0500030517578,131.5,131.75,1046055
2021-10-13,132.75,135.5,131.0,133.4499969482422,1408699
2021-10-14,134.5500030517578,137.1999969482422,133.35000610351562,134.35000610351562,1372834
2021-10-18,135.60000610351562,141.89999389648438,134.64999389648438,139.35000610351562,3281998
2021-10-19,140.8000030517578,141.9499969482422,132.60000610351562,134.0,2658728
2021-10-20,133.8000030517578,133.8000030517578,128.3000030517578,128.89999389648438,2023640
2021-10-21,129.25,133.10000610351562,128.6999969482422,131.89999389648438,1559456
2021-10-22,132.64999389648438,138.8000030517578,130.1999969482422,137.0,4842628
2021-10-25,137.0,137.35000610351562,130.0,131.0,1724445
2021-10-26,131.4499969482422,133.35000610351562,130.4499969482422,131.6999969482422,633430
2021-10-27,132.39999389648438,132.39999389648438,130.5,130.64999389648438,549863
2021-10-28,130.60000610351562,131.1999969482422,128.0,128.60000610351562,877628
2021-10-29,125.8000030517578,126.5999984741211,124.3000030517578,125.1500015258789,1570127
2021-11-01,127.8000030517578,127.8000030517578,122.6500015258789,122.9499969482422,1679788
2021-11-02,123.9000015258789,125.5,121.6500015258789,122.0500030517578,2397879
2021-11-03,123.4000015258789,124.0,120.0,120.4000015258789,2541960
2021-11-04,121.9499969482422,123.9499969482422,121.5,123.5,539635
2021-11-08,124.8000030517578,125.0,122.4000015258789,123.75,1004155
2021-11-09,124.4000015258789,126.9000015258789,123.6999969482422,124.9499969482422,1240989
2021-11-10,124.9499969482422,127.5,124.5999984741211,125.6500015258789,1133791
2021-11-11,125.0,127.5,124.4000015258789,126.8499984741211,1086567
2021-11-12,128.25,129.0,125.1999969482422,125.75,1365849
2021-11-15,126.3499984741211,126.6500015258789,123.4499969482422,123.9499969482422,690256
2021-11-16,123.5,124.9499969482422,123.1999969482422,123.6500015258789,523015
2021-11-17,123.5999984741211,124.5500030517578,123.0,123.3499984741211,414477
2021-11-18,123.75,124.0999984741211,120.1999969482422,121.1999969482422,893331
2021-11-22,121.6999969482422,122.1999969482422,117.5,118.9499969482422,725411
2021-11-23,118.5999984741211,121.0,118.0,119.9000015258789,577583
2021-11-24,120.5,122.0500030517578,120.0500030517578,121.8000030517578,437599
2021-11-25,122.5,122.5,120.5,121.1999969482422,425725
2021-11-26,119.8000030517578,121.9499969482422,118.0,118.8499984741211,944740
2021-11-29,117.0500030517578,117.9000015258789,112.0999984741211,114.4000015258789,954179
2021-11-30,115.6500015258789,118.4499969482422,115.3000030517578,117.25,617531
2021-12-01,117.8000030517578,121.6999969482422,116.5500030517578,119.6999969482422,1306972
2021-12-02,120.3000030517578,120.5999984741211,119.0999984741211,119.4000015258789,367211
2021-12-03,119.5,120.75,119.0,119.25,425512
2021-12-06,119.5,119.5,116.5,116.9000015258789,473539
2021-12-07,117.1999969482422,119.6500015258789,117.0999984741211,118.3499984741211,481342
2021-12-08,117.4000015258789,119.5999984741211,117.4000015258789,119.1500015258789,402474
2021-12-09,124.6999969482422,124.6999969482422,122.5,123.4499969482422,3090805
2021-12-10,122.5,123.3000030517578,122.1500015258789,122.4499969482422,430663
2021-12-13,123.0,123.6999969482422,121.5,121.8499984741211,416811
2021-12-14,120.0500030517578,121.8000030517578,120.0500030517578,120.9000015258789,327698
2021-12-15,119.1999969482422,120.8000030517578,118.4499969482422,118.9000015258789,422741
2021-12-16,119.5,120.4499969482422,117.5,118.0,423618
2021-12-17,117.9499969482422,118.0999984741211,116.25,116.9000015258789,355825
2021-12-20,116.0,116.5500030517578,112.6500015258789,113.75,548797
2021-12-21,116.8000030517578,117.1500015258789,115.0,115.8000030517578,854409
2021-12-22,116.9000015258789,116.9000015258789,115.5,116.0,320394
2021-12-23,116.1999969482422,117.9000015258789,115.75,116.4000015258789,528235
2021-12-24,117.3000030517578,117.3000030517578,115.0999984741211,115.5500030517578,273719
2021-12-27,116.8000030517578,116.8000030517578,114.8000030517578,115.5,276862
2021-12-28,116.4000015258789,117.3000030517578,115.6500015258789,116.0999984741211,520886
2021-12-29,116.5,117.1500015258789,115.5,116.3000030517578,315133
2021-12-30,116.0,116.4499969482422,115.5500030517578,116.1999969482422,232005
2021-12-31,116.25,118.4000015258789,116.0,116.9499969482422,477334
2022-01-03,117.5,118.6500015258789,116.5999984741211,117.0500030517578,678369
2022-01-04,119.5,122.0,118.4000015258789,119.5,1551926
2022-01-05,119.3000030517578,120.0,118.5999984741211,119.75,572584
2022-01-06,119.6999969482422,120.6500015258789,118.1500015258789,119.4499969482422,810806
2022-01-07,119.75,120.9000015258789,119.0,119.6999969482422,644180
2022-01-10,120.5,121.5999984741211,119.0,120.75,1269422
2022-01-11,121.0,122.5,120.25,120.5500030517578,1319362
2022-01-12,120.5,121.1500015258789,118.5999984741211,118.8000030517578,2609163
2022-01-13,119.9000015258789,119.9000015258789,117.5,117.75,1406664
2022-01-14,117.8000030517578,120.25,117.1999969482422,119.8499984741211,1006124
2022-01-17,120.9000015258789,121.8499984741211,120.1999969482422,121.4000015258789,1412151
2022-01-18,122.4000015258789,122.4000015258789,120.0999984741211,120.3000030517578,747979
2022-01-19,120.3000030517578,120.5,118.4499969482422,120.1500015258789,606677
2022-01-20,118.5500030517578,120.9499969482422,118.25,118.6999969482422,700859
2022-01-21,117.9000015258789,120.5999984741211,117.3000030517578,117.6999969482422,803636
2022-01-24,117.0,117.5500030517578,113.0,114.25,869897
2022-01-25,114.0,116.0,111.0999984741211,114.8499984741211,602087
2022-01-27,114.5500030517578,114.5500030517578,112.5,113.9499969482422,498708
2022-01-28,114.8000030517578,115.8000030517578,114.0999984741211,114.8000030517578,491744
2022-01-31,116.0,116.3499984741211,115.0500030517578,115.3499984741211,367980
2022-02-01,115.9499969482422,117.5,113.3499984741211,114.5500030517578,871249
2022-02-02,115.4000015258789,116.0,114.75,115.5999984741211,648801
2022-02-03,115.9499969482422,115.9499969482422,114.8000030517578,115.0500030517578,453629
2022-02-04,115.4000015258789,115.4000015258789,113.5,113.9499969482422,531182
2022-02-07,113.5999984741211,114.1999969482422,112.3000030517578,112.5999984741211,424067
2022-02-08,113.1999969482422,113.5,110.75,111.5999984741211,578093
2022-02-09,112.25,112.9000015258789,111.5,112.0,356367
2022-02-10,112.5,112.5,111.5999984741211,112.1500015258789,271840
2022-02-11,111.9499969482422,111.9499969482422,111.0999984741211,111.5,325674
2022-02-14,110.0,110.8000030517578,89.19999694824219,106.6500015258789,1009230
2022-02-15,107.1999969482422,108.25,100.4000015258789,105.4000015258789,1035027
2022-02-16,107.5500030517578,107.5999984741211,105.5500030517578,106.5500030517578,432304
2022-02-17,106.0,107.0,104.9499969482422,105.5500030517578,364907
2022-02-18,105.5500030517578,105.5500030517578,102.6999969482422,102.9000015258789,446285
2022-02-21,102.5500030517578,102.8499984741211,99.5999984741211,100.1500015258789,496889
2022-02-22,97.0,99.1999969482422,96.25,98.5999984741211,703598
2022-02-23,98.5999984741211,100.1999969482422,98.5999984741211,99.4000015258789,369529
2022-02-24,97.0,97.0,92.9000015258789,93.3000030517578,827245
2022-02-25,93.9499969482422,97.1999969482422,93.9499969482422,95.1500015258789,817690
2022-02-28,96.9000015258789,96.9000015258789,92.0,92.5500030517578,1280393
2022-03-02,92.0500030517578,94.1500015258789,92.0500030517578,92.5500030517578,713196
2022-03-03,93.6999969482422,93.9000015258789,92.0999984741211,92.5,577266
2022-03-04,92.4000015258789,93.3000030517578,90.8499984741211,91.0500030517578,754743
2022-03-07,91.0,91.0,87.19999694824219,88.3499984741211,932795
2022-03-08,89.80000305175781,91.6500015258789,88.94999694824219,89.4000015258789,784192
2022-03-09,89.94999694824219,91.3000030517578,89.6500015258789,90.5,644741
2022-03-10,94.0,94.0,90.5,91.0500030517578,704118
2022-03-11,91.25,93.1999969482422,91.1999969482422,92.5999984741211,999841
2022-03-14,92.9000015258789,93.25,90.9000015258789,91.0,738151
2022-03-15,91.0,91.75,88.9000015258789,89.25,795411
2022-03-16,89.5,90.9000015258789,89.5,90.05000305175781,734678
2022-03-17,91.5,92.4000015258789,90.4499969482422,90.9000015258789,812871
2022-03-21,91.5500030517578,91.9000015258789,90.1999969482422,90.5,1273669
2022-03-22,91.0,91.0,89.19999694824219,89.5,762732
2022-03-23,91.0,93.4000015258789,89.1500015258789,89.9000015258789,2260126
2022-03-24,89.30000305175781,91.1999969482422,89.0,89.30000305175781,1514577
2022-03-25,89.30000305175781,90.0,88.55000305175781,89.19999694824219,983037
2022-03-28,89.1500015258789,89.6500015258789,87.3499984741211,87.94999694824219,1395229
2022-03-29,88.0999984741211,89.0,85.0,85.6500015258789,2103046
2022-03-30,86.80000305175781,87.69999694824219,85.6500015258789,85.9000015258789,1089279
2022-03-31,86.0,86.25,84.0,84.0999984741211,1558124
2022-04-01,84.5,86.6500015258789,84.5,86.0,1533587
2022-04-04,86.5999984741211,95.4499969482422,86.5999984741211,94.4499969482422,4925136
2022-04-05,95.5999984741211,104.6500015258789,95.4499969482422,101.1500015258789,6179181
2022-04-06,101.0,104.5,100.25,102.25,2492215
2022-04-07,102.25,109.0,102.25,107.0,5199706
2022-04-08,108.0,112.0999984741211,108.0,111.1500015258789,3831422
2022-04-11,112.0,112.1999969482422,107.9000015258789,108.4000015258789,1750615
2022-04-12,107.6500015258789,107.6500015258789,103.5999984741211,105.25,1619495
2022-04-13,106.4000015258789,112.5,106.4000015258789,111.1500015258789,3128943
2022-04-18,110.0,114.8000030517578,108.8499984741211,113.3499984741211,3698947
2022-04-19,114.5999984741211,118.9499969482422,108.0999984741211,112.4000015258789,4714165
2022-04-20,113.5,115.5,110.0,110.6500015258789,1853460
2022-04-21,112.3499984741211,118.0,112.0,117.0999984741211,3038268
2022-04-22,118.0,120.8499984741211,116.0,116.9499969482422,5137568
2022-04-25,117.0,117.6500015258789,111.0500030517578,112.0999984741211,1836356
2022-04-26,114.1999969482422,114.4000015258789,112.1999969482422,112.8499984741211,784930
2022-04-27,111.1500015258789,112.8499984741211,109.5999984741211,110.0999984741211,843254
2022-04-28,111.3499984741211,111.3499984741211,108.1500015258789,109.0999984741211,760869
2022-04-29,110.0,113.1500015258789,107.1999969482422,108.4000015258789,1390362
2022-05-02,106.6999969482422,107.0999984741211,102.3000030517578,104.4000015258789,1101413
2022-05-04,106.3000030517578,109.8499984741211,102.0999984741211,102.75,1151415
2022-05-05,104.8499984741211,104.9499969482422,101.4000015258789,102.1500015258789,616611
2022-05-06,100.0,102.9499969482422,98.4499969482422,101.3000030517578,939403
2022-05-09,101.9499969482422,102.0,98.0999984741211,98.5999984741211,677820
2022-05-10,98.5999984741211,99.75,95.0500030517578,96.75,526035
2022-05-11,97.0500030517578,98.8000030517578,92.0,94.4499969482422,1203644
2022-05-12,94.4000015258789,94.4000015258789,91.8000030517578,92.8499984741211,607481
2022-05-13,94.0,97.4000015258789,93.3000030517578,95.8000030517578,579978
2022-05-16,99.0,100.0,95.6500015258789,98.5,905525
2022-05-17,100.0,100.8000030517578,98.5,100.3000030517578,509652
2022-05-18,100.4499969482422,101.6999969482422,99.0,99.1999969482422,575945
2022-05-19,96.8000030517578,98.0500030517578,94.5,95.5500030517578,698920
2022-05-20,98.5999984741211,98.9000015258789,97.0999984741211,97.6999969482422,351144
2022-05-23,98.4499969482422,99.4000015258789,96.3000030517578,97.4000015258789,394721
2022-05-24,97.8499984741211,98.5,94.6999969482422,95.3499984741211,446981
2022-05-25,99.0,104.8499984741211,95.5,98.6500015258789,3500438
2022-05-26,98.5,99.1999969482422,92.1999969482422,95.0999984741211,974886
2022-05-27,96.5500030517578,97.8000030517578,95.8000030517578,96.75,441107
2022-05-30,98.0999984741211,99.6999969482422,97.1999969482422,99.1999969482422,578736
2022-05-31,98.6999969482422,99.0,96.25,97.1999969482422,471522
2022-06-01,97.75,101.4499969482422,97.3499984741211,99.3000030517578,1158919
2022-06-02,99.25,100.25,98.5,99.0,434659
2022-06-03,99.9000015258789,105.1999969482422,99.5999984741211,104.3499984741211,2536209
2022-06-06,103.8000030517578,103.9000015258789,99.3000030517578,100.3000030517578,1025903
2022-06-07,99.8000030517578,100.25,98.5,98.75,476545
2022-06-08,99.4499969482422,99.6500015258789,98.0,98.3499984741211,495859
2022-06-09,97.9000015258789,99.0,97.4000015258789,98.25,308731
2022-06-10,97.6999969482422,97.75,96.5999984741211,97.0999984741211,347524
2022-06-13,95.0,95.0999984741211,94.0500030517578,94.1500015258789,278511
2022-06-14,94.1500015258789,95.25,93.6999969482422,94.3499984741211,247527
2022-06-15,95.1999969482422,96.3000030517578,94.0,94.9000015258789,279915
2022-06-16,95.9000015258789,97.1999969482422,90.5,91.4499969482422,879881
2022-06-17,92.0,92.9000015258789,90.75,91.5,352802
2022-06-20,91.8000030517578,92.1999969482422,87.5,89.9000015258789,679402
2022-06-21,89.0999984741211,92.6999969482422,89.0999984741211,91.0,494412
2022-06-22,90.9499969482422,92.6500015258789,89.0,90.1500015258789,377844
2022-06-23,90.3000030517578,91.4499969482422,89.55000305175781,90.5,201509
2022-06-24,91.1500015258789,94.75,91.0500030517578,93.3499984741211,409466
2022-06-27,94.5999984741211,94.5999984741211,92.5,93.25,274961
2022-06-28,92.9000015258789,94.5,91.9000015258789,93.0,437965
2022-06-29,92.4499969482422,93.4000015258789,91.5,92.3499984741211,186080
2022-06-30,92.4000015258789,93.0999984741211,90.5999984741211,91.0999984741211,139902
2022-07-01,91.1500015258789,91.6500015258789,90.6999969482422,91.0500030517578,162424
2022-07-04,91.0500030517578,92.4000015258789,90.9000015258789,91.3000030517578,295214
2022-07-05,91.4000015258789,93.8000030517578,91.4000015258789,92.3000030517578,342768
2022-07-06,92.3499984741211,94.6500015258789,91.6999969482422,92.9499969482422,325537
2022-07-07,93.1500015258789,94.0999984741211,93.1500015258789,93.5500030517578,287468
2022-07-08,94.1999969482422,94.6500015258789,93.3499984741211,93.6999969482422,240466
2022-07-11,93.8000030517578,94.9499969482422,93.0,94.5500030517578,315927
2022-07-12,95.1500015258789,97.6999969482422,94.5,95.0999984741211,609937
2022-07-13,95.8000030517578,96.1999969482422,94.0,94.25,172703
2022-07-14,94.9000015258789,94.9000015258789,93.0,93.3000030517578,111498
2022-07-15,94.1500015258789,94.4000015258789,93.0,93.5999984741211,121430
2022-07-18,94.3000030517578,95.3000030517578,94.0,95.0999984741211,176004
2022-07-19,95.0,96.1500015258789,94.5500030517578,95.8499984741211,175904
2022-07-20,96.0999984741211,97.8000030517578,96.0,96.75,376924
2022-07-21,96.9499969482422,98.4000015258789,96.1500015258789,97.0999984741211,230927
2022-07-22,97.6500015258789,98.0500030517578,96.1999969482422,96.9000015258789,187749
2022-07-25,97.0,97.0,95.0,95.25,233684
2022-07-26,95.0500030517578,95.6999969482422,94.1999969482422,94.3499984741211,160652
2022-07-27,97.5,97.8000030517578,91.75,94.8000030517578,354015
2022-07-28,95.3000030517578,96.25,94.9000015258789,95.5500030517578,172812
2022-07-29,96.5,98.0,95.5,97.3499984741211,368990
2022-08-01,98.5,100.1500015258789,97.4499969482422,99.8499984741211,534427
2022-08-02,99.9000015258789,101.9499969482422,99.75,100.6500015258789,561159
2022-08-03,100.9000015258789,100.9000015258789,98.5999984741211,99.5999984741211,222006
2022-08-04,99.5999984741211,100.4000015258789,97.3000030517578,98.8000030517578,322031
2022-08-05,99.0,99.8499984741211,98.3499984741211,98.5999984741211,253765
2022-08-08,98.8000030517578,100.0,98.3499984741211,98.8499984741211,273460
2022-08-10,98.75,99.4499969482422,97.0,97.9499969482422,224914
2022-08-11,98.1999969482422,99.0500030517578,96.6500015258789,97.0,360749
2022-08-12,96.1500015258789,99.3499984741211,96.1500015258789,98.5500030517578,504264
2022-08-16,99.4499969482422,100.5,99.0999984741211,99.8499984741211,449423
2022-08-17,99.5,100.9499969482422,96.5,98.3000030517578,1077893
2022-08-18,98.0999984741211,98.9499969482422,97.4000015258789,97.9000015258789,351318
2022-08-19,98.5,98.5,96.6999969482422,97.0,348258
2022-08-22,97.0,97.0,95.4000015258789,95.5500030517578,257307
2022-08-23,94.75,96.5500030517578,94.75,94.9000015258789,443870
2022-08-24,95.0,95.9000015258789,94.5,94.9000015258789,261149
2022-08-25,95.4499969482422,97.4499969482422,95.4499969482422,97.0999984741211,569999
2022-08-26,97.25,98.0500030517578,96.3000030517578,96.5999984741211,304852
2022-08-29,95.0,96.5999984741211,94.1999969482422,95.4000015258789,350578
2022-08-30,96.5,101.9499969482422,96.1500015258789,101.0999984741211,3306797
2022-09-01,100.5999984741211,104.25,100.1999969482422,102.75,1460093
2022-09-02,103.0,103.5,100.5,100.8499984741211,647628
2022-09-05,101.5999984741211,102.9499969482422,100.8000030517578,101.1500015258789,536537
2022-09-06,101.5500030517578,103.9000015258789,100.1999969482422,101.6500015258789,571274
2022-09-07,101.5999984741211,103.4000015258789,101.25,102.0500030517578,507305
2022-09-08,102.5999984741211,109.6999969482422,102.3000030517578,106.1999969482422,5334257
2022-09-09,107.5,108.8000030517578,105.1999969482422,107.1999969482422,1697030
2022-09-12,107.8499984741211,110.5999984741211,106.25,107.3499984741211,1548550
2022-09-13,107.5,109.5,105.75,108.5,1217702
2022-09-14,105.0,108.25,105.0,107.4499969482422,769992
2022-09-15,108.1999969482422,112.3000030517578,106.5500030517578,108.1999969482422,1576888
2022-09-16,107.6999969482422,108.8000030517578,102.4000015258789,104.3499984741211,1188037
2022-09-19,104.9000015258789,106.1500015258789,101.5999984741211,105.25,619900
2022-09-20,105.9499969482422,107.0,104.9499969482422,106.3000030517578,511359
2022-09-21,106.9000015258789,106.9000015258789,104.0,106.0,414841
2022-09-22,105.25,108.4000015258789,105.1999969482422,107.6999969482422,836560
2022-09-23,108.9000015258789,110.6999969482422,105.3000030517578,105.75,1343511
2022-09-26,105.9000015258789,106.0,101.4000015258789,104.9000015258789,1001687
2022-09-27,105.0999984741211,107.0,102.9499969482422,105.8000030517578,621150
2022-09-28,104.1999969482422,105.5999984741211,102.1999969482422,102.8000030517578,333250
2022-09-29,103.3499984741211,105.0,102.0999984741211,102.5999984741211,625845
2022-09-30,102.5,104.0,102.0,103.3499984741211,322158
2022-10-03,103.1500015258789,108.0,103.0500030517578,105.3000030517578,1218732
2022-10-04,107.1999969482422,107.8499984741211,105.8000030517578,106.6999969482422,740335
2022-10-06,107.25,114.5,106.75,112.0,3147263
2022-10-07,112.0,114.5,109.0999984741211,113.25,1368208
2022-10-10,111.9499969482422,116.8000030517578,111.3000030517578,113.0999984741211,2497155
2022-10-11,114.0,117.4000015258789,110.0500030517578,110.9000015258789,2351078
2022-10-12,111.4499969482422,113.4000015258789,108.0999984741211,112.3499984741211,1120778
2022-10-13,112.3000030517578,112.5,108.8499984741211,110.9499969482422,812119
2022-10-14,112.4499969482422,113.5,108.8000030517578,109.4499969482422,681919
2022-10-17,109.0,109.4499969482422,106.5999984741211,106.9000015258789,425759
2022-10-18,107.8000030517578,109.8000030517578,105.0999984741211,105.4000015258789,1029460
2022-10-19,106.1999969482422,107.25,104.5,105.25,619159
2022-10-20,105.0999984741211,107.1999969482422,104.4499969482422,105.8499984741211,691774
2022-10-21,106.3499984741211,107.3000030517578,103.0999984741211,104.25,465080
2022-10-24,105.75,107.4000015258789,105.0,106.6500015258789,259772
2022-10-25,107.0,115.8499984741211,105.3499984741211,112.8499984741211,3546763
2022-10-27,113.0,116.0,112.8499984741211,115.0999984741211,1864691
2022-10-28,115.9000015258789,120.0,114.5,118.1999969482422,4682563
2022-10-31,119.0,120.75,115.3499984741211,116.4499969482422,2284751
2022-11-01,116.8000030517578,118.0999984741211,114.1500015258789,114.6500015258789,784095
2022-11-02,115.0,119.5999984741211,113.6999969482422,119.0,2593367
2022-11-03,118.9000015258789,124.4499969482422,118.5500030517578,123.8000030517578,5748484
2022-11-04,124.75,129.0,122.3000030517578,124.5,5702188
2022-11-07,125.5,134.0,125.25,131.25,10100144
2022-11-09,132.1999969482422,134.39999389648438,128.35000610351562,131.0,3125111
2022-11-10,129.5,132.1999969482422,123.0,124.0500030517578,2381453
2022-11-11,125.9499969482422,129.0,122.25,127.5500030517578,3221537
2022-11-14,128.0,129.35000610351562,124.6999969482422,125.25,1539341
2022-11-15,126.4000015258789,137.3000030517578,125.5,135.8000030517578,13145158
2022-11-16,142.0,145.25,136.10000610351562,139.4499969482422,17202996
2022-11-17,139.1999969482422,140.0,135.10000610351562,138.5500030517578,4723315
2022-11-18,139.39999389648438,140.60000610351562,135.14999389648438,137.4499969482422,3536075
2022-11-21,137.10000610351562,137.75,132.1999969482422,133.25,2281875
2022-11-22,133.4499969482422,135.0,130.8000030517578,132.25,1936108
2022-11-23,132.5,144.85000610351562,132.0,143.5,11139134
2022-11-24,144.25,146.0,138.5,139.14999389648438,10174777
2022-11-25,139.60000610351562,146.4499969482422,139.14999389648438,143.5,7682240
2022-11-28,144.25,148.6999969482422,141.3000030517578,143.85000610351562,8175077
2022-11-29,143.9499969482422,147.0,137.89999389648438,138.89999389648438,5915269
2022-11-30,139.4499969482422,139.8000030517578,135.4499969482422,136.3000030517578,2343533
2022-12-01,137.0,139.6999969482422,135.64999389648438,138.25,3581007
2022-12-02,137.89999389648438,138.89999389648438,134.35000610351562,135.14999389648438,2318676
2022-12-05,135.85000610351562,136.5,132.0,132.9499969482422,1681095
2022-12-06,132.6999969482422,136.89999389648438,131.0,135.6999969482422,2752619
2022-12-07,134.5500030517578,135.6999969482422,133.0,133.5,1426896
2022-12-08,133.5,133.9499969482422,131.3000030517578,131.89999389648438,1169407
2022-12-09,132.3000030517578,132.5500030517578,126.0,127.0999984741211,2404330
2022-12-12,126.5,133.9499969482422,125.4000015258789,133.3000030517578,3202720
2022-12-13,134.0,134.35000610351562,131.39999389648438,131.85000610351562,1640847
2022-12-14,132.5500030517578,135.6999969482422,131.5,134.10000610351562,2068371
2022-12-15,133.0,134.4499969482422,130.1999969482422,130.64999389648438,1168463
2022-12-16,130.75,137.60000610351562,130.75,135.4499969482422,7098016
2022-12-19,136.1999969482422,137.0,133.3000030517578,134.39999389648438,2216511
2022-12-20,134.25,135.5500030517578,132.10000610351562,133.8000030517578,2314730
2022-12-21,134.5,140.5500030517578,125.5500030517578,128.0500030517578,4604588
2022-12-22,129.0,130.39999389648438,122.0999984741211,123.0500030517578,1906150
2022-12-23,123.4000015258789,124.9000015258789,113.0500030517578,114.4000015258789,3626824
2022-12-26,114.9499969482422,122.6999969482422,113.5500030517578,120.6500015258789,2411220
2022-12-27,120.5999984741211,123.6999969482422,119.3000030517578,121.9000015258789,1315513
2022-12-28,121.25,127.25,121.25,126.0,2213729
2022-12-29,125.4499969482422,127.5,123.6999969482422,125.75,1237059
2022-12-30,126.5,128.39999389648438,124.6999969482422,126.75,988252
2023-01-02,127.0,129.35000610351562,127.0,127.5500030517578,1083106
2023-01-03,127.5500030517578,130.4499969482422,127.5500030517578,128.14999389648438,1443172
2023-01-04,132.39999389648438,134.0,129.5,130.35000610351562,5452687
2023-01-05,130.9499969482422,131.0500030517578,127.3000030517578,128.39999389648438,1635045
2023-01-06,128.8000030517578,129.14999389648438,124.6500015258789,126.0500030517578,963175
2023-01-09,126.8000030517578,128.25,126.0999984741211,126.5500030517578,688206
2023-01-10,126.5500030517578,126.8000030517578,122.3000030517578,122.9499969482422,779688
2023-01-11,123.5,125.9000015258789,121.8499984741211,124.5,827934
2023-01-12,127.1500015258789,129.3000030517578,126.5500030517578,127.9000015258789,2889804
2023-01-13,128.3000030517578,133.1999969482422,127.5500030517578,132.4499969482422,3472176
2023-01-16,133.0500030517578,133.9499969482422,127.3499984741211,128.4499969482422,1805380
2023-01-17,128.4499969482422,129.3000030517578,126.0,128.3000030517578,1097139
2023-01-18,128.3000030517578,131.0,127.4000015258789,129.4499969482422,1330376
2023-01-19,128.0,129.3000030517578,127.1500015258789,128.3000030517578,670065
2023-01-20,128.3000030517578,128.5500030517578,126.1500015258789,127.0,808440
2023-01-23,127.1999969482422,128.35000610351562,126.25,127.4000015258789,488986
2023-01-24,127.3000030517578,127.8499984741211,125.0500030517578,125.5999984741211,493532
2023-01-25,125.5,127.4499969482422,123.25,124.5500030517578,618196
2023-01-27,125.1999969482422,125.5999984741211,118.0,120.3000030517578,979959
2023-01-30,122.0,123.8000030517578,118.8499984741211,120.4499969482422,841414
2023-01-31,121.25,126.5,119.25,124.6500015258789,1100297
2023-02-01,121.0,124.6500015258789,113.0,115.0999984741211,4037788
2023-02-02,116.9499969482422,119.8000030517578,110.0,112.6500015258789,2365743
2023-02-03,114.75,114.75,108.1999969482422,109.5500030517578,1807816
2023-02-06,109.1500015258789,110.9499969482422,108.0500030517578,109.0,1017324
2023-02-07,109.0,110.1999969482422,105.5999984741211,106.0999984741211,1009922
2023-02-08,106.0999984741211,115.3000030517578,104.5999984741211,112.0999984741211,3119703
2023-02-09,112.0999984741211,113.3499984741211,109.8000030517578,111.4000015258789,975854
2023-02-10,111.0,116.0,111.0,115.1999969482422,2083210
2023-02-13,115.1999969482422,115.6999969482422,112.0,113.4499969482422,687756
2023-02-14,113.5,113.5,108.8499984741211,110.8499984741211,1011194
2023-02-15,110.8499984741211,113.1999969482422,110.25,112.0999984741211,719805
2023-02-16,112.5,114.5999984741211,112.3499984741211,113.4499969482422,522390
2023-02-17,115.75,117.0,114.0999984741211,115.3499984741211,1786331
2023-02-20,115.75,115.9000015258789,111.6500015258789,112.5,619535
2023-02-21,112.0999984741211,113.6500015258789,111.25,111.6999969482422,550673
2023-02-22,111.5500030517578,112.5,111.0,111.4000015258789,558702
2023-02-23,111.3499984741211,113.3000030517578,109.5,109.75,658633
2023-02-24,111.4000015258789,111.4000015258789,107.6999969482422,108.4499969482422,635710
2023-02-27,107.0999984741211,110.0,106.0,107.9499969482422,667060
2023-02-28,107.0500030517578,111.5,107.0500030517578,109.4000015258789,2133267
2023-03-01,108.9000015258789,110.8499984741211,108.1999969482422,109.4000015258789,498616
2023-03-02,109.6500015258789,113.6500015258789,109.1500015258789,111.3499984741211,1330659
2023-03-03,111.8499984741211,113.8000030517578,110.8000030517578,112.9499969482422,1548997
2023-03-06,113.0500030517578,114.5,112.5500030517578,112.8499984741211,527936
2023-03-08,112.0,112.4000015258789,110.3000030517578,111.0,538151
2023-03-09,111.3000030517578,112.6999969482422,110.5,111.0999984741211,712276
2023-03-10,110.3000030517578,111.25,108.0,108.6500015258789,670079
2023-03-13,108.0999984741211,108.0999984741211,104.1999969482422,104.75,894017
2023-03-14,105.0,106.9000015258789,104.0500030517578,105.0500030517578,657909
2023-03-15,109.0,110.0500030517578,106.5500030517578,107.1999969482422,2271570
2023-03-16,107.0,107.0500030517578,102.3499984741211,103.25,1687710
2023-03-17,104.1500015258789,104.6500015258789,101.5999984741211,102.8499984741211,960083
2023-03-20,105.4000015258789,105.4000015258789,101.4499969482422,102.1999969482422,710818
2023-03-21,102.5,103.4000015258789,102.0500030517578,102.4000015258789,722569
2023-03-22,102.8000030517578,103.9000015258789,102.1500015258789,102.4499969482422,753938
2023-03-23,102.25,102.9000015258789,100.1999969482422,100.75,948406
2023-03-24,101.3000030517578,101.8000030517578,99.0,99.3499984741211,604472
2023-03-27,99.8000030517578,99.9000015258789,96.6999969482422,99.0500030517578,1205927
2023-03-28,99.0,99.75,96.25,97.0500030517578,1358690
2023-03-29,97.0500030517578,100.4499969482422,96.9499969482422,99.6500015258789,939351
2023-03-31,99.9499969482422,102.8000030517578,99.6500015258789,101.0999984741211,1288953
2023-04-03,102.0,105.4499969482422,101.6999969482422,104.8499984741211,972916
2023-04-05,106.9000015258789,108.4000015258789,104.25,104.9000015258789,1676684
2023-04-06,105.3499984741211,105.5500030517578,103.4499969482422,104.75,591109
2023-04-10,104.9000015258789,105.3000030517578,103.6999969482422,104.3000030517578,327812
2023-04-11,104.6999969482422,104.9000015258789,102.6500015258789,103.6500015258789,457614
2023-04-12,103.6999969482422,104.9499969482422,103.3000030517578,104.0,540181
2023-04-13,104.0,105.5,103.8499984741211,104.5500030517578,357687
2023-04-17,104.0,104.5500030517578,102.9499969482422,103.75,378406
2023-04-18,104.0,108.4499969482422,104.0,107.3499984741211,2407224
2023-04-19,107.3499984741211,107.8000030517578,106.1999969482422,106.6500015258789,559348
2023-04-20,107.0500030517578,108.1999969482422,105.8000030517578,106.75,875996
2023-04-21,107.1500015258789,107.5,104.5500030517578,104.8499984741211,579416
2023-04-24,104.9000015258789,112.9000015258789,104.25,112.0999984741211,5251261
2023-04-25,112.75,117.6999969482422,111.5999984741211,116.1999969482422,6986199
2023-04-26,115.1999969482422,119.3000030517578,111.0,111.9000015258789,4681146
2023-04-27,112.0,116.8000030517578,110.5500030517578,114.3000030517578,3954990
2023-04-28,114.8000030517578,117.1999969482422,113.5999984741211,114.75,2230154
2023-05-02,115.3499984741211,120.8000030517578,114.6999969482422,117.6999969482422,6828221
2023-05-03,118.5500030517578,124.9000015258789,118.0999984741211,121.8499984741211,10339928
2023-05-04,122.9499969482422,124.6999969482422,119.5,121.0999984741211,4471332
2023-05-05,121.6500015258789,125.8000030517578,118.5500030517578,123.4000015258789,6393163
2023-05-08,124.0500030517578,124.1999969482422,120.6500015258789,121.3499984741211,2579029
2023-05-09,122.0,122.8499984741211,117.0,118.0,2695429
2023-05-10,118.0,121.9000015258789,116.5500030517578,121.25,2292305
2023-05-11,121.6999969482422,124.0,121.0999984741211,121.9499969482422,2771288
2023-05-12,122.0,123.8499984741211,120.3000030517578,121.9000015258789,1795450
2023-05-15,122.5,122.5999984741211,120.0999984741211,120.4499969482422,1038590
2023-05-16,121.0500030517578,122.5,119.1999969482422,119.9000015258789,1415917
2023-05-17,120.1500015258789,122.0,119.1500015258789,121.1500015258789,1624982
2023-05-18,123.0500030517578,123.5,119.0,119.75,2948436
2023-05-19,120.1500015258789,120.1500015258789,115.8000030517578,118.3000030517578,1694119
2023-05-22,118.0999984741211,120.5999984741211,114.75,119.9499969482422,2106797
2023-05-23,120.4000015258789,125.4499969482422,119.0,122.6500015258789,4021543
2023-05-24,123.0,127.0999984741211,122.4499969482422,123.3499984741211,2749557
2023-05-25,123.9000015258789,123.9000015258789,120.1999969482422,121.0,1020167
2023-05-26,120.6500015258789,122.0500030517578,118.8000030517578,119.5,1108869
2023-05-29,120.25,120.4000015258789,118.0999984741211,119.8000030517578,1417401
2023-05-30,119.6500015258789,120.4000015258789,117.5999984741211,118.0999984741211,974460
2023-05-31,118.0999984741211,118.75,116.0999984741211,118.25,1364240
2023-06-01,118.5999984741211,120.5500030517578,117.6500015258789,118.3499984741211,1129958
2023-06-02,118.9000015258789,119.8000030517578,117.6500015258789,117.9499969482422,876398
2023-06-05,117.8000030517578,118.75,117.3000030517578,118.0,677335
2023-06-06,118.0,128.75,117.5500030517578,127.75,10761722
2023-06-07,129.8000030517578,136.64999389648438,129.5,133.75,14906054
2023-06-08,133.8000030517578,134.35000610351562,128.39999389648438,130.9499969482422,5185475
2023-06-09,131.5,132.14999389648438,128.64999389648438,129.89999389648438,2716914
2023-06-12,130.35000610351562,132.75,128.85000610351562,131.14999389648438,2520500
2023-06-13,131.25,132.0,128.25,128.75,1596374
2023-06-14,129.25,134.60000610351562,128.10000610351562,132.0,4817931
2023-06-15,131.5,132.10000610351562,128.6999969482422,129.0500030517578,1553464
2023-06-16,129.64999389648438,131.0500030517578,125.8000030517578,127.5999984741211,2856093
2023-06-19,128.25,130.9499969482422,127.5999984741211,128.6999969482422,2332289
2023-06-20,128.4499969482422,130.8000030517578,126.5999984741211,130.1999969482422,1987101
2023-06-21,131.1999969482422,132.39999389648438,128.5500030517578,129.10000610351562,2339522
2023-06-22,129.5,129.60000610351562,125.0500030517578,126.5999984741211,1503807
2023-06-23,126.5999984741211,130.8000030517578,123.0,127.4499969482422,4121032
2023-06-26,128.10000610351562,129.89999389648438,126.5,128.14999389648438,2301664
2023-06-27,128.75,135.39999389648438,128.60000610351562,133.10000610351562,8213723
2023-06-28,133.9499969482422,137.4499969482422,132.3000030517578,132.9499969482422,5291201
2023-06-30,133.64999389648438,133.64999389648438,129.25,130.75,2635035
2023-07-03,131.14999389648438,131.6999969482422,129.10000610351562,129.39999389648438,1923086
2023-07-04,129.39999389648438,130.0,127.3000030517578,127.8499984741211,1354432
2023-07-05,128.10000610351562,131.39999389648438,127.1999969482422,130.0,2010368
2023-07-06,130.0,132.4499969482422,128.85000610351562,130.75,2062229
2023-07-07,130.60000610351562,134.0,129.25,132.89999389648438,4941575
2023-07-10,133.60000610351562,133.60000610351562,130.39999389648438,131.39999389648438,1248483
2023-07-11,131.89999389648438,134.1999969482422,130.5,133.5500030517578,2064363
2023-07-12,134.0,141.3000030517578,132.5500030517578,138.3000030517578,14054780
2023-07-13,140.0500030517578,143.64999389648438,136.3000030517578,137.0500030517578,8762466
2023-07-14,137.75,140.89999389648438,135.8000030517578,138.6999969482422,2689877
2023-07-17,139.1999969482422,142.60000610351562,139.1999969482422,141.0500030517578,3341326
2023-07-18,141.0500030517578,141.75,137.60000610351562,140.60000610351562,2985057
2023-07-19,140.6999969482422,142.60000610351562,139.1999969482422,139.89999389648438,2075072
2023-07-20,139.89999389648438,145.89999389648438,138.10000610351562,144.60000610351562,6883013
2023-07-21,144.5500030517578,156.5,143.39999389648438,155.1999969482422,20792702
2023-07-24,157.0,164.14999389648438,156.60000610351562,159.10000610351562,15735577
2023-07-25,161.5500030517578,168.6999969482422,158.14999389648438,167.1999969482422,12820849
2023-07-26,167.9499969482422,169.64999389648438,164.3000030517578,167.14999389648438,8329741
2023-07-27,166.8000030517578,171.6999969482422,165.60000610351562,168.0500030517578,8178130
2023-07-28,165.0,165.8000030517578,156.64999389648438,158.0,8083859
2023-07-31,158.4499969482422,168.0,158.35000610351562,164.8000030517578,7163805
2023-08-01,166.5500030517578,178.5,164.4499969482422,176.85000610351562,13169333
2023-08-02,176.9499969482422,180.8000030517578,165.3000030517578,169.5500030517578,11173608
2023-08-03,170.4499969482422,176.4499969482422,168.60000610351562,174.35000610351562,7837096
2023-08-04,175.9499969482422,176.39999389648438,166.3000030517578,168.75,4592809
2023-08-07,169.6999969482422,176.35000610351562,169.3000030517578,173.0,5447418
2023-08-08,176.10000610351562,182.8999938964844,174.1999969482422,176.8000030517578,10399477
2023-08-09,177.3000030517578,177.60000610351562,171.85000610351562,173.85000610351562,3500253
2023-08-10,173.5,175.60000610351562,170.75,171.8000030517578,2460560
2023-08-11,172.75,174.5,170.10000610351562,171.0500030517578,2192125
2023-08-14,172.0,172.0,163.25,166.4499969482422,2579081
2023-08-16,167.3000030517578,174.75,166.5,173.5500030517578,4143628
2023-08-17,174.25,175.8000030517578,168.14999389648438,169.0500030517578,2565053
2023-08-18,169.6999969482422,170.89999389648438,166.39999389648438,168.85000610351562,2346004
2023-08-21,169.1999969482422,174.5,168.25,169.0,2619448
2023-08-22,169.8000030517578,176.89999389648438,169.1999969482422,174.1999969482422,5666205
2023-08-23,175.0,175.25,167.14999389648438,168.10000610351562,4837824
2023-08-24,169.0500030517578,172.1999969482422,167.35000610351562,168.5500030517578,4157817
2023-08-25,168.5,171.89999389648438,165.5,166.39999389648438,3080291
2023-08-28,167.89999389648438,194.3500061035156,167.85000610351562,190.8500061035156,43844731
2023-08-29,196.5,202.4499969482422,189.25,192.6999969482422,30399426
2023-08-30,195.0,207.8999938964844,194.1000061035156,200.6000061035156,25519039
2023-08-31,201.8500061035156,210.6000061035156,198.0500030517578,209.3500061035156,16312386
2023-09-01,210.0,246.6999969482422,206.25,241.8000030517578,51198083
2023-09-04,240.75,251.3000030517578,227.25,231.6499938964844,31662174
2023-09-05,233.0,239.8000030517578,221.8999938964844,230.5500030517578,11539424
2023-09-06,231.8000030517578,232.1499938964844,220.1999969482422,223.3999938964844,5897801
2023-09-07,224.1999969482422,235.0,224.1999969482422,231.8000030517578,6658097
2023-09-08,232.6000061035156,240.0,229.0,234.25,8562672
2023-09-11,237.1499938964844,255.3999938964844,235.6000061035156,248.3000030517578,23644730
2023-09-12,250.1000061035156,253.4499969482422,223.5,223.5500030517578,13626528
2023-09-13,220.0,228.5500030517578,205.5500030517578,224.5,14044874
2023-09-14,226.6999969482422,231.25,222.1999969482422,228.25,5307878
2023-09-15,229.3999938964844,229.8500061035156,220.5,222.75,2926432
2023-09-18,223.0,224.25,215.3000030517578,216.1999969482422,2716842
2023-09-20,216.0,223.4499969482422,212.3000030517578,219.1999969482422,2742504
2023-09-21,218.9499969482422,219.6499938964844,210.0,211.0500030517578,2380000
2023-09-22,211.3999938964844,222.5500030517578,209.3000030517578,221.1999969482422,4089982
2023-09-25,221.1999969482422,228.6999969482422,217.5,228.0,4731573
2023-09-26,228.0,233.5,223.75,224.8000030517578,2961254
2023-09-27,225.1000061035156,226.1499938964844,222.5,223.25,1601129
2023-09-28,224.3500061035156,225.0,219.3000030517578,220.3000030517578,1294829
2023-09-29,221.0500030517578,226.5,220.6000061035156,223.8999938964844,1485114
2023-10-03,223.6999969482422,225.3000030517578,220.0500030517578,221.3500061035156,1219260
2023-10-04,220.8000030517578,220.8000030517578,213.5,215.6000061035156,1385160
2023-10-05,216.3999938964844,217.75,213.1999969482422,214.1999969482422,1004205
2023-10-06,214.6000061035156,223.75,213.75,218.9499969482422,3329998
2023-10-09,213.75,213.75,207.0500030517578,209.3999938964844,1934002
2023-10-10,211.0,215.6499938964844,211.0,211.6999969482422,1519434
2023-10-11,212.6999969482422,216.3999938964844,212.0,212.75,1215658
2023-10-12,213.0,219.5,212.1000061035156,218.6000061035156,2141889
2023-10-13,220.0,243.5,220.0,227.1000061035156,20200307
2023-10-16,229.25,229.5,222.6000061035156,223.4499969482422,3017857
2023-10-17,225.0,244.5,223.1499938964844,239.0,16253985
2023-10-18,239.8000030517578,239.8000030517578,229.5500030517578,232.1999969482422,4103316
2023-10-19,231.5,237.0,229.0,233.0500030517578,2974412
2023-10-20,233.3000030517578,244.5,232.8000030517578,235.0,8135226
2023-10-23,236.0500030517578,236.25,215.0,215.6499938964844,5416321
2023-10-25,217.8999938964844,222.75,205.1999969482422,210.9499969482422,3613502
2023-10-26,210.0,219.8999938964844,202.5,217.75,3618353
2023-10-27,224.8999938964844,229.1999969482422,220.1999969482422,224.0500030517578,4809251
2023-10-30,224.6000061035156,225.5500030517578,220.0500030517578,220.8500061035156,1671473
2023-10-31,222.0,234.3999938964844,221.0500030517578,222.6499938964844,6088418
2023-11-01,223.5,226.8999938964844,220.3500061035156,221.3000030517578,1619567
2023-11-02,231.0,234.8999938964844,225.5,232.8999938964844,5701461
2023-11-03,234.1999969482422,237.0,230.1999969482422,231.8500061035156,3315093
2023-11-06,232.9499969482422,248.0,230.75,240.5500030517578,11409685
2023-11-07,241.5,252.8000030517578,239.3000030517578,246.8000030517578,13367409
2023-11-08,247.8500061035156,258.29998779296875,246.3999938964844,248.3500061035156,11483761
2023-11-09,249.6499938964844,253.1999969482422,246.1000061035156,247.8500061035156,4785231
2023-11-10,248.8999938964844,253.0,243.3999938964844,251.1999969482422,4475520
2023-11-13,254.25,259.6000061035156,252.0,254.1000061035156,4509054
2023-11-15,257.20001220703125,257.8999938964844,250.75,252.5500030517578,4905345
2023-11-16,252.6000061035156,254.5,246.1000061035156,248.0,3072142
2023-11-17,247.9499969482422,274.0,246.1000061035156,271.1499938964844,23639908
2023-11-20,271.8999938964844,273.79998779296875,260.54998779296875,263.1000061035156,6760411
2023-11-21,264.45001220703125,278.5,262.8500061035156,270.95001220703125,13265197
2023-11-22,272.29998779296875,284.6000061035156,263.25,281.54998779296875,12411441
2023-11-23,282.0,294.79998779296875,280.75,292.1499938964844,13862092
2023-11-24,291.79998779296875,296.3500061035156,282.79998779296875,287.04998779296875,8992210
2023-11-28,290.0,294.70001220703125,284.8999938964844,291.45001220703125,6891364
2023-11-29,292.6000061035156,293.45001220703125,285.0,285.95001220703125,4875099
2023-11-30,287.0,294.0,273.75,290.5,7247727
2023-12-01,291.1499938964844,298.5,280.04998779296875,282.0,8917695
2023-12-04,287.29998779296875,292.29998779296875,283.54998779296875,286.29998779296875,5706431
2023-12-05,287.5,292.0,280.45001220703125,289.6000061035156,3193642
2023-12-06,289.6000061035156,289.79998779296875,285.04998779296875,285.79998779296875,2442375
2023-12-07,285.0,288.25,282.0,285.3500061035156,2149036
2023-12-08,286.6000061035156,299.6499938964844,283.29998779296875,287.1499938964844,10910935
2023-12-11,288.3999938964844,302.0,287.04998779296875,294.20001220703125,9532610
2023-12-12,296.54998779296875,297.75,286.75,289.45001220703125,3640487
2023-12-13,290.0,291.29998779296875,286.54998779296875,287.54998779296875,1970587
2023-12-14,289.20001220703125,305.79998779296875,288.5,299.20001220703125,15366090
2023-12-15,301.45001220703125,306.79998779296875,295.25,297.0,6313593
2023-12-18,297.3999938964844,304.79998779296875,293.1499938964844,300.95001220703125,4354425
2023-12-19,302.0,320.8500061035156,300.25,314.79998779296875,16494360
2023-12-20,317.45001220703125,317.70001220703125,285.04998779296875,289.25,8202803
2023-12-21,285.0,294.79998779296875,279.04998779296875,291.54998779296875,6265463
2023-12-22,295.75,304.0,293.04998779296875,296.3500061035156,5361397
2023-12-26,297.8500061035156,301.75,294.0,297.75,3613177
2023-12-27,299.0,302.79998779296875,294.20001220703125,296.5,2245883
2023-12-28,297.5,298.8500061035156,292.54998779296875,293.45001220703125,1904472
2023-12-29,298.0,348.0,297.54998779296875,338.0,45390991
2024-01-01,340.8999938964844,371.1499938964844,339.95001220703125,353.04998779296875,31508799
2024-01-02,355.1499938964844,363.8999938964844,345.3500061035156,353.95001220703125,12587553
2024-01-03,354.0,374.0,349.20001220703125,363.25,15491354
2024-01-04,366.0,369.7000122070313,353.0,355.25,10470903
2024-01-05,357.3999938964844,361.0,347.70001220703125,355.8500061035156,4043982
2024-01-08,356.75,357.3999938964844,343.54998779296875,347.1499938964844,6629486
2024-01-09,350.8999938964844,355.29998779296875,346.0,349.25,6116697
2024-01-10,351.04998779296875,356.5,345.6000061035156,351.29998779296875,6277305
2024-01-11,353.29998779296875,359.79998779296875,351.5,352.95001220703125,4931697
2024-01-12,355.0,358.3999938964844,353.1000061035156,355.5,2303153
2024-01-15,355.5,355.5,355.5,355.5,0
2024-01-16,367.3500061035156,374.3999938964844,352.1499938964844,359.45001220703125,6458140
2024-01-17,356.95001220703125,368.0,349.20001220703125,362.8500061035156,5747854
2024-01-18,367.5499877929688,372.7000122070313,345.1000061035156,363.0,6218795
2024-01-19,365.6000061035156,395.8999938964844,362.2000122070313,386.7999877929688,26165417
2024-01-23,446.0,449.2999877929688,382.9500122070313,387.25,27738038
2024-01-24,387.25,407.0499877929688,369.0,397.3999938964844,14014839
2024-01-25,407.0499877929688,459.2000122070313,406.2000122070313,437.75,59292767
2024-01-29,440.7999877929688,446.5,428.0,430.1499938964844,9928039
2024-01-30,433.7000122070313,450.9500122070313,420.0,423.6499938964844,8411710
2024-01-31,427.0,439.5,421.7000122070313,437.4500122070313,7534984
2024-02-01,443.0,446.75,417.2000122070313,419.9500122070313,10730870
2024-02-02,424.0,426.6000061035156,411.5499877929688,419.0,5184893
2024-02-05,422.0,429.5,405.0,409.6000061035156,4771098
2024-02-06,410.8999938964844,414.0,398.0,410.6499938964844,4665753
2024-02-07,414.7999877929688,438.5,412.8500061035156,424.6499938964844,8557930
2024-02-08,429.0,446.5,422.6000061035156,432.3500061035156,8199828
2024-02-09,430.0,441.0,393.1000061035156,396.8500061035156,9165487
2024-02-12,396.8500061035156,398.6000061035156,356.0,363.2999877929688,11328623
2024-02-13,358.0,381.7000122070313,354.75,366.5,10213124
2024-02-14,366.0,385.5,361.7999877929688,376.3999938964844,6295167
2024-02-15,379.8500061035156,391.7999877929688,378.7000122070313,384.9500122070313,4384229
2024-02-16,386.4500122070313,388.7999877929688,371.7000122070313,378.7000122070313,3936621
2024-02-19,380.0,408.6000061035156,378.5,390.25,7770487
2024-02-20,392.0,399.75,386.6499938964844,389.7999877929688,2543909
2024-02-21,391.7999877929688,394.7000122070313,374.2000122070313,375.7999877929688,2559860
2024-02-22,378.7999877929688,383.0,369.0,380.3500061035156,2465889
2024-02-23,381.8500061035156,413.2999877929688,381.5499877929688,407.75,15712272
2024-02-26,409.8999938964844,428.0,404.2000122070313,424.8500061035156,10397183
2024-02-27,418.0,483.6000061035156,417.3999938964844,469.9500122070313,48166328
2024-02-28,473.5,491.4500122070313,448.25,454.4500122070313,21720777
2024-02-29,456.0,458.2000122070313,433.3500061035156,448.9500122070313,14087679
2024-03-01,455.0,458.5,443.8500061035156,446.5499877929688,6447880
2024-03-04,459.7999877929688,469.3500061035156,438.5499877929688,440.6499938964844,5682501
2024-03-05,442.6499938964844,451.25,430.7000122070313,438.2999877929688,7003977
2024-03-06,434.8999938964844,438.3500061035156,414.6499938964844,418.2000122070313,4755245
2024-03-07,419.2999877929688,428.5499877929688,418.6000061035156,421.3500061035156,3888393
2024-03-11,422.6499938964844,433.9500122070313,406.7000122070313,411.25,3789355
2024-03-12,411.25,413.2000122070313,382.3500061035156,385.2999877929688,5599997
2024-03-13,387.9500122070313,394.7000122070313,308.25,308.25,14482150
2024-03-14,308.1499938964844,339.04998779296875,301.3999938964844,339.04998779296875,8014390
2024-03-15,347.3500061035156,368.5499877929688,336.04998779296875,350.75,11503398
2024-03-18,369.0,378.7000122070313,351.54998779296875,354.0,6650728
2024-03-19,354.0,355.5,341.8500061035156,346.79998779296875,2513642
2024-03-20,350.70001220703125,356.6000061035156,332.79998779296875,349.8999938964844,4942232
2024-03-21,355.1000061035156,363.8999938964844,352.45001220703125,358.04998779296875,3445391
2024-03-22,358.0,365.7999877929688,356.1499938964844,360.25,2689947
2024-03-26,360.6000061035156,371.3500061035156,356.29998779296875,364.25,3384389
2024-03-27,366.0,373.9500122070313,361.75,368.1000061035156,2780227
2024-03-28,371.5,374.0,361.5,363.75,1845854
2024-04-01,368.0,391.7999877929688,366.3999938964844,389.0,3868426
2024-04-02,388.0,393.8999938964844,379.9500122070313,390.0499877929688,3648800
2024-04-03,384.9500122070313,397.25,383.0,391.2999877929688,2260145
2024-04-04,394.0499877929688,400.3500061035156,379.5499877929688,385.5499877929688,2567192
2024-04-05,387.0,401.7999877929688,380.5499877929688,395.5499877929688,3970789
2024-04-08,397.4500122070313,406.6499938964844,390.4500122070313,391.8999938964844,3002998
2024-04-09,393.2999877929688,393.6000061035156,382.5,386.2000122070313,1747879
2024-04-10,386.5,387.8999938964844,381.8999938964844,382.8999938964844,1079183
2024-04-12,382.8999938964844,387.5,376.1000061035156,378.6000061035156,1760068
2024-04-15,374.0,374.0,356.1000061035156,366.3999938964844,2441738
2024-04-16,364.9500122070313,372.8999938964844,360.5499877929688,367.0,1503306
2024-04-18,369.5,374.2999877929688,363.1000061035156,364.1000061035156,2069775
2024-04-19,359.95001220703125,371.0,350.0,364.5,2041788
2024-04-22,368.0499877929688,388.8999938964844,368.0,379.0,3612013
2024-04-23,381.0499877929688,389.2000122070313,379.1000061035156,386.6000061035156,2917949
2024-04-24,388.0,398.5,383.75,396.25,3938400
2024-04-25,396.3999938964844,403.9500122070313,393.2000122070313,395.75,2800346
2024-04-26,397.9500122070313,413.3999938964844,392.1000061035156,403.6000061035156,5898177
2024-04-29,407.6000061035156,410.5,396.8500061035156,399.1499938964844,2685644
2024-04-30,401.2000122070313,406.9500122070313,391.75,399.6000061035156,2766060
2024-05-02,400.6499938964844,410.7000122070313,396.2000122070313,406.2000122070313,3800973
2024-05-03,410.0,411.75,392.2000122070313,394.4500122070313,4263043
2024-05-06,396.8500061035156,396.8500061035156,372.5499877929688,374.75,2285006
2024-05-07,376.0,378.0,359.0,364.8999938964844,2866484
2024-05-08,366.0,376.0,362.3500061035156,373.2000122070313,1404509
2024-05-09,374.1499938964844,375.8500061035156,355.95001220703125,359.1499938964844,1216126
2024-05-10,360.0,366.0,348.25,361.4500122070313,2178718
2024-05-13,363.0499877929688,364.0,348.54998779296875,356.54998779296875,1445689
2024-05-14,358.1000061035156,393.5499877929688,358.1000061035156,390.6499938964844,7401961
2024-05-15,391.9500122070313,392.7000122070313,382.2000122070313,390.4500122070313,2270351
2024-05-16,394.0,404.2999877929688,389.0,401.7000122070313,5979396
2024-05-17,403.3500061035156,412.8999938964844,400.1000061035156,408.9500122070313,5621683
2024-05-21,414.6000061035156,435.7000122070313,410.25,433.0,13255919
2024-05-22,434.6000061035156,449.2999877929688,419.1000061035156,427.9500122070313,7082512
2024-05-23,429.2000122070313,448.1000061035156,425.6000061035156,434.75,8236547
2024-05-24,435.5,437.25,424.0499877929688,428.4500122070313,2969174
2024-05-27,430.4500122070313,443.6499938964844,425.0,429.1499938964844,3077306
2024-05-28,429.9500122070313,431.2000122070313,410.8999938964844,419.3999938964844,4199229
2024-05-29,414.0499877929688,421.0,411.2000122070313,415.8500061035156,2853800
2024-05-30,414.8999938964844,421.8500061035156,403.1000061035156,406.7999877929688,2133041
2024-05-31,409.8500061035156,416.3500061035156,394.6499938964844,413.9500122070313,3105215
2024-06-03,440.0,442.0,422.4500122070313,429.5499877929688,5572185
2024-06-04,428.0,428.0,343.6499938964844,364.7000122070313,7122827
2024-06-05,364.7000122070313,378.0,335.0,355.75,6584790
2024-06-06,362.8999938964844,390.8999938964844,362.8999938964844,377.9500122070313,5422996
2024-06-07,378.0,382.7999877929688,372.1000061035156,378.6499938964844,2749701
2024-06-10,390.0,400.0,382.5,384.3500061035156,4150612
2024-06-11,387.0,428.7000122070313,385.6000061035156,419.4500122070313,17289442
2024-06-12,420.0,428.0,414.25,425.0499877929688,6199254
2024-06-13,427.4500122070313,427.8999938964844,413.1000061035156,417.2000122070313,3059841
2024-06-14,417.8999938964844,427.0,413.5499877929688,420.6499938964844,3830106
2024-06-18,430.0,448.3999938964844,424.25,435.0,14292969
2024-06-19,438.0,438.0,414.5499877929688,426.7999877929688,4339851
2024-06-20,428.8999938964844,437.7000122070313,420.2000122070313,434.4500122070313,4769429
2024-06-21,436.6499938964844,490.0,436.25,476.0,51795972
2024-06-24,475.0,513.0,465.3999938964844,494.9500122070313,23616827
2024-06-25,499.0,504.8999938964844,471.5,474.9500122070313,7856082
2024-06-26,477.1000061035156,486.8999938964844,465.5,468.8999938964844,7526511
2024-06-27,471.1000061035156,479.8999938964844,453.1000061035156,462.5,5741342
2024-06-28,463.3500061035156,476.0,456.7000122070313,465.5,5659469
2024-07-01,468.7999877929688,484.7999877929688,463.5,472.1499938964844,7934442
2024-07-02,470.0,484.0,468.0,480.2999877929688,5720160
2024-07-03,482.6000061035156,488.0,478.1000061035156,481.0,4672629
2024-07-04,483.0,495.0,480.5,486.5,4313577
2024-07-05,489.0,534.4000244140625,487.5499877929688,519.75,31876881
2024-07-08,524.0,559.4000244140625,523.0499877929688,535.0999755859375,21375897
2024-07-09,539.7999877929688,544.5999755859375,499.0,511.0499877929688,12087473
2024-07-10,514.75,529.0,501.6499938964844,522.2000122070312,10847725
2024-07-11,524.0,525.75,510.5499877929688,520.1500244140625,5314924
2024-07-12,521.7999877929688,617.7999877929688,516.0,596.9000244140625,76881571
2024-07-15,601.0,608.0,568.5999755859375,575.5,13746231
2024-07-16,578.0499877929688,578.0499877929688,551.2999877929688,556.2000122070312,8190963
2024-07-18,556.2000122070312,562.0,520.2000122070312,526.7000122070312,9995015
2024-07-19,529.0999755859375,551.5,511.0499877929688,516.3499755859375,21253140
2024-07-22,516.3499755859375,536.5499877929688,505.75,523.7000122070312,9806302
2024-07-23,541.5,549.5,450.75,491.2000122070313,24569177
2024-07-24,496.0,521.5,493.5,505.9500122070313,10109238
2024-07-25,505.0,513.9000244140625,490.0,492.5499877929688,5943205
2024-07-26,495.0499877929688,502.0,483.75,485.1000061035156,5392357
2024-07-29,489.5,516.0,488.3500061035156,509.7000122070313,13323161
2024-07-30,510.0499877929688,518.9000244140625,503.0,510.75,6416199
2024-07-31,512.75,513.2000122070312,498.1499938964844,500.1000061035156,2770724
2024-08-01,503.3500061035156,505.5,494.0,496.3999938964844,2935815
2024-08-02,484.0,508.7999877929688,481.1000061035156,501.6000061035156,5675727
2024-08-05,479.9500122070313,487.0,461.25,470.5499877929688,5903275
2024-08-06,484.8999938964844,487.75,449.0,452.4500122070313,4280963
2024-08-07,465.0,468.25,448.3500061035156,464.4500122070313,4025364
2024-08-08,466.7999877929688,476.3999938964844,454.5499877929688,458.2000122070313,3698457
2024-08-09,461.7999877929688,472.0,456.6000061035156,469.4500122070313,3220377
2024-08-12,470.0,492.9500122070313,465.2999877929688,482.75,7156903
2024-08-13,485.5,494.7999877929688,470.5,473.0499877929688,3202333
2024-08-14,474.3500061035156,476.0,459.0,464.5,2095366
2024-08-16,469.0,479.5,469.0,475.3999938964844,1734742
2024-08-19,477.75,486.3500061035156,474.5,475.5499877929688,2032328
2024-08-20,477.5,477.8999938964844,467.5499877929688,469.8999938964844,1470572
2024-08-21,469.7000122070313,478.8500061035156,467.1499938964844,470.0499877929688,1272440
2024-08-22,471.4500122070313,477.7000122070313,465.6499938964844,471.7000122070313,1347859
2024-08-23,478.8999938964844,507.4500122070313,477.7999877929688,497.2999877929688,19538159
2024-08-26,500.0,505.8999938964844,497.3500061035156,503.1000061035156,3489384
2024-08-27,504.5,505.5,495.5499877929688,500.0,2841557
2024-08-28,502.5,516.75,499.0499877929688,502.0,6577529
2024-08-29,503.0,503.0,489.0,492.0499877929688,1947009
2024-08-30,492.1000061035156,498.5,484.3500061035156,490.7999877929688,2431412
2024-09-02,512.5999755859375,516.0,490.0,498.8999938964844,8577946
2024-09-03,498.8999938964844,500.9500122070313,491.6000061035156,496.2000122070313,1753127
2024-09-04,491.0,499.1000061035156,486.4500122070313,494.2999877929688,1407714
2024-09-05,497.6000061035156,502.2000122070313,491.2000122070313,492.6000061035156,1260046
2024-09-06,493.0,494.4500122070313,477.0,484.7000122070313,1757548
2024-09-09,483.3500061035156,483.5,465.5,469.6499938964844,1804835
2024-09-10,471.7999877929688,478.8999938964844,470.1499938964844,477.0,967797
2024-09-11,478.0,478.8500061035156,465.0,466.0,1125787
2024-09-12,468.6000061035156,474.5,461.0499877929688,469.5,1267120
2024-09-13,471.0,486.6000061035156,468.0499877929688,473.8500061035156,1764836
2024-09-16,476.75,478.0,466.6000061035156,469.7000122070313,973085
2024-09-17,470.2000122070313,483.25,465.0,473.5,1649773
2024-09-18,475.0,479.6499938964844,463.0,464.5,964109
2024-09-19,466.7999877929688,471.9500122070313,439.0,450.8999938964844,2262861
2024-09-20,452.5,485.0,445.7999877929688,477.6000061035156,6143962
2024-09-23,477.7999877929688,478.75,467.25,468.8500061035156,1060614
2024-09-24,469.0,469.8500061035156,463.0,463.9500122070313,716941
2024-09-25,464.0,464.4500122070313,451.3999938964844,453.5,1162240
2024-09-26,455.2999877929688,465.4500122070313,447.6000061035156,461.6000061035156,1492365
2024-09-27,475.0,478.7999877929688,466.0,468.2999877929688,2578983
2024-09-30,471.3500061035156,475.6499938964844,458.25,461.4500122070313,1637883
2024-10-01,463.0,463.6499938964844,452.7000122070313,454.0,1343679
2024-10-03,445.7999877929688,452.0,441.5,443.1499938964844,1120018
2024-10-04,442.0,445.7999877929688,425.7999877929688,431.8999938964844,1769359
2024-10-07,433.1499938964844,434.3999938964844,390.8999938964844,394.75,4437256
2024-10-08,392.75,419.6000061035156,385.2999877929688,416.8999938964844,4422387
2024-10-09,421.0,434.5,413.2999877929688,415.7000122070313,2373624
2024-10-10,416.7000122070313,420.7999877929688,403.6499938964844,405.2000122070313,1854614
2024-10-11,405.8500061035156,415.5,400.5499877929688,407.9500122070313,1621207
2024-10-14,413.0,415.5,407.5,410.2999877929688,1116306
2024-10-15,411.0,412.3999938964844,405.8500061035156,408.1000061035156,633211
2024-10-16,412.0,449.0,412.0,438.6499938964844,29665352
2024-10-17,443.0,446.8999938964844,427.0,430.7999877929688,6799309
2024-10-18,430.0,430.0,411.0,423.75,2652267
2024-10-21,421.0,425.1000061035156,408.2000122070313,410.1499938964844,1466263
2024-10-22,410.0,410.8500061035156,388.0,390.7000122070313,2144272
2024-10-23,390.7000122070313,404.0,375.1000061035156,396.75,2901562
2024-10-24,396.9500122070313,420.75,392.0499877929688,414.0499877929688,6205681
2024-10-25,414.0499877929688,416.6000061035156,390.2999877929688,395.6000061035156,2583414
2024-10-28,398.0,407.8999938964844,388.25,404.25,2192612
2024-10-29,406.75,411.0,399.0,405.7999877929688,2280794
2024-10-30,407.8500061035156,426.6499938964844,401.2999877929688,418.5499877929688,3786815
2024-10-31,416.7999877929688,424.5499877929688,413.0499877929688,420.6499938964844,1503860
2024-11-01,422.0,424.5,420.3999938964844,421.5499877929688,302475
2024-11-04,421.5499877929688,422.0,406.2999877929688,407.7000122070313,1203202
2024-11-05,406.8999938964844,412.0,403.3999938964844,408.8500061035156,1089638
2024-11-06,412.0499877929688,419.7999877929688,411.6000061035156,418.75,1007649
2024-11-07,420.1000061035156,427.0,409.2000122070313,411.7999877929688,1438194
2024-11-08,405.0,408.6000061035156,400.0,401.2999877929688,1393450
2024-11-11,399.9500122070313,403.9500122070313,392.0,394.5499877929688,1043840
2024-11-12,399.0,406.9500122070313,390.0,390.75,1066766
2024-11-13,389.0499877929688,392.6000061035156,373.6000061035156,375.25,1404290
2024-11-14,376.1499938964844,381.7000122070313,371.1000061035156,372.2000122070313,1022050
2024-11-18,372.2000122070313,376.4500122070313,362.2000122070313,366.2000122070313,1135038
2024-11-19,371.0499877929688,384.8999938964844,369.8999938964844,374.4500122070313,1628549
2024-11-21,375.0,376.4500122070313,360.0,364.75,1424797
2024-11-22,365.8500061035156,367.7999877929688,360.6499938964844,364.7999877929688,1224832
2024-11-25,378.0,402.6499938964844,377.9500122070313,396.8500061035156,7297088
2024-11-26,399.7000122070313,401.8500061035156,391.5499877929688,392.9500122070313,1359765
2024-11-27,396.0,412.0,391.4500122070313,408.9500122070313,2964168
2024-11-28,409.75,417.3500061035156,405.0,407.75,2003674
2024-11-29,410.3500061035156,411.75,402.6000061035156,410.1000061035156,1260810
2024-12-02,413.0,415.9500122070313,404.6000061035156,409.9500122070313,1574765
2024-12-03,411.0,419.6000061035156,409.8500061035156,416.25,1232881
2024-12-04,416.9500122070313,427.8999938964844,415.5,420.8999938964844,1913223
2024-12-05,423.1499938964844,427.2000122070313,414.2000122070313,417.3999938964844,1642430
2024-12-06,417.7999877929688,437.4500122070313,416.1000061035156,435.8500061035156,4129624
2024-12-09,438.6499938964844,444.8999938964844,436.6499938964844,441.8999938964844,2964318
2024-12-10,444.1499938964844,445.0,430.7000122070313,435.3500061035156,2064445
2024-12-11,435.7999877929688,461.2000122070313,432.5499877929688,451.5,8229904
2024-12-12,451.4500122070313,454.5,443.5499877929688,446.2000122070313,2134406
2024-12-13,444.0,444.0,428.3500061035156,440.8500061035156,2075556
2024-12-16,441.7000122070313,448.6000061035156,439.0,441.9500122070313,1214953
2024-12-17,445.0,452.8500061035156,433.6499938964844,436.0499877929688,2392818
2024-12-18,436.3999938964844,437.2999877929688,423.2000122070313,426.0499877929688,1184472
2024-12-19,410.0,421.7999877929688,410.0,418.8999938964844,1156889
2024-12-20,420.0,425.7999877929688,397.5,400.6499938964844,1638869
2024-12-23,402.8999938964844,406.25,393.6000061035156,395.9500122070313,1228395
2024-12-24,395.7999877929688,405.7000122070313,394.9500122070313,397.2000122070313,1056575
2024-12-26,398.8999938964844,403.9500122070313,395.1000061035156,401.4500122070313,843843
2024-12-27,401.1000061035156,404.7000122070313,397.5,398.8500061035156,617370
2024-12-30,398.0,403.75,392.0,392.8999938964844,945150
2024-12-31,390.0499877929688,412.8999938964844,388.5499877929688,404.0499877929688,2911898
2025-01-01,403.5499877929688,407.0,401.1499938964844,405.0499877929688,853646
2025-01-02,419.8999938964844,434.1499938964844,412.1499938964844,422.25,18061910
2025-01-03,424.7000122070313,427.9500122070313,418.5499877929688,422.5499877929688,1969790
2025-01-06,424.6499938964844,424.7000122070313,393.6000061035156,395.7000122070313,2104629
2025-01-07,398.0,405.0,396.4500122070313,399.7000122070313,988903
2025-01-08,401.0,417.2999877929688,396.2000122070313,409.5499877929688,3613402
2025-01-09,408.7000122070313,408.7000122070313,397.2999877929688,399.7999877929688,844932
2025-01-10,399.7000122070313,399.7000122070313,377.3500061035156,379.25,1449461
2025-01-13,374.8999938964844,389.7000122070313,353.20001220703125,359.79998779296875,2786746
2025-01-14,365.0,380.0,363.2999877929688,377.0,1782361
2025-01-15,380.7999877929688,386.6000061035156,374.5,376.75,1513860
2025-01-16,386.0,416.5,382.1000061035156,412.75,8250714
2025-01-17,407.9500122070313,421.6499938964844,402.0,414.3500061035156,4060820
2025-01-20,414.3500061035156,424.0,409.7999877929688,417.0,1834522
2025-01-21,417.0,417.6000061035156,399.0,401.25,1770717
2025-01-22,406.75,409.7999877929688,382.3999938964844,391.0,2523108
2025-01-23,392.0,399.7000122070313,385.0499877929688,391.25,1514202
2025-01-24,391.2999877929688,395.3500061035156,380.8999938964844,384.0499877929688,1285959
2025-01-27,376.7000122070313,378.0,360.0,364.0,1565086
2025-01-28,364.9500122070313,371.25,336.0,351.3999938964844,4907281
2025-01-29,352.6499938964844,379.0,352.5,373.25,1987409
2025-01-30,378.0,392.4500122070313,373.8500061035156,384.0499877929688,2944665
2025-01-31,386.0,410.75,380.1000061035156,406.6000061035156,4697648
2025-02-01,408.5,426.3999938964844,367.6000061035156,378.6499938964844,8084800
2025-02-03,370.7000122070313,374.1499938964844,352.1000061035156,358.04998779296875,3097479
2025-02-04,364.0,368.7999877929688,352.1000061035156,356.0,1933976
2025-02-05,359.0,367.5499877929688,357.0,358.1499938964844,1356976
2025-02-06,359.70001220703125,361.7000122070313,356.0,358.45001220703125,956711
2025-02-07,358.45001220703125,358.70001220703125,349.1000061035156,352.70001220703125,980026
2025-02-10,350.0,353.1000061035156,339.29998779296875,345.6499938964844,1062069
2025-02-11,345.0,345.0,326.0,327.8500061035156,1442518
2025-02-12,327.79998779296875,328.45001220703125,305.20001220703125,323.6499938964844,2925724
2025-02-13,327.25,334.70001220703125,321.04998779296875,323.20001220703125,1783509
2025-02-14,323.20001220703125,325.1000061035156,302.25,306.04998779296875,1782400
2025-02-17,302.1499938964844,315.0,296.70001220703125,304.3500061035156,3070058
2025-02-18,304.04998779296875,307.0,285.0,292.20001220703125,2666364
2025-02-19,288.0,316.5,285.5,314.3999938964844,3638982
2025-02-20,311.0,321.45001220703125,307.04998779296875,313.20001220703125,2155197
2025-02-21,311.0,322.45001220703125,304.04998779296875,305.5,1765645
2025-02-24,308.0,315.5,306.29998779296875,308.3999938964844,6236194
2025-02-25,307.29998779296875,311.79998779296875,301.6499938964844,307.5,1478990
2025-02-27,309.95001220703125,312.79998779296875,294.5,297.6000061035156,1820686
2025-02-28,291.5,294.6000061035156,275.20001220703125,281.1499938964844,2244463
2025-03-03,285.0,289.70001220703125,265.5,277.25,3040637
2025-03-04,271.8500061035156,285.8999938964844,270.0,281.20001220703125,2196687
2025-03-05,281.20001220703125,293.20001220703125,281.20001220703125,289.45001220703125,1995472
2025-03-06,292.0,300.6499938964844,290.20001220703125,295.8999938964844,2160486
2025-03-07,297.75,306.0,293.45001220703125,298.70001220703125,2121243
2025-03-10,304.8999938964844,309.0,287.6000061035156,292.1499938964844,3986476
2025-03-11,285.0,294.1499938964844,279.25,292.6499938964844,1841463
2025-03-12,295.29998779296875,298.70001220703125,288.0,289.45001220703125,1346459
2025-03-13,289.45001220703125,291.20001220703125,282.0,283.25,1149035
2025-03-17,283.95001220703125,286.45001220703125,273.8500061035156,275.6000061035156,1400759
2025-03-18,275.6000061035156,275.6000061035156,275.6000061035156,275.6000061035156,0
2025-03-19,283.20001220703125,303.5,283.20001220703125,296.29998779296875,3365639
2025-03-20,298.1000061035156,305.75,293.1000061035156,297.5,2479811
2025-03-21,298.8999938964844,321.6499938964844,295.3500061035156,309.75,7527427
2025-03-24,318.0,339.3999938964844,316.70001220703125,327.5,20867260
2025-03-25,329.8500061035156,336.8999938964844,319.45001220703125,323.3500061035156,3622244
2025-03-26,322.95001220703125,325.29998779296875,306.0,308.0,2175910
2025-03-27,306.29998779296875,313.8999938964844,303.0,308.1000061035156,2831491
2025-03-28,307.0,318.75,301.5,302.54998779296875,2651784
2025-04-01,305.3500061035156,308.3999938964844,300.20001220703125,301.3999938964844,2706011
2025-04-02,302.1000061035156,308.8999938964844,294.54998779296875,307.1000061035156,2052515
2025-04-03,302.5,314.79998779296875,301.3999938964844,311.75,2116016
2025-04-04,309.0,312.0,294.25,297.54998779296875,1838279
2025-04-07,266.0,288.0,266.0,281.54998779296875,2320611
2025-04-08,289.95001220703125,292.95001220703125,284.25,291.04998779296875,1249478
2025-04-09,291.45001220703125,291.45001220703125,284.04998779296875,284.8999938964844,912857
2025-04-11,292.0,295.1000061035156,288.1499938964844,292.29998779296875,1093173
2025-04-15,296.04998779296875,309.0,296.04998779296875,306.5,1556998
2025-04-16,309.0,313.79998779296875,306.04998779296875,309.3999938964844,1388805
2025-04-17,310.0,313.25,307.04998779296875,309.75,1164586
2025-04-21,311.5,318.75,310.6499938964844,316.3500061035156,1699688
2025-04-22,317.95001220703125,322.1499938964844,314.04998779296875,317.45001220703125,1253430
2025-04-23,318.0,321.25,309.29998779296875,319.5,1684785
2025-04-24,318.3999938964844,324.8999938964844,315.0,316.20001220703125,1804924
2025-04-25,316.95001220703125,317.70001220703125,299.1499938964844,302.0,2075251
2025-04-28,304.79998779296875,310.0,299.6000061035156,308.5,1945383
2025-04-29,308.0,312.79998779296875,303.0,304.5,948957
2025-04-30,303.8999938964844,304.1499938964844,292.5,296.04998779296875,1000905
2025-05-02,313.6499938964844,336.3999938964844,313.6499938964844,315.8999938964844,40183485
2025-05-05,326.6000061035156,328.0,319.5,322.8500061035156,4545448
2025-05-06,322.8500061035156,323.54998779296875,301.1499938964844,303.04998779296875,4435539
2025-05-07,298.79998779296875,310.5,295.6499938964844,307.6499938964844,3028918
2025-05-08,310.0,313.54998779296875,296.0,300.54998779296875,1688374
2025-05-09,292.0,310.8999938964844,290.79998779296875,308.3500061035156,3226052
2025-05-12,320.0,323.95001220703125,316.20001220703125,322.3999938964844,3310135
2025-05-13,321.79998779296875,331.3999938964844,317.79998779296875,325.8500061035156,2528846
2025-05-14,326.04998779296875,360.0,323.45001220703125,356.54998779296875,14315782
2025-05-15,357.3999938964844,366.8500061035156,355.1499938964844,362.0499877929688,5581707
2025-05-16,362.9500122070313,392.7999877929688,358.0,383.5499877929688,11360243
2025-05-19,384.7999877929688,402.3999938964844,384.5,397.3500061035156,6559510
2025-05-20,398.8999938964844,402.2999877929688,375.3500061035156,377.8500061035156,4871354
2025-05-21,377.8500061035156,383.0499877929688,372.4500122070313,378.2000122070313,2883209
2025-05-22,378.0,391.5,373.8999938964844,380.7999877929688,3265540
2025-05-23,380.0,380.7999877929688,371.6000061035156,376.2000122070313,1951739
2025-05-26,377.0499877929688,388.5,372.1000061035156,385.2999877929688,3408964
2025-05-27,385.0,393.0499877929688,380.1000061035156,387.6499938964844,2639012
2025-05-28,389.6000061035156,408.0,389.5499877929688,401.4500122070313,9030164
2025-05-29,403.7999877929688,405.0,394.2999877929688,403.1499938964844,3258916
2025-05-30,403.75,411.5,392.5499877929688,398.5499877929688,3477686
2025-06-02,396.0,405.0,392.7999877929688,399.25,2251539
2025-06-03,401.1000061035156,406.0,395.0,398.9500122070313,2343405
2025-06-04,400.5,449.7999877929688,395.2000122070313,442.0499877929688,32564320
2025-06-05,446.9500122070313,464.9500122070313,439.5,461.1499938964844,15751914
2025-06-06,457.0,457.4500122070313,441.0,444.1499938964844,6811423
2025-06-09,450.0,463.7000122070313,444.1499938964844,457.8500061035156,8635123
2025-06-10,461.2999877929688,478.9500122070313,447.0,449.1000061035156,9349421
2025-06-11,451.0,467.25,443.2000122070313,456.4500122070313,9653539
2025-06-12,460.0,469.1000061035156,434.75,438.2999877929688,8272215
2025-06-13,427.0,437.9500122070313,422.7999877929688,425.3500061035156,5128845
2025-06-16,425.0,436.1000061035156,410.0,432.5,5204767
2025-06-17,433.5499877929688,435.9500122070313,424.1499938964844,426.6000061035156,2914956
2025-06-18,429.5,443.1499938964844,422.2000122070313,426.6499938964844,7510851
2025-06-19,427.2999877929688,431.5,404.0499877929688,407.4500122070313,5582382
2025-06-20,409.0,423.3999938964844,407.5,421.5,5673890
2025-06-23,418.0,423.6499938964844,414.6499938964844,417.25,3217506
2025-06-24,424.0,432.2999877929688,418.7999877929688,420.5,4637262
2025-06-25,422.7000122070313,436.5,421.6000061035156,423.3500061035156,3684087
2025-06-26,425.5,429.75,420.7000122070313,423.7999877929688,2489394
2025-06-27,425.9500122070313,431.6499938964844,422.6499938964844,428.2999877929688,3242769
2025-06-30,430.4500122070313,431.7000122070313,423.5,428.3999938964844,2215402
2025-07-01,430.6000061035156,433.9500122070313,424.1499938964844,426.5,2278329
2025-07-02,427.7999877929688,430.6000061035156,418.1000061035156,422.9500122070313,1714857
2025-07-03,424.5,429.25,418.5,420.8999938964844,1825203
2025-07-04,422.0,423.7000122070313,416.0499877929688,418.75,1180709
2025-07-07,418.75,421.2000122070313,411.0,413.0,1349859
2025-07-08,412.0,415.8999938964844,405.5499877929688,411.75,1795624
2025-07-09,413.8500061035156,417.7000122070313,408.1499938964844,410.2000122070313,1635134
2025-07-10,412.25,417.3999938964844,405.5499877929688,408.1000061035156,2300172
2025-07-11,405.8999938964844,411.9500122070313,405.6000061035156,411.1499938964844,1439601
2025-07-14,413.1499938964844,414.4500122070313,408.5,409.8999938964844,1099253
2025-07-15,415.0,426.0,415.0,417.1000061035156,5801868
2025-07-16,418.0,418.3999938964844,412.2000122070313,414.0,1179162
2025-07-17,415.2000122070313,415.3999938964844,410.2000122070313,411.0,835146
2025-07-18,410.2999877929688,412.0,405.5499877929688,406.4500122070313,815564
2025-07-21,406.5,408.5,401.0,404.8999938964844,1044008
2025-07-22,406.5,408.4500122070313,400.5499877929688,401.8999938964844,810539
2025-07-23,403.3500061035156,406.2000122070313,397.8500061035156,402.75,851989
2025-07-24,404.0499877929688,406.2000122070313,400.25,402.3999938964844,726020
2025-07-25,402.8999938964844,403.2000122070313,391.7999877929688,394.3500061035156,991023
2025-07-28,393.9500122070313,393.9500122070313,375.0499877929688,378.1499938964844,1350880
2025-07-29,378.1000061035156,386.2000122070313,376.3999938964844,384.3500061035156,1910026
2025-07-30,386.0,388.0,376.3500061035156,378.9500122070313,845176
2025-07-31,372.0,374.8500061035156,364.0499877929688,367.5499877929688,1263261
2025-08-01,367.5,370.5499877929688,352.20001220703125,354.0,1532249
2025-08-04,359.54998779296875,369.7000122070313,357.1499938964844,368.4500122070313,2017438
2025-08-05,369.0,375.4500122070313,365.0499877929688,366.5499877929688,1311686
2025-08-06,366.3500061035156,369.5,360.25,361.8999938964844,850367
2025-08-07,360.1000061035156,360.8999938964844,348.1499938964844,357.8500061035156,1209206
2025-08-08,358.6499938964844,358.8999938964844,344.3999938964844,345.6000061035156,973230
2025-08-11,345.6000061035156,354.0,342.6000061035156,352.70001220703125,1144785
2025-08-12,353.0,353.70001220703125,345.1499938964844,346.6000061035156,717869
2025-08-13,348.0,352.6499938964844,345.75,348.29998779296875,713684
2025-08-14,348.95001220703125,359.0,346.0,347.0,1617696
2025-08-18,350.95001220703125,355.3500061035156,349.95001220703125,352.45001220703125,672861
2025-08-19,353.29998779296875,360.5,351.5,358.54998779296875,914144
2025-08-20,359.0,363.0,353.5,359.3999938964844,1146155
2025-08-21,365.0,374.0499877929688,360.9500122070313,362.1499938964844,4146078
2025-08-22,360.5,361.2999877929688,354.0,354.5,794372
2025-08-25,356.5,358.5,351.6000061035156,353.1499938964844,963125
2025-08-26,352.3999938964844,352.3999938964844,341.70001220703125,343.3500061035156,796792
2025-08-28,343.1499938964844,344.0,335.0,336.29998779296875,654732
2025-08-29,335.0,338.3500061035156,327.0,328.20001220703125,832319
2025-09-01,329.0,342.0,327.3500061035156,339.3999938964844,1154263
2025-09-02,341.5,362.7000122070313,338.54998779296875,352.25,2881421
2025-09-03,353.8999938964844,354.95001220703125,346.95001220703125,348.04998779296875,1242604
2025-09-04,351.0,352.29998779296875,341.20001220703125,343.70001220703125,848052
2025-09-05,343.79998779296875,348.45001220703125,341.1000061035156,344.5,600663
2025-09-08,345.5,349.6000061035156,343.25,345.95001220703125,591507
2025-09-09,357.0,367.7999877929688,355.5,364.4500122070313,14902370
2025-09-10,367.7000122070313,369.3500061035156,362.0,365.8999938964844,1787067
2025-09-11,365.8999938964844,367.3500061035156,361.2000122070313,363.3999938964844,833768
2025-09-12,368.0,379.1499938964844,365.7999877929688,374.6000061035156,5389424
2025-09-15,382.0,407.7000122070313,382.0,399.7000122070313,20177360
2025-09-16,400.0,401.5,392.6000061035156,396.9500122070313,3022526
2025-09-17,403.8999938964844,412.8999938964844,394.9500122070313,400.8999938964844,5939730
2025-09-18,402.1499938964844,402.5,395.6499938964844,397.6000061035156,1750027
2025-09-19,395.0,397.7000122070313,392.7999877929688,393.7999877929688,1074614
2025-09-22,395.1499938964844,396.7999877929688,385.2999877929688,387.4500122070313,1294946
2025-09-23,387.3500061035156,387.3999938964844,380.2000122070313,382.4500122070313,867746
2025-09-24,380.4500122070313,383.8999938964844,373.2999877929688,374.1499938964844,870394
2025-09-25,372.7999877929688,388.5,372.1499938964844,380.6000061035156,1193800
2025-09-26,382.8500061035156,389.5,372.4500122070313,377.9500122070313,2729607
2025-09-29,382.1499938964844,384.3999938964844,370.0,373.3999938964844,1266041
2025-09-30,374.5,375.0,369.0,372.2000122070313,986046
2025-10-01,370.5499877929688,386.5,370.5499877929688,383.75,1467505
2025-10-03,385.0,392.0,381.8500061035156,387.5499877929688,1485158
2025-10-06,387.8999938964844,388.5499877929688,382.0,384.7999877929688,621933
2025-10-07,384.3500061035156,399.5,383.5,397.6499938964844,2491420
2025-10-08,400.0,400.7999877929688,387.7999877929688,390.9500122070313,1355992
2025-10-09,390.9500122070313,391.0,382.5,383.6000061035156,852797
2025-10-10,385.0,391.25,383.1499938964844,383.9500122070313,1050119
2025-10-13,379.6000061035156,380.9500122070313,375.25,376.3999938964844,638279
2025-10-14,377.0499877929688,378.8500061035156,363.1000061035156,365.5499877929688,867354
2025-10-15,365.5,374.6000061035156,365.1000061035156,373.2000122070313,788497
2025-10-16,372.9500122070313,374.7999877929688,368.8500061035156,372.75,551091
2025-10-17,371.0,371.75,365.0,368.1499938964844,651768
2025-10-20,368.9500122070313,370.5,365.7000122070313,369.4500122070313,471501
2025-10-21,371.1000061035156,371.6000061035156,368.9500122070313,370.5499877929688,191431
2025-10-23,371.7000122070313,373.3999938964844,368.5,369.8999938964844,477737
2025-10-24,370.1499938964844,372.5,368.0499877929688,370.7000122070313,467244
2025-10-27,370.0,371.3999938964844,365.3500061035156,366.25,810613
2025-10-28,367.9500122070313,369.4500122070313,362.0,366.0499877929688,639677
2025-10-29,366.6499938964844,378.7000122070313,364.2000122070313,375.8999938964844,1216164
2025-10-30,375.0,377.7000122070313,368.75,371.5,1265058
2025-10-31,372.3999938964844,373.6499938964844,365.6499938964844,368.1000061035156,749839
2025-11-03,369.8500061035156,374.7999877929688,368.1000061035156,369.75,579034
2025-11-04,369.0,370.5,362.7999877929688,364.2000122070313,501538
2025-11-06,363.6000061035156,363.75,352.45001220703125,354.5,627815
2025-11-07,353.45001220703125,353.45001220703125,347.04998779296875,351.6499938964844,670977
2025-11-10,352.04998779296875,353.95001220703125,348.1000061035156,349.25,466528
2025-11-11,350.0,355.0,345.95001220703125,353.29998779296875,558041
2025-11-12,355.0,359.29998779296875,352.25,357.3999938964844,562335
2025-11-13,356.0,359.95001220703125,351.29998779296875,352.70001220703125,468253
2025-11-14,351.8999938964844,361.6499938964844,350.3500061035156,358.1000061035156,765850
2025-11-17,358.25,372.2000122070313,357.54998779296875,364.3500061035156,1829500
2025-11-18,363.7999877929688,364.0,355.0,356.0,537698
2025-11-19,355.95001220703125,355.95001220703125,349.1000061035156,350.54998779296875,511833
2025-11-20,351.0,355.5,349.0,349.6000061035156,467170
2025-11-21,347.95001220703125,349.75,340.1499938964844,342.25,471719
2025-11-24,342.0,343.5,334.0,335.75,555047
2025-11-25,335.75,341.29998779296875,332.3999938964844,338.1499938964844,574893
2025-11-26,338.8999938964844,345.1499938964844,336.1499938964844,343.20001220703125,555871
2025-11-27,345.6000061035156,351.20001220703125,345.0,345.95001220703125,557430
2025-11-28,345.6000061035156,345.70001220703125,337.54998779296875,338.8999938964844,472703
2025-12-01,339.8999938964844,343.3500061035156,336.1499938964844,338.8500061035156,466760
2025-12-02,337.0,339.79998779296875,334.29998779296875,336.1499938964844,347106
2025-12-03,337.8500061035156,338.54998779296875,331.0,332.04998779296875,417762
2025-12-04,333.70001220703125,337.95001220703125,329.25,330.5,552854
2025-12-05,332.5,340.6000061035156,330.29998779296875,334.3500061035156,1081531
2025-12-08,336.0,336.0,311.1499938964844,317.0,960133
2025-12-09,317.0,325.0,311.04998779296875,323.8999938964844,912948
2025-12-10,324.79998779296875,326.5,316.8999938964844,318.8500061035156,552254
2025-12-11,318.79998779296875,339.5,315.29998779296875,332.25,3809212
2025-12-12,332.25,334.0,326.3500061035156,329.20001220703125,771206
2025-12-15,329.20001220703125,337.25,327.3999938964844,335.8999938964844,876919
2025-12-16,335.3999938964844,336.70001220703125,330.1499938964844,331.6499938964844,641300
2025-12-17,339.0,339.0,324.6000061035156,328.8999938964844,1093324
2025-12-18,329.8500061035156,329.8500061035156,322.54998779296875,326.04998779296875,493152
2025-12-19,325.70001220703125,335.0,324.79998779296875,333.29998779296875,722993
2025-12-22,334.3999938964844,346.8500061035156,334.1000061035156,341.6000061035156,2096109
2025-12-23,344.8500061035156,373.0,341.70001220703125,358.70001220703125,10637411
2025-12-24,360.7999877929688,366.0,354.45001220703125,356.75,2061457
2025-12-26,356.54998779296875,391.0,354.04998779296875,378.25,18235601
2025-12-29,382.8999938964844,387.7000122070313,370.2999877929688,372.3500061035156,3207337
2025-12-30,371.1000061035156,375.9500122070313,364.0,366.9500122070313,1878559
2025-12-31,367.1000061035156,377.5,365.2999877929688,371.5499877929688,2151106
2026-01-01,373.0,374.25,366.5,370.9500122070313,1056729
2026-01-02,376.0,381.0,372.7999877929688,376.1499938964844,2205349
2026-01-05,376.0499877929688,377.6499938964844,368.0499877929688,370.1499938964844,964278
2026-01-06,371.8999938964844,376.0499877929688,366.5,371.0,1103160
2026-01-07,370.7000122070313,373.3500061035156,367.75,368.7000122070313,674238
2026-01-08,368.2999877929688,370.25,352.0,353.3999938964844,1449648
2026-01-09,353.79998779296875,357.79998779296875,341.5,343.54998779296875,1175456
2026-01-12,343.54998779296875,345.54998779296875,334.1499938964844,343.54998779296875,1188355
2026-01-13,345.79998779296875,348.0,337.04998779296875,340.1499938964844,824260
2026-01-14,333.3500061035156,356.25,332.45001220703125,352.95001220703125,3551010
2026-01-15,352.95001220703125,352.95001220703125,352.95001220703125,352.95001220703125,0
2026-01-16,352.5,353.8999938964844,346.29998779296875,347.8500061035156,1103933
2026-01-19,347.5,350.1000061035156,343.0,344.3500061035156,812762
2026-01-20,344.29998779296875,345.1000061035156,329.0,331.54998779296875,1229590
2026-01-21,331.5,333.5,324.0,327.3500061035156,1561524
2026-01-22,334.0,338.0,331.5,336.1000061035156,1171540
2026-01-23,337.70001220703125,343.6000061035156,327.20001220703125,328.20001220703125,1338647
2026-01-27,331.5,335.8999938964844,325.1000061035156,330.79998779296875,1216332
2026-01-28,334.70001220703125,349.0,333.04998779296875,346.95001220703125,1551473
2026-01-29,349.0,350.75,337.25,342.54998779296875,1290552
2026-01-30,340.20001220703125,355.79998779296875,335.6000061035156,353.3999938964844,2101706
2026-02-02,333.0,338.5,323.6000061035156,336.79998779296875,1326999
2026-02-03,340.0,347.8500061035156,334.0,334.8999938964844,1606621
2026-02-04,334.79998779296875,336.20001220703125,330.3999938964844,334.79998779296875,887126
2026-02-05,335.0,335.6000061035156,330.1499938964844,330.79998779296875,513128
2026-02-06,329.75,329.75,322.5,324.0,612646
2026-02-09,326.25,333.75,325.1499938964844,332.20001220703125,725032
2026-02-10,346.0,358.6000061035156,343.20001220703125,346.8500061035156,11135460
2026-02-11,345.70001220703125,345.70001220703125,337.5,339.3999938964844,768957
2026-02-12,340.95001220703125,340.95001220703125,333.3999938964844,336.25,658824
2026-02-13,332.0,332.8999938964844,329.3500061035156,331.3500061035156,446042
2026-02-16,330.3999938964844,335.0,326.0,331.20001220703125,507687
2026-02-17,332.20001220703125,334.95001220703125,328.6499938964844,329.5,392402
2026-02-18,330.95001220703125,334.75,328.6499938964844,333.54998779296875,588371
2026-02-19,334.0,338.5,328.0,328.6499938964844,958591
2026-02-20,330.70001220703125,332.0,322.0,324.3500061035156,1205733
2026-02-23,334.0,338.0,327.0,330.6000061035156,2436421
2026-02-24,328.5,328.75,319.75,323.45001220703125,1003914
2026-02-25,325.1000061035156,325.6000061035156,316.0,317.54998779296875,768330
2026-02-26,319.1499938964844,320.0,310.6000061035156,312.6000061035156,807189
2026-02-27,314.0,316.5,310.6499938964844,313.6499938964844,742745
2026-03-02,295.95001220703125,303.04998779296875,291.5,293.54998779296875,1878268
2026-03-04,289.95001220703125,289.95001220703125,276.5,278.54998779296875,1454053
2026-03-05,281.3999938964844,284.8999938964844,276.1499938964844,282.04998779296875,1008526
2026-03-06,281.8999938964844,299.79998779296875,280.0,290.8999938964844,3320734
2026-03-09,289.8999938964844,289.8999938964844,275.45001220703125,282.1499938964844,1210792
2026-03-10,289.0,289.45001220703125,282.70001220703125,288.3999938964844,704720
2026-03-11,287.04998779296875,293.3999938964844,281.25,283.5,1198642
2026-03-12,281.0,291.25,275.1000061035156,287.1000061035156,978673
2026-03-13,285.0,285.79998779296875,276.75,278.0,655595
2026-03-16,278.0,279.25,265.45001220703125,269.95001220703125,1131090
2026-03-17,272.95001220703125,274.5,269.5,272.25,1046995
2026-03-18,272.8500061035156,284.70001220703125,272.0,282.45001220703125,1387424
2026-03-19,274.8500061035156,277.3999938964844,269.1000061035156,270.45001220703125,870142
2026-03-20,273.0,279.5,270.20001220703125,271.5,996603
2026-03-23,270.1499938964844,271.0,251.1499938964844,253.3000030517578,1312012
2026-03-24,260.70001220703125,264.3500061035156,253.3500061035156,262.0,1286151
2026-03-25,265.0,272.8500061035156,263.8500061035156,268.79998779296875,1277110
2026-03-27,265.0,268.29998779296875,258.25,260.5,1655195
2026-03-30,260.0,260.5,245.0,246.1000061035156,2180652
2026-04-01,258.5299987792969,265.70001220703125,253.17999267578125,263.7799987792969,1844720
2026-04-02,255.7700042724609,264.9100036621094,252.6000061035156,263.54998779296875,1032874
2026-04-06,264.0,268.6300048828125,256.739990234375,266.9599914550781,1527908
2026-04-07,267.95001220703125,272.75,264.19000244140625,268.8500061035156,1819768
2026-04-08,280.1000061035156,285.8999938964844,275.5,284.5400085449219,1573955
2026-04-09,284.5400085449219,290.5599975585937,279.45001220703125,282.4100036621094,1317672
2026-04-10,284.95001220703125,294.20001220703125,282.94000244140625,286.8999938964844,2054688
2026-04-13,278.0,288.1199951171875,275.57000732421875,284.3800048828125,1132254
2026-04-15,300.0299987792969,339.8500061035156,300.0299987792969,336.7300109863281,69537346
2026-04-16,339.510009765625,353.8999938964844,333.3500061035156,337.8699951171875,26416380
2026-04-17,333.0,342.7699890136719,331.1700134277344,335.2900085449219,4320811
2026-04-20,335.2799987792969,336.6600036621094,324.5400085449219,326.2799987792969,1662564
2026-04-21,327.95001220703125,332.6199951171875,325.0599975585937,326.489990234375,1462196
2026-04-22,325.5,334.8699951171875,324.79998779296875,331.5899963378906,1514325
2026-04-23,329.4100036621094,335.7200012207031,325.20001220703125,327.20001220703125,1341707
2026-04-24,327.0,328.8999938964844,314.510009765625,315.8999938964844,1110099
2026-04-27,317.29998779296875,325.7900085449219,317.04998779296875,323.79998779296875,936751
2026-04-28,327.5,338.760009765625,327.5,332.29998779296875,4289730
2026-04-29,333.95001220703125,334.0299987792969,325.1499938964844,326.6400146484375,1023029
2026-04-30,325.0,326.0,319.3699951171875,323.54998779296875,774156
2026-05-01,323.54998779296875,323.54998779296875,323.54998779296875,323.54998779296875,0
2026-05-04,338.8500061035156,345.0,330.20001220703125,336.04998779296875,4978929
2026-05-05,333.95001220703125,344.04998779296875,331.3500061035156,340.5,3603459
2026-05-06,343.04998779296875,345.79998779296875,339.0,343.1499938964844,1737448
2026-05-07,344.6000061035156,351.95001220703125,343.0,348.25,3064994
2026-05-08,348.0,349.5,341.20001220703125,342.6000061035156,1324435
2026-05-11,341.0,341.6000061035156,331.5,333.0,1006421
2026-05-12,333.0,335.8500061035156,316.8999938964844,318.5,1104210
2026-05-13,320.0,327.0,320.0,323.0,731574
2026-05-14,324.54998779296875,330.0,317.75,328.6499938964844,1296022
2026-05-15,329.8500061035156,330.8999938964844,319.0,320.1000061035156,788586
2026-05-18,318.0,319.8999938964844,311.29998779296875,318.20001220703125,904754
2026-05-19,319.0,322.3999938964844,316.3999938964844,317.3500061035156,527294
2026-05-20,315.0,322.0,313.0,320.29998779296875,613119
2026-05-21,325.1000061035156,327.25,319.1499938964844,321.1000061035156,697177
2026-05-22,320.04998779296875,321.8999938964844,318.5,320.1000061035156,470848
2026-05-25,322.04998779296875,330.0,321.04998779296875,328.54998779296875,1486613
2026-05-26,326.54998779296875,330.5,321.1000061035156,324.04998779296875,716104
2026-05-27,325.5,328.20001220703125,323.0,324.29998779296875,507838
2026-05-28,324.29998779296875,324.29998779296875,324.29998779296875,324.29998779296875,0
2026-05-29,325.3999938964844,326.20001220703125,312.75,315.29998779296875,916935
2026-06-01,316.0,320.25,310.5,311.29998779296875,680654
2026-06-02,308.20001220703125,318.0,306.1499938964844,316.0,591495
2026-06-03,316.0,319.25,309.20001220703125,317.29998779296875,652085
2026-06-04,314.1000061035156,320.5,310.5,314.3500061035156,645749
2026-06-05,316.04998779296875,320.25,311.8999938964844,313.25,602561
2026-06-08,308.70001220703125,311.6499938964844,302.04998779296875,303.6000061035156,628346
2026-06-09,305.0,312.8999938964844,305.0,311.95001220703125,620425
2026-06-10,310.0,312.0,300.5,302.75,554807
2026-06-11,299.70001220703125,299.95001220703125,293.1000061035156,294.5,621473
2026-06-12,300.8500061035156,311.0,297.0,308.75,926300
2026-06-15,320.0,324.0,315.04998779296875,318.75,980081
2026-06-16,321.29998779296875,328.3500061035156,318.5,321.79998779296875,1171360
2026-06-17,323.3999938964844,328.8999938964844,322.3500061035156,323.95001220703125,1215600
2026-06-18,327.25,329.3500061035156,320.6000061035156,322.70001220703125,941691
2026-06-19,321.0,324.5,316.3500061035156,319.3999938964844,640456
2026-06-22,322.0,328.3500061035156,322.0,323.5,864679
2026-06-23,322.3999938964844,324.8999938964844,315.54998779296875,318.45001220703125,962885
2026-06-24,320.1000061035156,322.0,315.3999938964844,317.3999938964844,555175
2026-06-25,319.8999938964844,321.0,313.0,314.04998779296875,468612
2026-06-26,314.04998779296875,314.04998779296875,314.04998779296875,314.04998779296875,0
2026-06-29,312.0,313.0,305.04998779296875,306.20001220703125,455450
2026-06-30,308.5,311.8999938964844,307.1499938964844,307.95001220703125,504484
2026-07-01,311.0,325.3999938964844,310.5,316.8999938964844,3400164
2026-07-02,318.6499938964844,319.3999938964844,314.5,315.6499938964844,526313
2026-07-03,318.0,318.20001220703125,313.45001220703125,314.5,379482
2026-07-06,313.45001220703125,314.0,307.75,309.54998779296875,483631
2026-07-07,310.95001220703125,312.0,307.1499938964844,310.25,547351
2026-07-08,307.20001220703125,307.8999938964844,297.79998779296875,298.6499938964844,984841
2026-07-09,300.0,306.3500061035156,298.6499938964844,302.8999938964844,511039
2026-07-10,304.5,313.3500061035156,304.29998779296875,307.5,947279
2026-07-13,304.3999938964844,310.0,302.1000061035156,309.0,477773
2026-07-14,306.0,308.1499938964844,303.0,303.6000061035156,349911
2026-07-15,303.5,311.79998779296875,301.5,302.20001220703125,598499
2026-07-16,303.6499938964844,304.5,300.6000061035156,301.79998779296875,336899
2026-07-17,300.25,302.5,296.75,298.0,384502
2026-07-20,297.0,297.8500061035156,293.54998779296875,294.70001220703125,440731
2026-07-21,295.3500061035156,298.3500061035156,293.29998779296875,294.1499938964844,343736
2026-07-22,294.1499938964844,294.79998779296875,288.20001220703125,289.8999938964844,424492
2026-07-23,288.0,291.75,286.1499938964844,287.54998779296875,443214
2026-07-24,285.0,287.6000061035156,279.29998779296875,284.75,695273
2026-07-27,288.3999938964844,291.0,287.3999938964844,288.54998779296875,291361
2026-07-28,288.54998779296875,290.0,284.6499938964844,286.54998779296875,325567
2026-07-29,289.45001220703125,296.54998779296875,289.45001220703125,293.5,789494
2026-07-30,293.5,296.0,290.0,294.25,601299
2026-07-31,293.5,293.8999938964844,283.79998779296875,284.5,1263003
2026-08-03,284.29998779296875,293.70001220703125,283.1499938964844,292.25,1106898
2026-08-04,291.75,294.29998779296875,289.0,289.95001220703125,423772
2026-08-05,291.20001220703125,294.70001220703125,289.0,289.6000061035156,328238
2026-08-06,290.75,293.79998779296875,288.1000061035156,290.8500061035156,529814
2026-08-07,288.8500061035156,291.3999938964844,287.79998779296875,288.54998779296875,349699
2026-08-10,289.04998779296875,291.95001220703125,285.6499938964844,290.8500061035156,419028
2026-08-11,292.0,293.3500061035156,286.6000061035156,287.29998779296875,393033
2026-08-12,287.0,287.70001220703125,284.0,285.79998779296875,309175
2026-08-13,284.5,287.95001220703125,284.3999938964844,285.20001220703125,300807
2026-08-14,284.0,285.79998779296875,281.70001220703125,282.1499938964844,184599
2026-08-17,280.6000061035156,282.0,278.04998779296875,279.95001220703125,276667
2026-08-18,278.70001220703125,279.6000061035156,275.0,277.1499938964844,325210
2026-08-19,282.6499938964844,297.6000061035156,282.1499938964844,287.25,12340844
2026-08-20,285.0,285.79998779296875,280.0,280.75,949361
2026-08-21,285.0,291.75,284.8999938964844,287.25,2431910
2026-08-24,287.1000061035156,287.5,281.0,282.04998779296875,609772
2026-08-25,282.0,287.5,278.5,280.79998779296875,676924
2026-08-26,282.20001220703125,283.8500061035156,280.20001220703125,280.8999938964844,411923
2026-08-27,280.54998779296875,282.29998779296875,278.5,279.04998779296875,291964
2026-08-28,279.0,282.6000061035156,278.1000061035156,278.8999938964844,365408
2026-08-31,278.20001220703125,278.45001220703125,274.5,275.8999938964844,291537
2026-09-01,274.54998779296875,283.1000061035156,274.45001220703125,277.8999938964844,829423
2026-09-02,274.29998779296875,275.04998779296875,270.5,271.54998779296875,303377
2026-09-03,272.8999938964844,274.0,270.20001220703125,270.8999938964844,342611
2026-09-04,270.79998779296875,273.8999938964844,270.0,271.04998779296875,401507
2026-09-08,270.0,271.0,264.75,266.29998779296875,456353
