Date,Open,High,Low,Close,Volume
2019-04-11,19.0,19.799999237060547,18.649999618530277,19.049999237060547,89144982
2019-04-12,19.299999237060547,19.899999618530277,19.200000762939453,19.75,29799546
2019-04-15,20.0,23.700000762939453,19.899999618530277,23.649999618530277,80684771
2019-04-16,24.5,26.950000762939453,24.200000762939453,25.600000381469727,98193853
2019-04-18,26.350000381469727,26.850000381469727,25.149999618530277,26.149999618530277,49134384
2019-04-22,26.25,26.399999618530277,24.299999237060547,24.600000381469727,27638075
2019-04-23,24.5,24.649999618530277,23.0,23.25,23479783
2019-04-24,23.450000762939453,24.200000762939453,23.350000381469727,23.700000762939453,10435909
2019-04-25,23.950000762939453,24.149999618530277,23.200000762939453,23.5,9656994
2019-04-26,23.5,23.649999618530277,22.950000762939453,23.049999237060547,7087998
2019-04-30,23.049999237060547,23.049999237060547,21.200000762939453,22.049999237060547,12865523
2019-05-02,22.049999237060547,24.450000762939453,22.049999237060547,23.899999618530277,21855261
2019-05-03,24.200000762939453,24.350000381469727,23.100000381469727,23.149999618530277,7641982
2019-05-06,22.75,23.100000381469727,22.200000762939453,22.700000762939453,4701329
2019-05-07,23.200000762939453,23.549999237060547,22.700000762939453,22.799999237060547,4706773
2019-05-08,22.700000762939453,23.0,22.5,22.600000381469727,4409931
2019-05-09,22.5,23.200000762939453,22.5,22.799999237060547,5263687
2019-05-10,23.0,23.100000381469727,22.600000381469727,22.700000762939453,3917012
2019-05-13,22.799999237060547,22.899999618530277,21.850000381469727,22.0,6530467
2019-05-14,21.299999237060547,22.0,21.299999237060547,21.850000381469727,4430457
2019-05-15,21.899999618530277,22.399999618530277,21.75,21.850000381469727,2788664
2019-05-16,22.0,22.049999237060547,21.5,21.75,2618948
2019-05-17,21.700000762939453,22.399999618530277,21.450000762939453,22.100000381469727,4058030
2019-05-20,24.200000762939453,24.5,22.799999237060547,23.899999618530277,10019136
2019-05-21,24.0,24.100000381469727,23.100000381469727,23.350000381469727,3911699
2019-05-22,23.149999618530277,24.0,22.899999618530277,23.899999618530277,4219518
2019-05-23,24.5,25.200000762939453,23.5,23.75,13788157
2019-05-24,24.149999618530277,26.0,23.549999237060547,25.600000381469727,24360607
2019-05-27,26.0,28.049999237060547,25.75,27.799999237060547,35706613
2019-05-28,28.200000762939453,29.899999618530277,27.399999618530277,29.0,40083414
2019-05-29,29.200000762939453,29.75,27.549999237060547,28.75,25180226
2019-05-30,29.0,29.5,27.700000762939453,28.299999237060547,15230422
2019-05-31,28.149999618530277,28.200000762939453,26.549999237060547,27.0,16861938
2019-06-03,26.899999618530277,27.0,25.850000381469727,26.25,10780479
2019-06-04,26.200000762939453,28.350000381469727,25.700000762939453,27.649999618530277,29326652
2019-06-06,27.899999618530277,28.350000381469727,27.350000381469727,27.850000381469727,16563302
2019-06-07,28.149999618530277,28.299999237060547,27.149999618530277,27.450000762939453,8855839
2019-06-10,27.5,27.850000381469727,26.399999618530277,26.75,8182783
2019-06-11,26.75,26.850000381469727,26.0,26.149999618530277,7696976
2019-06-12,26.200000762939453,26.75,25.850000381469727,25.899999618530277,6350179
2019-06-13,25.950000762939453,26.299999237060547,25.75,25.899999618530277,4674283
2019-06-14,25.950000762939453,26.899999618530277,25.950000762939453,26.75,8008344
2019-06-17,26.950000762939453,27.399999618530277,26.5,26.899999618530277,6580348
2019-06-18,27.0,27.25,26.5,26.75,5220986
2019-06-19,26.850000381469727,27.100000381469727,25.799999237060547,26.049999237060547,6136025
2019-06-20,26.049999237060547,26.799999237060547,25.600000381469727,26.25,5343371
2019-06-21,26.450000762939453,26.75,26.200000762939453,26.399999618530277,4526851
2019-06-24,26.399999618530277,26.5,25.899999618530277,26.100000381469727,3136463
2019-06-25,26.049999237060547,26.25,25.899999618530277,26.149999618530277,2174486
2019-06-26,26.100000381469727,27.0,25.950000762939453,26.549999237060547,5669820
2019-06-27,26.649999618530277,27.899999618530277,26.600000381469727,27.649999618530277,10775034
2019-06-28,28.0,28.200000762939453,27.5,27.799999237060547,6937627
2019-07-01,28.049999237060547,28.149999618530277,27.649999618530277,27.799999237060547,4765023
2019-07-02,27.799999237060547,27.899999618530277,27.149999618530277,27.75,4364940
2019-07-03,27.75,28.850000381469727,27.700000762939453,28.549999237060547,10745849
2019-07-04,28.700000762939453,28.950000762939453,28.100000381469727,28.299999237060547,8082229
2019-07-05,28.350000381469727,28.600000381469727,26.799999237060547,27.0,14461450
2019-07-08,26.75,26.75,25.799999237060547,26.25,6552058
2019-07-09,25.799999237060547,26.899999618530277,25.799999237060547,26.649999618530277,4607745
2019-07-10,26.649999618530277,26.799999237060547,26.0,26.200000762939453,2607539
2019-07-11,26.350000381469727,26.549999237060547,26.149999618530277,26.350000381469727,2241893
2019-07-12,26.350000381469727,26.399999618530277,25.799999237060547,26.049999237060547,3020307
2019-07-15,26.149999618530277,26.200000762939453,25.549999237060547,25.600000381469727,3498001
2019-07-16,25.549999237060547,25.649999618530277,24.899999618530277,25.149999618530277,4012423
2019-07-17,25.25,25.5,25.0,25.25,1991908
2019-07-18,25.350000381469727,25.350000381469727,24.600000381469727,24.700000762939453,2634274
2019-07-19,24.75,25.25,24.049999237060547,24.100000381469727,3502811
2019-07-22,24.0,24.399999618530277,23.5,24.149999618530277,3403335
2019-07-23,24.399999618530277,24.75,23.700000762939453,23.75,2808690
2019-07-24,23.75,24.049999237060547,23.649999618530277,23.75,2558042
2019-07-25,23.75,24.149999618530277,23.700000762939453,24.0,2675122
2019-07-26,24.0,24.200000762939453,23.799999237060547,23.950000762939453,2187581
2019-07-29,24.0,24.049999237060547,23.649999618530277,23.700000762939453,1379247
2019-07-30,23.649999618530277,23.899999618530277,22.350000381469727,22.5,3643069
2019-07-31,22.399999618530277,23.75,22.100000381469727,23.399999618530277,4032996
2019-08-01,23.399999618530277,24.149999618530277,23.299999237060547,23.799999237060547,3419089
2019-08-02,23.799999237060547,24.200000762939453,23.350000381469727,23.899999618530277,1974989
2019-08-05,23.899999618530277,23.899999618530277,22.899999618530277,23.5,2115108
2019-08-06,23.299999237060547,24.100000381469727,23.100000381469727,23.850000381469727,1423049
2019-08-07,23.850000381469727,24.100000381469727,23.549999237060547,23.700000762939453,1307704
2019-08-08,24.0,24.700000762939453,23.549999237060547,24.350000381469727,3927902
2019-08-09,24.5,26.399999618530277,24.5,26.0,8740461
2019-08-13,26.25,26.299999237060547,24.549999237060547,24.700000762939453,2552382
2019-08-14,24.950000762939453,24.950000762939453,24.200000762939453,24.549999237060547,1097841
2019-08-16,24.350000381469727,24.850000381469727,24.049999237060547,24.600000381469727,1303815
2019-08-19,24.399999618530277,24.75,24.299999237060547,24.399999618530277,1042617
2019-08-20,24.5,24.700000762939453,23.899999618530277,24.299999237060547,1463235
2019-08-21,24.299999237060547,24.399999618530277,23.649999618530277,23.799999237060547,2175564
2019-08-22,23.600000381469727,23.799999237060547,22.600000381469727,23.0,3199904
2019-08-23,23.0,23.450000762939453,22.5,23.25,1519188
2019-08-26,24.0,24.950000762939453,23.299999237060547,24.200000762939453,2279964
2019-08-27,24.5,25.75,24.0,25.549999237060547,7971631
2019-08-28,25.799999237060547,25.950000762939453,24.799999237060547,25.149999618530277,6171140
2019-08-29,24.700000762939453,25.049999237060547,24.200000762939453,24.299999237060547,2489645
2019-08-30,24.299999237060547,25.100000381469727,24.0,24.700000762939453,1622016
2019-09-03,24.75,24.75,23.799999237060547,23.850000381469727,1487635
2019-09-04,23.899999618530277,24.299999237060547,23.5,24.100000381469727,1250728
2019-09-05,24.200000762939453,24.700000762939453,24.149999618530277,24.549999237060547,1646072
2019-09-06,24.5,24.700000762939453,24.200000762939453,24.399999618530277,1600749
2019-09-09,24.75,25.799999237060547,24.200000762939453,25.0,3368217
2019-09-11,25.100000381469727,25.399999618530277,24.799999237060547,24.850000381469727,2351807
2019-09-12,24.950000762939453,25.350000381469727,24.799999237060547,24.850000381469727,2192566
2019-09-13,24.950000762939453,25.200000762939453,24.450000762939453,24.700000762939453,2228720
2019-09-16,24.450000762939453,24.5,23.850000381469727,24.0,2648389
2019-09-17,24.149999618530277,24.350000381469727,23.700000762939453,23.850000381469727,2314811
2019-09-18,24.0,24.299999237060547,23.899999618530277,23.950000762939453,1267097
2019-09-19,24.149999618530277,24.200000762939453,23.350000381469727,23.5,1992382
2019-09-20,23.700000762939453,24.5,23.5,24.299999237060547,6221372
2019-09-23,25.149999618530277,26.100000381469727,24.549999237060547,25.600000381469727,6415267
2019-09-24,26.0,27.100000381469727,25.049999237060547,26.75,12170996
2019-09-25,26.549999237060547,26.549999237060547,25.299999237060547,25.5,5755433
2019-09-26,25.5,25.700000762939453,24.700000762939453,24.799999237060547,5640802
2019-09-27,24.899999618530277,25.799999237060547,24.5,25.25,10541636
2019-09-30,25.450000762939453,25.450000762939453,23.899999618530277,24.100000381469727,5708643
2019-10-01,24.450000762939453,24.450000762939453,23.299999237060547,23.799999237060547,3696184
2019-10-03,23.799999237060547,24.0,23.200000762939453,23.399999618530277,3557901
2019-10-04,23.700000762939453,23.850000381469727,22.899999618530277,23.0,3819822
2019-10-07,23.299999237060547,23.399999618530277,22.850000381469727,22.899999618530277,1986132
2019-10-09,23.0,23.200000762939453,22.549999237060547,22.950000762939453,1995107
2019-10-10,22.899999618530277,23.600000381469727,22.75,22.950000762939453,2754277
2019-10-11,23.399999618530277,25.950000762939453,23.25,25.75,27889330
2019-10-14,26.100000381469727,26.850000381469727,25.100000381469727,25.5,24960035
2019-10-15,25.200000762939453,25.25,23.850000381469727,24.200000762939453,8704719
2019-10-16,24.399999618530277,24.399999618530277,23.75,23.799999237060547,4247671
2019-10-17,24.0,24.149999618530277,22.950000762939453,23.450000762939453,6795334
2019-10-18,23.600000381469727,24.5,23.450000762939453,23.75,11617014
2019-10-22,24.0,24.649999618530277,23.75,24.049999237060547,8115848
2019-10-23,24.149999618530277,24.350000381469727,23.75,23.899999618530277,4700201
2019-10-24,24.0,24.149999618530277,23.350000381469727,23.600000381469727,5877420
2019-10-25,23.75,24.399999618530277,23.5,23.649999618530277,7098301
2019-10-27,24.0,24.149999618530277,23.850000381469727,24.0,1544979
2019-10-29,24.0,24.350000381469727,23.700000762939453,23.75,6110374
2019-10-30,23.899999618530277,24.299999237060547,23.75,23.850000381469727,5249358
2019-10-31,23.950000762939453,24.149999618530277,23.75,23.799999237060547,3717735
2019-11-01,23.850000381469727,25.75,23.799999237060547,25.450000762939453,18516376
2019-11-04,25.600000381469727,25.75,24.600000381469727,24.649999618530277,7369217
2019-11-05,24.75,24.75,23.950000762939453,24.0,4367930
2019-11-06,24.049999237060547,24.049999237060547,23.799999237060547,23.850000381469727,4713743
2019-11-07,23.950000762939453,24.350000381469727,23.850000381469727,23.950000762939453,4291872
2019-11-08,23.850000381469727,24.450000762939453,23.799999237060547,23.850000381469727,6360245
2019-11-11,24.0,24.200000762939453,23.899999618530277,23.950000762939453,2364465
2019-11-13,24.049999237060547,24.25,23.75,23.799999237060547,3925251
2019-11-14,25.549999237060547,25.649999618530277,23.950000762939453,24.049999237060547,15324886
2019-11-15,24.25,24.700000762939453,24.100000381469727,24.549999237060547,11003819
2019-11-18,24.649999618530277,24.649999618530277,24.200000762939453,24.450000762939453,5752728
2019-11-19,24.450000762939453,24.75,24.149999618530277,24.200000762939453,5759265
2019-11-20,24.299999237060547,24.350000381469727,24.100000381469727,24.149999618530277,2403818
2019-11-21,24.149999618530277,24.399999618530277,23.899999618530277,23.950000762939453,5332834
2019-11-22,24.0,24.100000381469727,23.850000381469727,23.950000762939453,2201521
2019-11-25,24.0,24.350000381469727,23.899999618530277,24.200000762939453,3315363
2019-11-26,24.200000762939453,25.200000762939453,24.149999618530277,24.649999618530277,10856955
2019-11-27,24.600000381469727,24.799999237060547,24.200000762939453,24.5,3438597
2019-11-28,24.350000381469727,24.700000762939453,24.0,24.149999618530277,3430891
2019-11-29,24.25,24.299999237060547,23.899999618530277,23.950000762939453,3346423
2019-12-02,24.0,24.0,23.799999237060547,23.850000381469727,1990475
2019-12-03,23.850000381469727,23.950000762939453,23.600000381469727,23.649999618530277,1835886
2019-12-04,23.700000762939453,23.850000381469727,23.549999237060547,23.700000762939453,1837310
2019-12-05,23.700000762939453,24.450000762939453,23.649999618530277,23.899999618530277,3147676
2019-12-06,23.899999618530277,24.0,23.600000381469727,23.649999618530277,2765158
2019-12-09,23.649999618530277,23.850000381469727,23.5,23.600000381469727,1587917
2019-12-10,23.649999618530277,23.799999237060547,23.100000381469727,23.100000381469727,2264055
2019-12-11,23.149999618530277,23.700000762939453,23.100000381469727,23.450000762939453,2213719
2019-12-12,23.5,23.600000381469727,23.25,23.350000381469727,1564686
2019-12-13,23.399999618530277,23.649999618530277,23.299999237060547,23.399999618530277,1308438
2019-12-16,23.600000381469727,23.649999618530277,23.25,23.25,993923
2019-12-17,23.350000381469727,23.399999618530277,23.200000762939453,23.25,3363010
2019-12-18,23.25,23.399999618530277,23.149999618530277,23.200000762939453,971864
2019-12-19,23.200000762939453,23.299999237060547,23.100000381469727,23.149999618530277,892491
2019-12-20,23.149999618530277,23.25,22.799999237060547,22.850000381469727,2545756
2019-12-23,22.899999618530277,23.649999618530277,22.799999237060547,22.950000762939453,3002955
2019-12-24,23.0,23.100000381469727,22.850000381469727,22.950000762939453,1400239
2019-12-26,23.0,23.100000381469727,22.700000762939453,22.899999618530277,3031375
2019-12-27,23.0,23.149999618530277,22.75,22.799999237060547,2020206
2019-12-30,23.0,23.0,22.75,22.850000381469727,1545788
2019-12-31,22.850000381469727,23.25,22.799999237060547,22.950000762939453,2183586
2020-01-01,23.049999237060547,23.299999237060547,22.950000762939453,23.0,3128543
2020-01-02,23.049999237060547,23.899999618530277,22.899999618530277,23.75,7744461
2020-01-03,23.600000381469727,25.299999237060547,23.600000381469727,25.049999237060547,17976269
2020-01-06,24.649999618530277,24.799999237060547,23.649999618530277,23.850000381469727,7947042
2020-01-07,24.149999618530277,25.049999237060547,24.0,24.549999237060547,8533366
2020-01-08,24.0,25.600000381469727,24.0,25.200000762939453,11722066
2020-01-09,25.399999618530277,26.100000381469727,25.25,25.700000762939453,11073581
2020-01-10,25.700000762939453,25.899999618530277,25.0,25.149999618530277,4860518
2020-01-13,25.200000762939453,26.0,25.149999618530277,25.399999618530277,5131600
2020-01-14,25.5,25.799999237060547,25.100000381469727,25.200000762939453,3928384
2020-01-15,25.25,25.450000762939453,24.75,25.25,4155222
2020-01-16,25.399999618530277,25.799999237060547,25.25,25.549999237060547,3815379
2020-01-17,25.450000762939453,25.75,25.149999618530277,25.25,2151335
2020-01-20,25.299999237060547,25.700000762939453,25.0,25.049999237060547,2491306
2020-01-21,25.0,25.200000762939453,24.399999618530277,24.649999618530277,3180114
2020-01-22,24.75,25.149999618530277,24.450000762939453,24.850000381469727,1924584
2020-01-23,24.700000762939453,26.75,24.649999618530277,26.649999618530277,11935052
2020-01-24,26.799999237060547,27.0,26.149999618530277,26.350000381469727,7161131
2020-01-27,26.200000762939453,26.850000381469727,25.899999618530277,26.200000762939453,4842561
2020-01-28,26.399999618530277,27.5,26.100000381469727,27.100000381469727,14421129
2020-01-29,27.5,29.200000762939453,27.25,28.899999618530277,31156514
2020-01-30,28.799999237060547,29.299999237060547,27.299999237060547,27.549999237060547,17407115
2020-01-31,28.0,28.049999237060547,26.799999237060547,27.350000381469727,7518586
2020-02-03,24.950000762939453,25.25,23.850000381469727,24.0,8842216
2020-02-04,24.399999618530277,24.75,24.25,24.600000381469727,4282295
2020-02-05,24.899999618530277,25.600000381469727,24.700000762939453,25.25,4220226
2020-02-06,25.350000381469727,25.75,25.149999618530277,25.200000762939453,3176136
2020-02-07,25.200000762939453,25.350000381469727,24.899999618530277,25.100000381469727,1873970
2020-02-10,25.100000381469727,25.299999237060547,24.600000381469727,24.700000762939453,2429681
2020-02-11,24.950000762939453,25.149999618530277,24.600000381469727,24.649999618530277,2179747
2020-02-12,24.950000762939453,25.100000381469727,23.25,23.899999618530277,7029501
2020-02-13,23.200000762939453,24.149999618530277,22.799999237060547,23.149999618530277,13161671
2020-02-14,23.399999618530277,23.700000762939453,22.899999618530277,22.950000762939453,5603644
2020-02-17,23.049999237060547,23.25,22.25,22.350000381469727,3797942
2020-02-18,22.350000381469727,22.950000762939453,21.899999618530277,22.5,5523476
2020-02-19,22.549999237060547,23.649999618530277,22.100000381469727,23.350000381469727,11473042
2020-02-20,23.600000381469727,24.399999618530277,23.399999618530277,23.600000381469727,9653258
2020-02-24,23.549999237060547,23.799999237060547,22.75,22.950000762939453,4677013
2020-02-25,22.850000381469727,23.25,22.450000762939453,22.600000381469727,3921926
2020-02-26,22.549999237060547,22.799999237060547,22.299999237060547,22.450000762939453,2658612
2020-02-27,22.450000762939453,22.450000762939453,21.899999618530277,21.950000762939453,5259383
2020-02-28,21.399999618530277,21.5,20.700000762939453,21.0,5855450
2020-03-02,21.75,21.850000381469727,19.700000762939453,20.25,6582003
2020-03-03,20.25,20.450000762939453,19.600000381469727,20.100000381469727,6739498
2020-03-04,20.25,20.399999618530277,19.350000381469727,19.950000762939453,3499500
2020-03-05,20.100000381469727,20.549999237060547,19.75,20.0,3229172
2020-03-06,19.100000381469727,19.5,18.700000762939453,18.950000762939453,5867345
2020-03-09,18.799999237060547,18.799999237060547,17.700000762939453,17.950000762939453,6152773
2020-03-11,18.100000381469727,18.450000762939453,17.799999237060547,17.899999618530273,3406637
2020-03-12,15.899999618530272,16.399999618530273,15.600000381469728,15.899999618530272,6059064
2020-03-13,14.0,17.649999618530273,12.75,17.0,7225815
2020-03-16,16.700000762939453,16.899999618530273,15.649999618530272,16.25,2622898
2020-03-17,16.450000762939453,16.850000381469727,15.699999809265137,15.949999809265137,2821154
2020-03-18,16.25,16.25,14.199999809265137,14.399999618530272,5142938
2020-03-19,14.0,14.25,13.600000381469728,13.899999618530272,4452318
2020-03-20,14.0,14.800000190734863,13.5,13.850000381469728,6691900
2020-03-23,12.75,13.25,11.100000381469728,11.100000381469728,7943671
2020-03-24,11.699999809265137,11.949999809265137,10.0,11.0,4680658
2020-03-25,10.649999618530272,11.75,10.5,11.649999618530272,3132468
2020-03-26,11.949999809265137,12.800000190734863,11.550000190734863,12.800000190734863,5289293
2020-03-27,13.25,13.850000381469728,12.649999618530272,12.75,7236014
2020-03-30,12.5,12.949999809265137,11.75,12.449999809265137,3425619
2020-03-31,12.699999809265137,13.25,12.699999809265137,12.800000190734863,4045070
2020-04-01,12.699999809265137,14.050000190734863,12.600000381469728,13.850000381469728,6632915
2020-04-03,14.300000190734863,15.199999809265137,13.800000190734863,15.199999809265137,10235316
2020-04-07,16.600000381469727,16.700000762939453,15.75,16.700000762939453,6364057
2020-04-08,17.399999618530273,17.5,17.100000381469727,17.5,2258328
2020-04-09,18.350000381469727,18.350000381469727,18.350000381469727,18.350000381469727,737109
2020-04-13,19.25,19.25,17.450000762939453,17.549999237060547,14742490
2020-04-15,17.049999237060547,17.549999237060547,16.700000762939453,16.799999237060547,8163400
2020-04-16,16.75,17.600000381469727,16.549999237060547,17.600000381469727,6841223
2020-04-17,18.25,18.450000762939453,17.299999237060547,18.450000762939453,7166862
2020-04-20,18.899999618530277,18.899999618530277,17.850000381469727,18.450000762939453,6369807
2020-04-21,18.0,18.0,17.649999618530273,17.700000762939453,3726834
2020-04-22,17.700000762939453,17.850000381469727,17.0,17.5,2962148
2020-04-23,17.799999237060547,18.0,17.549999237060547,17.649999618530273,2193313
2020-04-24,17.200000762939453,17.649999618530273,17.200000762939453,17.299999237060547,1926076
2020-04-27,17.5,17.5,16.549999237060547,17.049999237060547,2293709
2020-04-28,17.100000381469727,17.5,16.899999618530273,17.25,2363634
2020-04-29,17.5,17.700000762939453,17.049999237060547,17.200000762939453,3470020
2020-04-30,17.25,17.450000762939453,17.0,17.049999237060547,2861235
2020-05-04,16.649999618530273,17.450000762939453,16.350000381469727,17.049999237060547,4273248
2020-05-05,17.25,17.299999237060547,16.600000381469727,16.700000762939453,2107324
2020-05-06,16.75,16.950000762939453,16.350000381469727,16.450000762939453,2327943
2020-05-07,16.5,16.75,16.299999237060547,16.549999237060547,1819152
2020-05-08,16.700000762939453,16.799999237060547,16.299999237060547,16.350000381469727,1952530
2020-05-11,17.0,17.149999618530273,17.0,17.149999618530273,1157404
2020-05-12,18.0,18.0,17.25,18.0,12232577
2020-05-13,18.899999618530277,18.899999618530277,18.600000381469727,18.899999618530277,10291017
2020-05-14,19.049999237060547,19.100000381469727,18.0,18.0,7924364
2020-05-15,17.799999237060547,17.799999237060547,17.200000762939453,17.600000381469727,3463158
2020-05-18,17.600000381469727,17.799999237060547,16.850000381469727,16.950000762939453,2465703
2020-05-19,17.100000381469727,17.25,16.200000762939453,16.399999618530273,4350525
2020-05-20,17.0,17.200000762939453,16.899999618530273,17.200000762939453,8132039
2020-05-21,17.450000762939453,17.899999618530273,17.25,17.649999618530273,4899684
2020-05-22,17.850000381469727,17.850000381469727,16.899999618530273,17.149999618530273,3636983
2020-05-26,17.299999237060547,17.399999618530273,16.549999237060547,16.899999618530273,2341740
2020-05-27,16.950000762939453,17.0,16.399999618530273,16.899999618530273,4185932
2020-05-28,16.899999618530273,17.049999237060547,16.700000762939453,16.899999618530273,1987420
2020-05-29,16.799999237060547,17.049999237060547,16.700000762939453,17.0,2359283
2020-06-01,17.25,17.799999237060547,17.200000762939453,17.450000762939453,4076173
2020-06-02,17.5,17.799999237060547,17.350000381469727,17.5,3476068
2020-06-03,17.649999618530273,17.850000381469727,17.5,17.549999237060547,3703641
2020-06-04,17.649999618530273,17.649999618530273,17.149999618530273,17.450000762939453,2593706
2020-06-05,18.0,19.5,17.899999618530273,19.049999237060547,16952620
2020-06-08,20.100000381469727,20.549999237060547,19.549999237060547,19.850000381469727,13278505
2020-06-09,20.200000762939453,20.25,19.0,19.049999237060547,6897426
2020-06-10,19.149999618530277,19.200000762939453,18.5,18.649999618530277,4043680
2020-06-11,18.75,19.5,18.5,18.600000381469727,4306254
2020-06-12,17.350000381469727,18.450000762939453,17.299999237060547,18.299999237060547,5464606
2020-06-15,18.600000381469727,18.75,18.149999618530277,18.350000381469727,3290129
2020-06-16,18.649999618530277,18.899999618530277,17.700000762939453,18.200000762939453,3867368
2020-06-17,18.0,18.399999618530277,17.799999237060547,18.049999237060547,2773024
2020-06-18,18.049999237060547,18.75,18.049999237060547,18.600000381469727,5519815
2020-06-19,19.049999237060547,19.299999237060547,18.75,18.899999618530277,5335041
2020-06-22,19.149999618530277,19.299999237060547,19.0,19.049999237060547,4652693
2020-06-23,19.25,21.299999237060547,19.049999237060547,20.25,24144843
2020-06-24,20.75,20.850000381469727,19.75,19.850000381469727,8697051
2020-06-25,19.850000381469727,20.100000381469727,19.25,19.700000762939453,3971732
2020-06-26,19.700000762939453,19.850000381469727,19.299999237060547,19.450000762939453,5306156
2020-06-29,19.399999618530277,19.5,18.850000381469727,19.049999237060547,4008143
2020-06-30,19.149999618530277,19.549999237060547,18.799999237060547,18.850000381469727,3224501
2020-07-01,18.899999618530277,19.200000762939453,18.700000762939453,18.899999618530277,2883464
2020-07-02,21.399999618530277,21.399999618530277,20.100000381469727,20.299999237060547,19578897
2020-07-03,20.899999618530277,20.899999618530277,19.75,19.899999618530277,9067068
2020-07-06,20.0,20.700000762939453,19.799999237060547,20.299999237060547,11569374
2020-07-07,20.450000762939453,20.450000762939453,20.049999237060547,20.200000762939453,6618529
2020-07-08,20.299999237060547,20.350000381469727,19.899999618530277,20.0,4616051
2020-07-09,20.0,20.299999237060547,19.899999618530277,20.0,2743393
2020-07-10,19.950000762939453,20.149999618530277,19.5,19.649999618530277,4247609
2020-07-13,20.100000381469727,20.200000762939453,19.649999618530277,19.75,3563639
2020-07-14,19.75,19.799999237060547,19.049999237060547,19.149999618530277,2852697
2020-07-15,19.299999237060547,19.450000762939453,19.0,19.049999237060547,2507985
2020-07-16,19.049999237060547,19.149999618530277,18.299999237060547,18.649999618530277,3573303
2020-07-17,19.100000381469727,20.5,18.899999618530277,19.700000762939453,15923222
2020-07-20,20.399999618530277,20.399999618530277,19.899999618530277,20.049999237060547,6345758
2020-07-21,20.200000762939453,20.200000762939453,19.649999618530277,19.799999237060547,3585301
2020-07-22,19.799999237060547,19.899999618530277,19.350000381469727,19.700000762939453,3135147
2020-07-23,19.600000381469727,19.850000381469727,18.850000381469727,19.100000381469727,5047000
2020-07-24,18.950000762939453,20.100000381469727,18.950000762939453,19.25,13233898
2020-07-27,19.450000762939453,19.649999618530277,19.100000381469727,19.200000762939453,4928646
2020-07-28,19.350000381469727,19.399999618530277,18.950000762939453,19.049999237060547,3858631
2020-07-29,19.049999237060547,19.200000762939453,18.950000762939453,19.049999237060547,3611093
2020-07-30,20.0,20.200000762939453,19.299999237060547,19.450000762939453,8609779
2020-07-31,19.450000762939453,19.600000381469727,19.149999618530277,19.200000762939453,2604230
2020-08-03,19.299999237060547,19.450000762939453,19.049999237060547,19.149999618530277,2968581
2020-08-04,19.200000762939453,19.25,19.0,19.100000381469727,2608904
2020-08-05,19.200000762939453,19.25,19.100000381469727,19.149999618530277,2185970
2020-08-06,19.200000762939453,19.399999618530277,19.100000381469727,19.149999618530277,2798660
2020-08-07,19.149999618530277,19.25,19.049999237060547,19.149999618530277,2335537
2020-08-10,19.25,19.25,19.049999237060547,19.100000381469727,2252036
2020-08-11,19.100000381469727,19.600000381469727,19.049999237060547,19.350000381469727,5923255
2020-08-12,19.25,20.100000381469727,19.149999618530277,19.799999237060547,11710055
2020-08-13,20.0,20.25,19.799999237060547,19.950000762939453,4358341
2020-08-14,20.100000381469727,23.149999618530277,20.0,22.100000381469727,61660652
2020-08-17,22.899999618530277,23.5,22.350000381469727,23.100000381469727,31892449
2020-08-18,23.350000381469727,23.5,22.649999618530277,22.75,12610309
2020-08-19,23.0,23.450000762939453,22.649999618530277,22.899999618530277,11591096
2020-08-20,22.899999618530277,23.299999237060547,22.75,23.100000381469727,9595404
2020-08-21,23.399999618530277,23.450000762939453,22.549999237060547,22.75,7290411
2020-08-24,22.899999618530277,22.899999618530277,22.299999237060547,22.5,5933852
2020-08-25,22.5,22.75,22.200000762939453,22.299999237060547,4723074
2020-08-26,22.350000381469727,22.399999618530277,21.850000381469727,21.950000762939453,6180862
2020-08-27,22.0,22.25,21.700000762939453,21.850000381469727,5395794
2020-08-28,21.899999618530277,22.200000762939453,21.899999618530277,22.0,5367852
2020-08-31,22.100000381469727,22.200000762939453,20.600000381469727,21.549999237060547,8225145
2020-09-01,21.450000762939453,21.5,20.799999237060547,21.149999618530277,3304353
2020-09-02,21.049999237060547,21.350000381469727,20.850000381469727,21.200000762939453,1704775
2020-09-03,21.0,21.75,21.0,21.25,2633757
2020-09-04,21.100000381469727,21.200000762939453,20.5,20.950000762939453,3607801
2020-09-07,21.100000381469727,22.149999618530277,20.649999618530277,21.600000381469727,6270612
2020-09-08,21.799999237060547,21.950000762939453,20.899999618530277,21.0,2757708
2020-09-09,20.649999618530277,20.799999237060547,20.299999237060547,20.549999237060547,3170964
2020-09-10,20.700000762939453,21.200000762939453,20.700000762939453,20.850000381469727,2401252
2020-09-11,20.850000381469727,22.0,20.649999618530277,21.350000381469727,6635884
2020-09-14,21.450000762939453,21.799999237060547,21.200000762939453,21.450000762939453,4199248
2020-09-15,21.600000381469727,21.600000381469727,21.200000762939453,21.299999237060547,1429461
2020-09-16,21.399999618530277,21.450000762939453,21.049999237060547,21.100000381469727,1296920
2020-09-17,21.100000381469727,21.149999618530277,20.799999237060547,20.850000381469727,1659450
2020-09-18,20.950000762939453,21.600000381469727,20.799999237060547,21.350000381469727,2961124
2020-09-21,21.450000762939453,21.549999237060547,20.299999237060547,20.350000381469727,3558268
2020-09-22,20.25,20.25,18.850000381469727,19.200000762939453,6586762
2020-09-23,19.649999618530277,19.700000762939453,19.049999237060547,19.25,2285523
2020-09-24,19.149999618530277,19.25,18.799999237060547,18.899999618530277,2320278
2020-09-25,19.0,19.799999237060547,19.0,19.350000381469727,2435538
2020-09-28,19.600000381469727,19.799999237060547,19.450000762939453,19.600000381469727,1676071
2020-09-29,19.799999237060547,19.799999237060547,19.350000381469727,19.450000762939453,1514876
2020-09-30,19.600000381469727,19.75,19.299999237060547,19.399999618530277,1591410
2020-10-01,19.450000762939453,19.649999618530277,19.299999237060547,19.350000381469727,1352875
2020-10-05,19.399999618530277,19.700000762939453,19.25,19.299999237060547,1488191
2020-10-06,19.450000762939453,19.5,19.299999237060547,19.350000381469727,1088429
2020-10-07,19.399999618530277,19.399999618530277,18.899999618530277,19.0,2024452
2020-10-08,19.200000762939453,19.200000762939453,18.799999237060547,18.899999618530277,1882255
2020-10-09,18.899999618530277,19.0,18.549999237060547,18.700000762939453,2932124
2020-10-12,18.899999618530277,19.149999618530277,18.799999237060547,18.850000381469727,1712710
2020-10-13,18.899999618530277,18.950000762939453,18.600000381469727,18.649999618530277,1381492
2020-10-14,18.700000762939453,18.850000381469727,18.399999618530277,18.75,1891057
2020-10-15,18.850000381469727,18.850000381469727,18.450000762939453,18.5,1150947
2020-10-16,18.549999237060547,18.700000762939453,18.450000762939453,18.549999237060547,926014
2020-10-19,18.649999618530277,18.75,18.600000381469727,18.649999618530277,770697
2020-10-20,18.649999618530277,19.5,18.5,19.149999618530277,3803903
2020-10-21,19.25,19.25,18.75,18.799999237060547,1704281
2020-10-22,18.649999618530277,18.899999618530277,18.549999237060547,18.700000762939453,1762780
2020-10-23,18.799999237060547,18.899999618530277,18.649999618530277,18.799999237060547,1576788
2020-10-26,19.0,19.0,18.549999237060547,18.600000381469727,1599518
2020-10-27,18.600000381469727,18.649999618530277,18.399999618530277,18.549999237060547,1184199
2020-10-28,18.600000381469727,18.700000762939453,18.100000381469727,18.299999237060547,1612904
2020-10-29,18.200000762939453,18.5,18.049999237060547,18.299999237060547,1250523
2020-10-30,18.299999237060547,18.5,18.149999618530277,18.200000762939453,920484
2020-11-02,18.299999237060547,18.350000381469727,18.049999237060547,18.100000381469727,826311
2020-11-03,18.200000762939453,18.25,18.100000381469727,18.149999618530277,682219
2020-11-04,18.200000762939453,18.25,18.049999237060547,18.100000381469727,802493
2020-11-05,18.149999618530277,18.549999237060547,18.149999618530277,18.450000762939453,1054935
2020-11-06,18.549999237060547,18.649999618530277,18.399999618530277,18.450000762939453,1314557
2020-11-09,18.399999618530277,18.600000381469727,18.350000381469727,18.399999618530277,1209835
2020-11-10,18.600000381469727,19.25,18.399999618530277,18.950000762939453,3865356
2020-11-11,19.149999618530277,19.200000762939453,18.600000381469727,18.799999237060547,2255739
2020-11-12,18.799999237060547,18.850000381469727,18.549999237060547,18.700000762939453,1558613
2020-11-13,18.549999237060547,18.850000381469727,18.549999237060547,18.600000381469727,1656933
2020-11-14,18.799999237060547,18.899999618530277,18.700000762939453,18.799999237060547,704070
2020-11-17,19.0,19.100000381469727,18.799999237060547,18.899999618530277,1535122
2020-11-18,18.850000381469727,19.149999618530277,18.649999618530277,19.0,2659665
2020-11-19,19.0,19.899999618530277,18.950000762939453,19.299999237060547,4749393
2020-11-20,19.450000762939453,19.700000762939453,19.149999618530277,19.25,1670326
2020-11-23,19.600000381469727,21.0,19.450000762939453,20.700000762939453,10870645
2020-11-24,21.100000381469727,21.200000762939453,20.799999237060547,20.850000381469727,6492165
2020-11-25,21.049999237060547,21.149999618530277,20.450000762939453,20.600000381469727,4918036
2020-11-26,20.75,20.950000762939453,20.549999237060547,20.850000381469727,2736410
2020-11-27,21.0,22.100000381469727,20.850000381469727,21.850000381469727,11083800
2020-12-01,22.450000762939453,23.100000381469727,22.0,22.950000762939453,12326236
2020-12-02,23.299999237060547,23.299999237060547,22.649999618530277,23.100000381469727,8449551
2020-12-03,23.299999237060547,23.850000381469727,23.25,23.75,10253193
2020-12-04,23.950000762939453,24.5,23.850000381469727,24.049999237060547,11524622
2020-12-07,24.549999237060547,24.950000762939453,24.200000762939453,24.649999618530277,13845177
2020-12-08,24.5,24.5,22.850000381469727,23.350000381469727,10368696
2020-12-09,23.100000381469727,23.299999237060547,22.75,22.799999237060547,6352783
2020-12-10,22.799999237060547,22.850000381469727,21.799999237060547,21.899999618530277,6259013
2020-12-11,22.0,23.600000381469727,21.950000762939453,23.399999618530277,14279268
2020-12-14,23.649999618530277,23.799999237060547,23.049999237060547,23.25,7742390
2020-12-15,23.200000762939453,23.399999618530277,22.850000381469727,23.149999618530277,5296862
2020-12-16,23.299999237060547,24.399999618530277,23.100000381469727,23.799999237060547,18363754
2020-12-17,23.950000762939453,24.5,23.75,23.899999618530277,12463920
2020-12-18,24.100000381469727,24.399999618530277,23.25,23.700000762939453,6719658
2020-12-21,23.549999237060547,24.049999237060547,21.5,22.0,8502194
2020-12-22,21.649999618530277,22.75,20.600000381469727,22.200000762939453,8791034
2020-12-23,22.549999237060547,23.049999237060547,22.200000762939453,22.799999237060547,5141955
2020-12-24,23.299999237060547,23.399999618530277,22.75,22.850000381469727,3553197
2020-12-28,23.100000381469727,23.75,22.899999618530277,23.200000762939453,7610135
2020-12-29,23.399999618530277,23.5,22.600000381469727,22.899999618530277,4443030
2020-12-30,22.899999618530277,23.0,22.549999237060547,22.850000381469727,2263079
2020-12-31,23.0,24.399999618530277,23.0,24.0,24236553
2021-01-01,24.299999237060547,24.299999237060547,23.799999237060547,23.899999618530277,6360470
2021-01-04,24.25,24.25,23.600000381469727,24.049999237060547,10546369
2021-01-05,24.049999237060547,28.399999618530277,24.049999237060547,27.399999618530277,101612674
2021-01-06,27.75,29.799999237060547,26.75,28.100000381469727,66776302
2021-01-07,28.850000381469727,29.700000762939453,28.399999618530277,29.049999237060547,29604400
2021-01-08,31.0,33.900001525878906,30.75,33.25,119562396
2021-01-11,34.849998474121094,35.54999923706055,34.0,34.900001525878906,70283770
2021-01-12,34.0,34.20000076293945,32.349998474121094,32.849998474121094,27717844
2021-01-13,33.0,34.150001525878906,32.54999923706055,33.04999923706055,19659683
2021-01-14,33.04999923706055,33.599998474121094,31.0,31.25,23848133
2021-01-15,31.200000762939453,32.04999923706055,30.299999237060547,31.549999237060547,24564078
2021-01-18,32.0,32.20000076293945,31.0,31.25,10982020
2021-01-19,31.299999237060547,31.799999237060547,31.100000381469727,31.200000762939453,6375511
2021-01-20,31.299999237060547,32.0,30.600000381469727,30.899999618530277,8254166
2021-01-21,31.200000762939453,31.299999237060547,29.799999237060547,30.049999237060547,6927933
2021-01-22,29.799999237060547,29.950000762939453,28.75,28.950000762939453,8443130
2021-01-25,29.299999237060547,30.450000762939453,28.350000381469727,28.75,7791406
2021-01-27,28.799999237060547,28.899999618530277,27.100000381469727,27.450000762939453,9193158
2021-01-28,26.600000381469727,30.149999618530277,26.549999237060547,30.149999618530277,19446679
2021-01-29,31.0,32.0,30.899999618530277,31.299999237060547,21967367
2021-02-01,31.899999618530277,32.0,29.600000381469727,30.299999237060547,18860591
2021-02-02,30.25,30.649999618530277,29.299999237060547,29.649999618530277,8858670
2021-02-03,30.0,30.25,29.200000762939453,29.5,6332124
2021-02-04,29.799999237060547,31.450000762939453,29.5,31.200000762939453,12772981
2021-02-05,31.700000762939453,31.850000381469727,30.700000762939453,30.899999618530277,7596565
2021-02-08,31.200000762939453,32.150001525878906,30.5,31.649999618530277,12914228
2021-02-09,31.799999237060547,31.850000381469727,30.799999237060547,31.0,4401352
2021-02-10,30.950000762939453,31.450000762939453,30.299999237060547,30.600000381469727,5001834
2021-02-11,30.600000381469727,32.5,30.149999618530277,31.899999618530277,20274284
2021-02-12,32.70000076293945,32.95000076293945,31.600000381469727,32.54999923706055,16102288
2021-02-15,32.70000076293945,32.70000076293945,30.75,31.049999237060547,8506387
2021-02-16,31.0,31.25,30.450000762939453,30.75,5108907
2021-02-17,30.799999237060547,31.299999237060547,30.399999618530277,30.700000762939453,4362819
2021-02-18,30.700000762939453,30.950000762939453,30.549999237060547,30.649999618530277,4502865
2021-02-19,30.600000381469727,31.649999618530277,30.25,30.649999618530277,7377848
2021-02-22,30.700000762939453,30.950000762939453,29.700000762939453,29.799999237060547,4565682
2021-02-23,29.850000381469727,30.200000762939453,29.549999237060547,29.75,3252373
2021-02-24,29.75,30.399999618530277,28.799999237060547,30.149999618530277,2540952
2021-02-25,30.450000762939453,33.150001525878906,30.350000381469727,32.75,23234319
2021-02-26,31.950000762939453,32.75,31.149999618530277,31.75,11987441
2021-03-01,32.0,33.45000076293945,31.75,32.45000076293945,13888775
2021-03-02,32.75,33.45000076293945,32.20000076293945,32.599998474121094,9770561
2021-03-03,32.849998474121094,32.849998474121094,31.75,32.04999923706055,5847792
2021-03-04,31.799999237060547,33.45000076293945,31.649999618530277,32.29999923706055,9778352
2021-03-05,32.349998474121094,32.70000076293945,31.350000381469727,31.5,5169059
2021-03-08,31.799999237060547,32.349998474121094,31.200000762939453,31.799999237060547,4138640
2021-03-09,32.099998474121094,32.20000076293945,30.549999237060547,31.049999237060547,3568993
2021-03-10,31.299999237060547,32.150001525878906,31.100000381469727,31.700000762939453,4518363
2021-03-12,32.04999923706055,32.20000076293945,31.0,31.299999237060547,4645742
2021-03-15,31.549999237060547,31.549999237060547,30.5,30.75,2986207
2021-03-16,30.899999618530277,31.049999237060547,30.5,30.600000381469727,2215539
2021-03-17,30.700000762939453,32.400001525878906,30.25,30.649999618530277,9556830
2021-03-18,30.950000762939453,31.049999237060547,29.049999237060547,29.649999618530277,5509050
2021-03-19,29.399999618530277,29.450000762939453,28.0,29.149999618530277,11191993
2021-03-22,29.149999618530277,31.399999618530277,29.0,30.299999237060547,13424210
2021-03-23,30.649999618530277,31.0,30.049999237060547,30.450000762939453,12741431
2021-03-24,28.299999237060547,28.399999618530277,27.600000381469727,27.649999618530277,45408429
2021-03-25,27.649999618530277,27.950000762939453,27.25,27.700000762939453,12484312
2021-03-26,28.450000762939453,29.450000762939453,28.200000762939453,29.200000762939453,20773206
2021-03-30,29.950000762939453,30.399999618530277,29.5,29.600000381469727,9457623
2021-03-31,29.75,29.850000381469727,29.049999237060547,29.100000381469727,5900206
2021-04-01,29.299999237060547,30.200000762939453,29.200000762939453,29.649999618530277,19400812
2021-04-05,29.700000762939453,30.200000762939453,28.799999237060547,29.5,10008653
2021-04-06,29.799999237060547,30.149999618530277,29.350000381469727,30.0,7526846
2021-04-07,30.0,30.600000381469727,29.799999237060547,30.350000381469727,7340079
2021-04-08,29.399999618530277,29.75,29.350000381469727,29.450000762939453,6043737
2021-04-09,29.450000762939453,29.700000762939453,29.0,29.100000381469727,4463852
2021-04-12,28.399999618530277,28.5,27.0,27.049999237060547,7631551
2021-04-13,27.049999237060547,27.700000762939453,26.850000381469727,27.450000762939453,4279166
2021-04-15,27.299999237060547,27.700000762939453,26.899999618530277,27.25,3583495
2021-04-16,27.350000381469727,28.149999618530277,27.200000762939453,27.700000762939453,4171809
2021-04-19,26.700000762939453,27.0,26.350000381469727,26.75,5172192
2021-04-20,26.899999618530277,27.350000381469727,26.549999237060547,26.75,4191324
2021-04-22,26.850000381469727,26.850000381469727,26.450000762939453,26.5,3388238
2021-04-23,26.700000762939453,26.899999618530277,26.350000381469727,26.5,5838338
2021-04-26,26.75,27.0,26.549999237060547,26.649999618530277,3507322
2021-04-27,26.75,27.700000762939453,26.649999618530277,27.450000762939453,5573757
2021-04-28,27.600000381469727,27.950000762939453,27.5,27.700000762939453,3163806
2021-04-29,27.950000762939453,27.950000762939453,27.200000762939453,27.299999237060547,2941550
2021-04-30,27.25,27.649999618530277,27.049999237060547,27.200000762939453,2713152
2021-05-03,27.049999237060547,27.799999237060547,26.899999618530277,27.549999237060547,4196004
2021-05-04,27.899999618530277,29.200000762939453,27.700000762939453,28.049999237060547,8103547
2021-05-05,28.5,28.600000381469727,28.100000381469727,28.299999237060547,3842164
2021-05-06,28.399999618530277,29.149999618530277,28.149999618530277,28.399999618530277,4084294
2021-05-07,28.450000762939453,28.700000762939453,28.100000381469727,28.149999618530277,2880473
2021-05-10,28.25,29.299999237060547,28.149999618530277,28.950000762939453,7756528
2021-05-11,28.799999237060547,29.600000381469727,28.600000381469727,29.350000381469727,4887029
2021-05-12,29.450000762939453,30.399999618530277,29.299999237060547,29.600000381469727,9573148
2021-05-14,29.850000381469727,30.200000762939453,29.100000381469727,29.200000762939453,4269850
2021-05-17,29.450000762939453,29.700000762939453,29.200000762939453,29.299999237060547,2031310
2021-05-18,29.299999237060547,29.700000762939453,29.25,29.299999237060547,2670874
2021-05-19,29.25,30.100000381469727,29.25,29.600000381469727,4263034
2021-05-20,29.75,30.399999618530277,29.399999618530277,29.799999237060547,5305157
2021-05-21,30.0,30.350000381469727,29.850000381469727,29.950000762939453,5490947
2021-05-24,30.25,30.850000381469727,29.899999618530277,30.100000381469727,8379948
2021-05-25,30.399999618530277,30.549999237060547,29.899999618530277,30.0,3293049
2021-05-26,30.100000381469727,30.350000381469727,29.899999618530277,29.950000762939453,2848226
2021-05-27,29.950000762939453,30.100000381469727,29.549999237060547,29.600000381469727,2503440
2021-05-28,29.649999618530277,29.799999237060547,28.649999618530277,28.899999618530277,4319903
2021-05-31,29.5,29.649999618530277,29.149999618530277,29.5,3363671
2021-06-01,29.850000381469727,29.850000381469727,29.200000762939453,29.299999237060547,1990782
2021-06-02,29.5,30.049999237060547,29.399999618530277,29.700000762939453,3564556
2021-06-03,29.950000762939453,30.100000381469727,29.600000381469727,29.799999237060547,2988320
2021-06-04,29.950000762939453,31.850000381469727,29.5,30.649999618530277,13357394
2021-06-07,31.100000381469727,32.099998474121094,31.0,31.549999237060547,16364717
2021-06-08,31.850000381469727,31.899999618530277,31.0,31.450000762939453,5962924
2021-06-09,31.600000381469727,32.5,30.649999618530277,31.100000381469727,12323327
2021-06-10,31.450000762939453,31.75,31.25,31.450000762939453,4748100
2021-06-11,31.649999618530277,32.349998474121094,31.549999237060547,31.799999237060547,9754526
2021-06-14,31.950000762939453,33.70000076293945,30.700000762939453,33.400001525878906,33929394
2021-06-15,33.79999923706055,34.0,32.54999923706055,32.70000076293945,13441049
2021-06-16,32.900001525878906,33.25,32.20000076293945,32.400001525878906,5766470
2021-06-17,32.29999923706055,32.849998474121094,31.649999618530277,31.850000381469727,5454871
2021-06-18,32.099998474121094,32.099998474121094,30.450000762939453,31.299999237060547,5955946
2021-06-21,30.950000762939453,32.45000076293945,30.600000381469727,32.20000076293945,5174210
2021-06-22,32.5,32.900001525878906,32.04999923706055,32.150001525878906,4531770
2021-06-23,32.349998474121094,32.70000076293945,31.850000381469727,32.04999923706055,4812799
2021-06-24,32.25,32.900001525878906,32.099998474121094,32.29999923706055,5580231
2021-06-25,32.45000076293945,33.29999923706055,32.400001525878906,32.70000076293945,7471074
2021-06-28,32.900001525878906,33.20000076293945,32.5,32.54999923706055,3527284
2021-06-29,32.75,33.5,32.54999923706055,32.849998474121094,10139559
2021-06-30,33.5,34.5,33.400001525878906,33.70000076293945,35820998
2021-07-01,34.0,34.0,32.45000076293945,32.599998474121094,8615644
2021-07-02,32.599998474121094,32.849998474121094,32.099998474121094,32.20000076293945,4071458
2021-07-05,32.45000076293945,32.5,32.099998474121094,32.25,3366371
2021-07-06,32.29999923706055,32.400001525878906,31.799999237060547,31.899999618530277,3001697
2021-07-07,31.950000762939453,32.5,31.549999237060547,32.04999923706055,4725073
2021-07-08,32.0,33.45000076293945,31.850000381469727,32.29999923706055,5892731
2021-07-09,32.29999923706055,32.45000076293945,32.0,32.150001525878906,2752243
2021-07-12,32.29999923706055,32.400001525878906,32.04999923706055,32.20000076293945,2901810
2021-07-13,32.5,32.5,32.0,32.04999923706055,2340022
2021-07-14,32.099998474121094,32.150001525878906,31.75,31.850000381469727,2443675
2021-07-15,31.899999618530277,32.04999923706055,31.600000381469727,31.75,2082715
2021-07-16,31.700000762939453,31.950000762939453,31.5,31.549999237060547,2638302
2021-07-19,31.399999618530277,31.600000381469727,31.0,31.100000381469727,2882201
2021-07-20,31.100000381469727,31.200000762939453,30.299999237060547,30.399999618530277,2708490
2021-07-22,30.700000762939453,31.25,30.5,30.700000762939453,2329331
2021-07-23,30.799999237060547,30.950000762939453,30.100000381469727,30.25,2567121
2021-07-26,30.25,30.899999618530277,30.100000381469727,30.149999618530277,2962821
2021-07-27,30.399999618530277,30.5,29.850000381469727,30.100000381469727,2671090
2021-07-28,30.25,30.350000381469727,29.799999237060547,29.850000381469727,2340776
2021-07-29,30.0,30.100000381469727,29.75,29.799999237060547,1507391
2021-07-30,29.799999237060547,29.950000762939453,29.549999237060547,29.600000381469727,2169927
2021-08-02,29.850000381469727,30.399999618530277,29.700000762939453,29.950000762939453,4004760
2021-08-03,30.100000381469727,30.100000381469727,29.799999237060547,29.950000762939453,1644488
2021-08-04,30.200000762939453,30.200000762939453,29.600000381469727,29.649999618530277,2089253
2021-08-05,29.649999618530277,29.700000762939453,29.149999618530277,29.25,1637757
2021-08-06,29.399999618530277,30.0,29.25,29.649999618530277,2176874
2021-08-09,30.299999237060547,30.5,29.899999618530277,30.100000381469727,4142520
2021-08-10,30.100000381469727,30.299999237060547,29.149999618530277,29.25,1856220
2021-08-11,29.399999618530277,29.5,28.700000762939453,29.049999237060547,2909148
2021-08-12,29.299999237060547,29.799999237060547,29.200000762939453,29.600000381469727,1771008
2021-08-13,30.5,30.5,29.549999237060547,29.649999618530277,3633945
2021-08-16,29.549999237060547,29.649999618530277,29.100000381469727,29.200000762939453,1274362
2021-08-17,29.149999618530277,29.149999618530277,28.799999237060547,28.850000381469727,1022208
2021-08-18,29.0,29.0,28.649999618530277,28.700000762939453,1368302
2021-08-20,28.600000381469727,28.600000381469727,28.049999237060547,28.100000381469727,1561800
2021-08-23,28.399999618530277,28.450000762939453,27.549999237060547,27.649999618530277,1904509
2021-08-24,27.649999618530277,28.200000762939453,27.5,27.75,1901920
2021-08-25,28.0,28.200000762939453,27.649999618530277,27.700000762939453,1696775
2021-08-26,27.850000381469727,28.149999618530277,27.700000762939453,27.850000381469727,1207137
2021-08-27,27.950000762939453,28.25,27.799999237060547,28.049999237060547,1261184
2021-08-30,28.299999237060547,28.399999618530277,28.100000381469727,28.149999618530277,1237305
2021-08-31,28.200000762939453,28.549999237060547,28.0,28.200000762939453,1636468
2021-09-01,28.350000381469727,28.450000762939453,28.200000762939453,28.25,1007313
2021-09-02,27.899999618530277,28.450000762939453,27.899999618530277,28.149999618530277,1269838
2021-09-03,28.25,30.5,28.200000762939453,30.0,8756651
2021-09-06,30.299999237060547,30.700000762939453,29.25,29.350000381469727,4261300
2021-09-07,29.5,32.400001525878906,29.350000381469727,31.5,17699752
2021-09-08,31.700000762939453,31.799999237060547,30.799999237060547,31.0,8685558
2021-09-09,30.950000762939453,31.299999237060547,30.200000762939453,30.5,4075336
2021-09-13,30.700000762939453,30.899999618530277,30.100000381469727,30.200000762939453,2176994
2021-09-14,30.350000381469727,30.700000762939453,30.100000381469727,30.299999237060547,2860732
2021-09-15,30.350000381469727,30.600000381469727,30.0,30.049999237060547,3403038
2021-09-16,30.149999618530277,30.600000381469727,30.049999237060547,30.25,2800352
2021-09-17,30.350000381469727,30.450000762939453,29.549999237060547,30.100000381469727,2788086
2021-09-20,31.399999618530277,32.70000076293945,30.299999237060547,30.700000762939453,18929053
2021-09-21,30.700000762939453,30.799999237060547,30.0,30.200000762939453,3455508
2021-09-22,30.200000762939453,30.700000762939453,30.200000762939453,30.399999618530277,2510051
2021-09-23,30.450000762939453,30.600000381469727,30.200000762939453,30.25,2120871
2021-09-24,30.25,30.399999618530277,30.0,30.049999237060547,1407857
2021-09-27,30.149999618530277,30.25,29.799999237060547,29.850000381469727,1517571
2021-09-28,29.899999618530277,30.700000762939453,29.799999237060547,30.200000762939453,4447852
2021-09-29,30.450000762939453,30.700000762939453,30.049999237060547,30.399999618530277,3511475
2021-09-30,30.600000381469727,30.600000381469727,30.149999618530277,30.200000762939453,1663456
2021-10-01,30.049999237060547,31.200000762939453,29.899999618530277,30.0,5513284
2021-10-04,30.149999618530277,30.5,30.149999618530277,30.200000762939453,2164609
2021-10-05,31.5,31.799999237060547,30.799999237060547,30.899999618530277,9130208
2021-10-06,31.200000762939453,31.799999237060547,30.799999237060547,30.950000762939453,8355559
2021-10-07,31.700000762939453,31.850000381469727,30.649999618530277,30.899999618530277,6203550
2021-10-08,31.200000762939453,31.399999618530277,30.850000381469727,30.950000762939453,3363173
2021-10-11,31.100000381469727,31.100000381469727,30.149999618530277,30.299999237060547,3637590
2021-10-12,30.299999237060547,30.649999618530277,30.049999237060547,30.149999618530277,5382835
2021-10-13,30.299999237060547,30.600000381469727,30.149999618530277,30.200000762939453,6973425
2021-10-14,30.299999237060547,31.799999237060547,30.299999237060547,30.649999618530277,10016889
2021-10-18,30.950000762939453,34.5,30.899999618530277,34.04999923706055,40946017
2021-10-19,34.400001525878906,35.20000076293945,32.20000076293945,32.599998474121094,23718084
2021-10-20,32.5,33.20000076293945,31.549999237060547,32.5,14768852
2021-10-21,32.900001525878906,36.54999923706055,32.75,35.900001525878906,72880233
2021-10-22,36.5,43.04999923706055,35.75,43.04999923706055,163253501
2021-10-25,44.0,44.79999923706055,38.75,38.75,37319544
2021-10-26,37.04999923706055,39.25,35.70000076293945,37.70000076293945,55503526
2021-10-27,37.900001525878906,38.79999923706055,36.59999847412109,37.09999847412109,12985039
2021-10-28,37.400001525878906,38.20000076293945,36.20000076293945,36.650001525878906,13948391
2021-10-29,35.70000076293945,36.900001525878906,33.5,35.29999923706055,14226789
2021-11-01,35.900001525878906,36.75,35.599998474121094,36.20000076293945,6295839
2021-11-02,36.5,37.150001525878906,36.0,36.04999923706055,4842314
2021-11-03,36.29999923706055,36.75,35.349998474121094,35.45000076293945,5124889
2021-11-04,35.95000076293945,36.59999847412109,35.599998474121094,36.34999847412109,2011555
2021-11-08,36.5,39.900001525878906,36.34999847412109,39.34999847412109,23523291
2021-11-09,39.5,40.54999923706055,38.70000076293945,39.29999923706055,14172813
2021-11-10,39.25,39.400001525878906,38.09999847412109,38.400001525878906,6206533
2021-11-11,38.45000076293945,39.20000076293945,38.0,38.45000076293945,10921237
2021-11-12,38.54999923706055,38.79999923706055,37.5,37.650001525878906,6165853
2021-11-15,38.0,38.09999847412109,37.09999847412109,37.25,5904673
2021-11-16,37.29999923706055,38.09999847412109,36.59999847412109,36.79999923706055,5970125
2021-11-17,36.75,37.400001525878906,36.650001525878906,36.84999847412109,3514754
2021-11-18,36.900001525878906,37.5,35.900001525878906,36.04999923706055,4641009
2021-11-22,36.20000076293945,36.34999847412109,34.599998474121094,34.849998474121094,5247980
2021-11-23,34.849998474121094,36.84999847412109,34.349998474121094,36.5,5829854
2021-11-24,36.900001525878906,36.95000076293945,35.900001525878906,36.0,3043698
2021-11-25,36.09999847412109,37.04999923706055,35.849998474121094,36.5,3755688
2021-11-26,36.150001525878906,36.29999923706055,34.79999923706055,35.04999923706055,4182444
2021-11-29,35.20000076293945,35.25,32.75,33.25,6160682
2021-11-30,33.25,34.5,33.099998474121094,33.45000076293945,4268961
2021-12-01,34.95000076293945,35.04999923706055,33.79999923706055,34.04999923706055,5292289
2021-12-02,34.150001525878906,34.5,34.04999923706055,34.400001525878906,2216442
2021-12-03,34.5,35.29999923706055,34.29999923706055,34.70000076293945,4001166
2021-12-06,34.900001525878906,34.95000076293945,33.75,33.900001525878906,2617282
2021-12-07,34.20000076293945,34.70000076293945,34.099998474121094,34.349998474121094,2480001
2021-12-08,34.70000076293945,35.099998474121094,34.54999923706055,34.79999923706055,2975774
2021-12-09,35.150001525878906,37.0,35.099998474121094,36.29999923706055,9970382
2021-12-10,36.29999923706055,37.400001525878906,36.20000076293945,36.59999847412109,4915236
2021-12-13,36.95000076293945,37.29999923706055,36.150001525878906,36.29999923706055,3463071
2021-12-14,36.09999847412109,36.09999847412109,35.5,35.650001525878906,2462932
2021-12-15,35.70000076293945,35.79999923706055,35.099998474121094,35.29999923706055,2244673
2021-12-16,35.75,36.0,34.5,34.650001525878906,2461478
2021-12-17,34.650001525878906,34.75,33.900001525878906,34.29999923706055,3322776
2021-12-20,33.75,33.95000076293945,32.79999923706055,33.349998474121094,4051254
2021-12-21,33.599998474121094,34.099998474121094,33.25,33.54999923706055,2403351
2021-12-22,33.900001525878906,34.25,33.70000076293945,34.04999923706055,1885547
2021-12-23,34.25,34.45000076293945,34.04999923706055,34.150001525878906,1562483
2021-12-24,34.349998474121094,34.400001525878906,33.349998474121094,33.849998474121094,2380205
2021-12-27,33.599998474121094,33.900001525878906,33.29999923706055,33.650001525878906,1462052
2021-12-28,33.900001525878906,34.650001525878906,33.75,34.20000076293945,2257761
2021-12-29,34.29999923706055,34.75,34.099998474121094,34.25,1642466
2021-12-30,34.349998474121094,34.400001525878906,33.70000076293945,33.75,1602522
2021-12-31,34.0,34.95000076293945,33.75,34.75,3941160
2022-01-03,35.0,35.54999923706055,34.79999923706055,35.29999923706055,3437614
2022-01-04,35.45000076293945,35.70000076293945,35.04999923706055,35.25,3303241
2022-01-05,35.150001525878906,35.29999923706055,34.75,34.849998474121094,2637704
2022-01-06,34.5,35.650001525878906,34.349998474121094,35.25,3920852
2022-01-07,35.25,35.75,35.04999923706055,35.650001525878906,3841011
2022-01-10,35.849998474121094,36.20000076293945,35.599998474121094,36.0,3876215
2022-01-11,36.0,37.09999847412109,35.599998474121094,36.0,9466600
2022-01-12,36.25,36.34999847412109,35.599998474121094,35.70000076293945,2809434
2022-01-13,35.900001525878906,35.95000076293945,35.29999923706055,35.650001525878906,2232567
2022-01-14,35.650001525878906,37.09999847412109,35.599998474121094,36.34999847412109,6360534
2022-01-17,36.650001525878906,39.29999923706055,36.5,38.400001525878906,19636806
2022-01-18,38.70000076293945,39.09999847412109,37.29999923706055,37.45000076293945,6571085
2022-01-19,37.5,37.95000076293945,36.79999923706055,37.54999923706055,5004726
2022-01-20,37.79999923706055,37.900001525878906,37.09999847412109,37.34999847412109,4074015
2022-01-21,37.09999847412109,39.29999923706055,36.900001525878906,37.150001525878906,13194479
2022-01-24,37.400001525878906,37.400001525878906,35.04999923706055,35.45000076293945,7075508
2022-01-25,35.0,36.34999847412109,34.5,35.599998474121094,5146115
2022-01-27,35.599998474121094,36.29999923706055,34.54999923706055,35.650001525878906,3692802
2022-01-28,36.0,36.75,35.54999923706055,35.70000076293945,6153387
2022-01-31,36.400001525878906,36.84999847412109,35.650001525878906,36.0,5957196
2022-02-01,36.75,37.34999847412109,35.599998474121094,35.70000076293945,9169677
2022-02-02,36.150001525878906,36.25,35.54999923706055,35.650001525878906,3724078
2022-02-03,35.79999923706055,35.95000076293945,35.150001525878906,35.5,2793237
2022-02-04,35.5,35.650001525878906,35.0,35.04999923706055,2687122
2022-02-07,35.099998474121094,35.349998474121094,34.599998474121094,34.849998474121094,2815265
2022-02-08,34.900001525878906,35.099998474121094,34.04999923706055,34.45000076293945,2432754
2022-02-09,34.70000076293945,34.79999923706055,34.099998474121094,34.20000076293945,2436984
2022-02-10,35.0,35.900001525878906,34.79999923706055,35.5,9664613
2022-02-11,35.04999923706055,35.45000076293945,34.5,34.650001525878906,4159845
2022-02-14,34.04999923706055,34.04999923706055,33.099998474121094,33.5,4169496
2022-02-15,33.45000076293945,34.20000076293945,33.0,33.75,2612228
2022-02-16,34.0,34.70000076293945,33.79999923706055,33.900001525878906,3212095
2022-02-17,33.95000076293945,34.29999923706055,32.849998474121094,33.150001525878906,2463938
2022-02-18,32.849998474121094,33.349998474121094,32.70000076293945,33.04999923706055,1388142
2022-02-21,33.04999923706055,33.04999923706055,32.099998474121094,32.349998474121094,2368474
2022-02-22,31.049999237060547,31.649999618530277,30.850000381469727,31.200000762939453,3244132
2022-02-23,31.700000762939453,32.20000076293945,31.350000381469727,31.700000762939453,2383222
2022-02-24,30.5,31.049999237060547,29.0,29.200000762939453,5444317
2022-02-25,29.799999237060547,31.149999618530277,29.549999237060547,31.0,2581166
2022-02-28,30.899999618530277,31.149999618530277,29.799999237060547,30.950000762939453,2198584
2022-03-02,30.549999237060547,31.399999618530277,30.549999237060547,31.049999237060547,2122495
2022-03-03,31.549999237060547,31.700000762939453,31.0,31.100000381469727,1364215
2022-03-04,30.200000762939453,31.0,30.149999618530277,30.700000762939453,2074110
2022-03-07,30.299999237060547,30.399999618530277,29.700000762939453,29.950000762939453,2703521
2022-03-08,30.0,31.0,30.0,30.700000762939453,1741319
2022-03-09,31.25,32.25,30.899999618530277,32.0,4099448
2022-03-10,32.599998474121094,33.0,32.400001525878906,32.599998474121094,2328661
2022-03-11,32.75,33.0,32.54999923706055,32.75,1870063
2022-03-14,33.0,33.20000076293945,32.400001525878906,32.599998474121094,2120790
2022-03-15,32.75,33.0,32.400001525878906,32.79999923706055,1788635
2022-03-16,33.20000076293945,33.54999923706055,32.900001525878906,33.150001525878906,5233389
2022-03-17,34.0,35.25,33.79999923706055,34.54999923706055,7026479
2022-03-21,35.25,36.0,35.04999923706055,35.79999923706055,5821642
2022-03-22,36.150001525878906,36.25,35.599998474121094,35.79999923706055,4360589
2022-03-23,35.95000076293945,36.70000076293945,35.599998474121094,36.150001525878906,7772116
2022-03-24,35.04999923706055,35.04999923706055,34.650001525878906,34.900001525878906,3157087
2022-03-25,34.900001525878906,35.0,33.95000076293945,34.099998474121094,3343917
2022-03-28,33.95000076293945,33.95000076293945,33.099998474121094,33.150001525878906,2763487
2022-03-29,33.25,33.75,33.150001525878906,33.25,2584059
2022-03-30,33.900001525878906,34.150001525878906,32.5,32.599998474121094,4257709
2022-03-31,32.70000076293945,33.650001525878906,32.599998474121094,32.70000076293945,4069922
2022-04-01,32.79999923706055,33.54999923706055,32.75,33.400001525878906,1810660
2022-04-04,33.70000076293945,34.04999923706055,33.400001525878906,33.79999923706055,4103730
2022-04-05,34.150001525878906,35.04999923706055,33.849998474121094,34.54999923706055,4099889
2022-04-06,34.5,35.04999923706055,34.150001525878906,34.25,3726088
2022-04-07,34.650001525878906,34.70000076293945,34.0,34.099998474121094,2514855
2022-04-08,34.29999923706055,35.599998474121094,34.25,34.599998474121094,4160873
2022-04-11,34.900001525878906,35.29999923706055,34.599998474121094,34.70000076293945,3017130
2022-04-12,34.650001525878906,34.79999923706055,34.099998474121094,34.70000076293945,2740833
2022-04-13,34.79999923706055,35.54999923706055,34.70000076293945,34.849998474121094,3903706
2022-04-18,34.849998474121094,34.900001525878906,34.099998474121094,34.349998474121094,1791913
2022-04-19,35.599998474121094,36.400001525878906,34.20000076293945,34.650001525878906,16715371
2022-04-20,34.95000076293945,35.75,34.5,35.400001525878906,4619143
2022-04-21,36.0,37.400001525878906,35.54999923706055,35.95000076293945,16853131
2022-04-22,35.849998474121094,36.75,35.54999923706055,35.79999923706055,6978519
2022-04-25,35.29999923706055,35.45000076293945,34.599998474121094,34.79999923706055,3915100
2022-04-26,35.20000076293945,35.29999923706055,34.650001525878906,34.75,1844335
2022-04-27,34.5,34.75,33.79999923706055,34.099998474121094,3408714
2022-04-28,34.45000076293945,34.5,33.75,33.95000076293945,2194269
2022-04-29,34.349998474121094,34.349998474121094,33.5,33.650001525878906,2170621
2022-05-02,33.400001525878906,33.900001525878906,33.150001525878906,33.54999923706055,1178524
2022-05-04,33.54999923706055,33.849998474121094,32.79999923706055,33.0,1778735
2022-05-05,33.45000076293945,33.45000076293945,32.79999923706055,32.849998474121094,1257240
2022-05-06,32.20000076293945,32.599998474121094,32.099998474121094,32.400001525878906,1556714
2022-05-09,32.400001525878906,32.5,31.75,32.150001525878906,1495276
2022-05-10,32.20000076293945,32.75,31.899999618530277,32.099998474121094,1347627
2022-05-11,32.25,32.45000076293945,30.5,31.149999618530277,2288393
2022-05-12,31.0,31.350000381469727,30.200000762939453,30.450000762939453,1747986
2022-05-13,30.850000381469727,31.350000381469727,30.75,31.0,1511968
2022-05-16,31.549999237060547,31.950000762939453,31.049999237060547,31.25,1104592
2022-05-17,31.299999237060547,32.29999923706055,31.299999237060547,32.150001525878906,995922
2022-05-18,32.599998474121094,32.70000076293945,32.0,32.150001525878906,990999
2022-05-19,31.600000381469727,32.0,31.0,31.399999618530277,941342
2022-05-20,31.899999618530277,32.099998474121094,31.600000381469727,31.850000381469727,777161
2022-05-23,32.20000076293945,32.400001525878906,31.450000762939453,31.600000381469727,1194793
2022-05-24,31.600000381469727,31.799999237060547,31.25,31.399999618530277,762885
2022-05-25,31.5,31.600000381469727,30.799999237060547,30.899999618530277,995183
2022-05-26,31.049999237060547,31.350000381469727,30.5,31.100000381469727,1062196
2022-05-27,31.149999618530277,31.600000381469727,31.100000381469727,31.549999237060547,795360
2022-05-30,32.0,32.5,31.950000762939453,32.349998474121094,1191312
2022-05-31,33.0,33.0,32.099998474121094,32.400001525878906,2049103
2022-06-01,33.45000076293945,34.0,33.150001525878906,33.400001525878906,5485713
2022-06-02,33.349998474121094,33.70000076293945,33.099998474121094,33.25,1612656
2022-06-03,33.5,33.54999923706055,32.5,32.599998474121094,1305279
2022-06-06,32.5,32.70000076293945,32.0,32.29999923706055,864498
2022-06-07,32.349998474121094,32.75,32.099998474121094,32.25,744480
2022-06-08,32.25,32.349998474121094,31.850000381469727,31.899999618530277,1061046
2022-06-09,32.29999923706055,32.29999923706055,31.600000381469727,31.75,1557589
2022-06-10,31.5,32.20000076293945,31.450000762939453,32.0,876353
2022-06-13,31.5,31.5,30.299999237060547,30.549999237060547,2299088
2022-06-14,30.600000381469727,31.049999237060547,30.600000381469727,30.850000381469727,869010
2022-06-15,31.049999237060547,31.100000381469727,30.549999237060547,30.649999618530277,945011
2022-06-16,31.100000381469727,31.200000762939453,30.0,30.100000381469727,1341027
2022-06-17,29.950000762939453,30.5,29.899999618530277,30.200000762939453,1243757
2022-06-20,30.0,30.200000762939453,29.049999237060547,29.25,1486357
2022-06-21,29.049999237060547,30.200000762939453,29.049999237060547,30.049999237060547,933469
2022-06-22,30.149999618530277,30.25,29.549999237060547,30.100000381469727,1065904
2022-06-23,30.450000762939453,30.700000762939453,29.899999618530277,30.100000381469727,921762
2022-06-24,30.549999237060547,30.549999237060547,30.100000381469727,30.200000762939453,730577
2022-06-27,30.549999237060547,30.649999618530277,30.350000381469727,30.450000762939453,894930
2022-06-28,30.5,30.5,30.25,30.399999618530277,471283
2022-06-29,30.200000762939453,30.350000381469727,30.0,30.100000381469727,698214
2022-06-30,30.100000381469727,30.299999237060547,29.899999618530277,30.0,565456
2022-07-01,30.100000381469727,30.25,29.799999237060547,30.0,763473
2022-07-04,30.200000762939453,30.350000381469727,29.950000762939453,30.25,725497
2022-07-05,30.350000381469727,30.600000381469727,30.0,30.25,712911
2022-07-06,30.299999237060547,30.5,30.0,30.399999618530277,737910
2022-07-07,30.450000762939453,30.75,30.399999618530277,30.600000381469727,1009691
2022-07-08,30.700000762939453,31.100000381469727,30.600000381469727,30.899999618530277,1339884
2022-07-11,31.0,31.149999618530277,30.799999237060547,31.0,998263
2022-07-12,31.0,32.349998474121094,30.850000381469727,31.549999237060547,2837135
2022-07-13,31.850000381469727,31.950000762939453,30.850000381469727,30.950000762939453,1319761
2022-07-14,31.100000381469727,31.25,30.600000381469727,30.700000762939453,639863
2022-07-15,30.799999237060547,30.899999618530277,30.25,30.5,788658
2022-07-18,30.5,31.200000762939453,30.5,30.950000762939453,963681
2022-07-19,30.899999618530277,31.200000762939453,30.75,30.899999618530277,661213
2022-07-20,31.200000762939453,31.850000381469727,30.450000762939453,30.649999618530277,2787359
2022-07-21,30.700000762939453,31.049999237060547,30.549999237060547,30.899999618530277,869370
2022-07-22,31.100000381469727,31.399999618530277,30.899999618530277,30.950000762939453,1544044
2022-07-25,31.100000381469727,31.100000381469727,30.75,30.850000381469727,606923
2022-07-26,30.899999618530277,31.0,30.649999618530277,30.799999237060547,576358
2022-07-27,30.700000762939453,31.149999618530277,30.649999618530277,31.0,1054046
2022-07-28,31.149999618530277,31.200000762939453,30.899999618530277,30.950000762939453,956274
2022-07-29,31.049999237060547,31.399999618530277,30.899999618530277,30.950000762939453,1388156
2022-08-01,31.100000381469727,31.950000762939453,31.0,31.100000381469727,4079919
2022-08-02,31.200000762939453,31.5,30.850000381469727,31.0,3214085
2022-08-03,31.0,31.450000762939453,30.899999618530277,31.0,2400261
2022-08-04,31.200000762939453,31.5,30.899999618530277,30.950000762939453,2218873
2022-08-05,31.0,31.25,30.850000381469727,30.950000762939453,1769505
2022-08-08,31.149999618530277,31.299999237060547,30.899999618530277,31.100000381469727,2191796
2022-08-10,31.299999237060547,31.399999618530277,31.100000381469727,31.200000762939453,1332591
2022-08-11,31.549999237060547,31.75,30.850000381469727,31.0,3477682
2022-08-12,30.950000762939453,31.100000381469727,30.899999618530277,30.950000762939453,1771097
2022-08-16,31.049999237060547,31.149999618530277,30.950000762939453,31.0,1458420
2022-08-17,31.149999618530277,31.25,31.049999237060547,31.200000762939453,1508868
2022-08-18,31.25,31.450000762939453,31.0,31.200000762939453,1710594
2022-08-19,31.299999237060547,31.600000381469727,31.100000381469727,31.149999618530277,2359422
2022-08-22,31.200000762939453,31.200000762939453,30.799999237060547,30.899999618530277,1451765
2022-08-23,30.700000762939453,30.850000381469727,30.549999237060547,30.700000762939453,1363705
2022-08-24,30.75,30.899999618530277,30.700000762939453,30.75,1099617
2022-08-25,30.899999618530277,32.099998474121094,30.799999237060547,31.549999237060547,5246018
2022-08-26,31.649999618530277,32.599998474121094,31.600000381469727,32.29999923706055,4678312
2022-08-29,31.75,33.400001525878906,31.5,32.849998474121094,7743208
2022-08-30,33.25,33.400001525878906,32.75,32.900001525878906,3235596
2022-09-01,32.79999923706055,33.5,32.75,32.95000076293945,3952351
2022-09-02,33.099998474121094,33.75,32.54999923706055,32.79999923706055,5567164
2022-09-05,32.79999923706055,33.400001525878906,32.79999923706055,32.95000076293945,3000913
2022-09-06,33.099998474121094,33.29999923706055,32.79999923706055,32.900001525878906,1834375
2022-09-07,32.70000076293945,34.0,32.599998474121094,33.150001525878906,6048592
2022-09-08,33.29999923706055,34.0,33.20000076293945,33.599998474121094,6298511
2022-09-09,33.900001525878906,34.70000076293945,33.54999923706055,33.849998474121094,6694021
2022-09-12,34.25,34.5,33.900001525878906,34.0,3412159
2022-09-13,34.150001525878906,34.70000076293945,33.95000076293945,34.5,3905232
2022-09-14,33.900001525878906,34.54999923706055,33.599998474121094,34.150001525878906,3798975
2022-09-15,34.29999923706055,34.400001525878906,33.849998474121094,33.95000076293945,2059941
2022-09-16,34.0,34.25,33.54999923706055,33.79999923706055,4177796
2022-09-19,34.0,34.70000076293945,33.70000076293945,34.20000076293945,3933196
2022-09-20,34.5,34.79999923706055,34.29999923706055,34.54999923706055,5931476
2022-09-21,34.54999923706055,35.75,34.54999923706055,34.849998474121094,6643770
2022-09-22,34.5,36.25,34.45000076293945,36.04999923706055,9844917
2022-09-23,36.25,36.70000076293945,34.95000076293945,35.20000076293945,5371546
2022-09-26,34.95000076293945,34.95000076293945,33.400001525878906,33.650001525878906,4700031
2022-09-27,33.75,34.25,33.349998474121094,33.599998474121094,2082800
2022-09-28,33.349998474121094,34.099998474121094,33.0,33.20000076293945,1625666
2022-09-29,33.5,33.79999923706055,32.849998474121094,32.95000076293945,1735107
2022-09-30,33.0,34.0,32.95000076293945,33.70000076293945,5753854
2022-10-03,34.04999923706055,36.45000076293945,33.900001525878906,35.900001525878906,15187837
2022-10-04,36.70000076293945,37.0,35.70000076293945,35.849998474121094,7630575
2022-10-06,36.0,37.09999847412109,35.79999923706055,36.29999923706055,8076196
2022-10-07,36.25,36.59999847412109,35.75,36.0,3984607
2022-10-10,35.95000076293945,39.29999923706055,35.5,38.5,33430971
2022-10-11,38.70000076293945,39.0,36.70000076293945,36.84999847412109,13514062
2022-10-12,37.0,37.70000076293945,36.79999923706055,37.0,5951285
2022-10-13,37.09999847412109,37.45000076293945,36.650001525878906,36.79999923706055,5302937
2022-10-14,37.29999923706055,38.25,36.650001525878906,36.79999923706055,8736716
2022-10-17,36.84999847412109,38.29999923706055,36.59999847412109,37.79999923706055,9253995
2022-10-18,38.25,38.59999847412109,37.5,37.84999847412109,9051597
2022-10-19,38.0,38.20000076293945,36.900001525878906,37.04999923706055,4189566
2022-10-20,37.04999923706055,37.20000076293945,35.54999923706055,35.75,12843853
2022-10-21,35.95000076293945,36.70000076293945,35.79999923706055,36.09999847412109,4419964
2022-10-24,36.5,37.34999847412109,36.29999923706055,37.150001525878906,2595886
2022-10-25,37.34999847412109,40.150001525878906,36.900001525878906,39.45000076293945,32375078
2022-10-27,39.900001525878906,42.04999923706055,38.900001525878906,41.25,27430574
2022-10-28,41.0,41.900001525878906,40.45000076293945,40.650001525878906,13324447
2022-10-31,41.0,41.5,39.79999923706055,40.0,10055200
2022-11-01,40.09999847412109,41.29999923706055,39.59999847412109,40.20000076293945,11478229
2022-11-02,40.34999847412109,40.75,39.25,39.95000076293945,9229976
2022-11-03,40.0,43.0,39.79999923706055,42.650001525878906,31445960
2022-11-04,43.400001525878906,46.5,43.29999923706055,46.04999923706055,69164175
2022-11-07,46.84999847412109,54.150001525878906,46.650001525878906,50.79999923706055,105238512
2022-11-09,51.900001525878906,53.400001525878906,49.34999847412109,52.0,61408329
2022-11-10,51.59999847412109,52.5,48.70000076293945,49.09999847412109,27966327
2022-11-11,52.25,52.25,49.34999847412109,51.150001525878906,39360410
2022-11-14,51.45000076293945,56.04999923706055,49.84999847412109,54.54999923706055,57183441
2022-11-15,55.95000076293945,61.75,55.650001525878906,60.650001525878906,149513441
2022-11-16,61.59999847412109,64.5,60.650001525878906,63.75,106255171
2022-11-17,63.75,63.75,58.650001525878906,61.04999923706055,76883204
2022-11-18,61.45000076293945,63.900001525878906,61.20000076293945,63.20000076293945,46353447
2022-11-21,63.400001525878906,63.400001525878906,61.400001525878906,61.79999923706055,21905425
2022-11-22,61.79999923706055,62.0,57.04999923706055,58.0,23580025
2022-11-23,57.95000076293945,63.79999923706055,56.59999847412109,63.79999923706055,50605727
2022-11-24,64.9000015258789,69.80000305175781,64.44999694824219,67.1500015258789,92474825
2022-11-25,67.8499984741211,73.8499984741211,67.55000305175781,73.30000305175781,74360905
2022-11-28,76.30000305175781,80.5999984741211,74.1500015258789,80.0999984741211,127136239
2022-11-29,81.30000305175781,84.0999984741211,76.0999984741211,77.94999694824219,117037131
2022-11-30,76.80000305175781,77.19999694824219,74.0999984741211,74.0999984741211,29921056
2022-12-01,73.5999984741211,77.80000305175781,72.5999984741211,75.05000305175781,64056280
2022-12-02,75.1500015258789,76.80000305175781,74.19999694824219,75.1500015258789,17394032
2022-12-05,75.9000015258789,76.94999694824219,71.4000015258789,71.4000015258789,18116172
2022-12-06,70.5,73.19999694824219,68.44999694824219,72.0,33248967
2022-12-07,72.4000015258789,72.69999694824219,70.1500015258789,70.44999694824219,13041752
2022-12-08,70.4000015258789,72.25,70.0999984741211,70.6500015258789,9807645
2022-12-09,71.0,71.25,67.1500015258789,67.3499984741211,12421135
2022-12-12,66.5,70.69999694824219,66.0,70.69999694824219,18964486
2022-12-13,72.4000015258789,74.19999694824219,71.69999694824219,72.55000305175781,29250879
2022-12-14,72.55000305175781,74.4000015258789,71.0999984741211,74.0,12567429
2022-12-15,73.5,73.9000015258789,72.1500015258789,72.80000305175781,8970104
2022-12-16,71.80000305175781,73.19999694824219,69.5,70.1500015258789,7915636
2022-12-19,70.69999694824219,71.05000305175781,68.6500015258789,70.05000305175781,6550101
2022-12-20,70.5,73.55000305175781,70.19999694824219,73.55000305175781,14079409
2022-12-21,75.05000305175781,75.6500015258789,69.9000015258789,69.9000015258789,15449962
2022-12-22,70.5,70.8499984741211,66.44999694824219,66.44999694824219,8020230
2022-12-23,66.44999694824219,66.44999694824219,63.150001525878906,63.150001525878906,7499743
2022-12-26,61.5,65.69999694824219,60.20000076293945,63.70000076293945,19245865
2022-12-27,64.44999694824219,65.9000015258789,62.84999847412109,63.54999923706055,8866063
2022-12-28,65.5,66.69999694824219,65.25,66.69999694824219,13819215
2022-12-29,67.94999694824219,70.0,66.0999984741211,68.55000305175781,18565280
2022-12-30,69.69999694824219,69.80000305175781,67.6500015258789,68.25,6622596
2023-01-02,68.25,69.4000015258789,67.80000305175781,68.55000305175781,5203364
2023-01-03,69.19999694824219,71.94999694824219,68.75,71.94999694824219,21672205
2023-01-04,73.55000305175781,75.0,72.3499984741211,73.4000015258789,17255566
2023-01-05,74.1500015258789,74.6500015258789,71.0999984741211,72.05000305175781,6983515
2023-01-06,73.6500015258789,74.30000305175781,71.4000015258789,72.44999694824219,8186267
2023-01-09,74.0,74.44999694824219,71.80000305175781,72.1500015258789,4675388
2023-01-10,72.19999694824219,72.5,69.94999694824219,70.3499984741211,4668639
2023-01-11,70.9000015258789,72.69999694824219,70.3499984741211,72.19999694824219,6309231
2023-01-12,72.69999694824219,75.80000305175781,72.30000305175781,75.80000305175781,30422685
2023-01-13,77.80000305175781,79.55000305175781,77.19999694824219,79.55000305175781,23634703
2023-01-16,81.30000305175781,81.75,76.30000305175781,76.80000305175781,21961954
2023-01-17,76.80000305175781,77.5,73.5,74.44999694824219,10587375
2023-01-18,76.5,78.1500015258789,76.19999694824219,78.1500015258789,16306972
2023-01-19,78.0999984741211,79.8499984741211,77.05000305175781,77.19999694824219,12203134
2023-01-20,77.69999694824219,79.0,76.5999984741211,76.75,8218975
2023-01-23,77.55000305175781,77.55000305175781,76.0,76.1500015258789,3657558
2023-01-24,76.0999984741211,77.19999694824219,75.25,75.44999694824219,3555260
2023-01-25,76.0,77.5,75.0999984741211,75.69999694824219,6912585
2023-01-27,76.5,76.80000305175781,71.94999694824219,72.9000015258789,7990713
2023-01-30,73.0,74.9000015258789,71.4000015258789,72.5,5743643
2023-01-31,73.19999694824219,76.0999984741211,72.4000015258789,76.0999984741211,11721363
2023-02-01,77.9000015258789,79.44999694824219,72.30000305175781,72.6500015258789,23016937
2023-02-02,73.0,75.5999984741211,73.0,73.80000305175781,7695165
2023-02-03,74.5999984741211,75.19999694824219,71.0999984741211,72.30000305175781,5977975
2023-02-06,72.75,72.80000305175781,70.30000305175781,71.3499984741211,4082199
2023-02-07,73.0999984741211,73.8499984741211,71.55000305175781,71.8499984741211,6924317
2023-02-08,72.5,75.75,71.0,73.55000305175781,10476774
2023-02-09,73.55000305175781,74.25,71.8499984741211,72.5,4784724
2023-02-10,72.44999694824219,72.5,71.5,71.5999984741211,3393279
2023-02-13,71.0,71.0999984741211,69.0,69.25,5530564
2023-02-14,69.19999694824219,71.25,67.44999694824219,69.8499984741211,7080814
2023-02-15,70.0,71.25,69.3499984741211,70.75,4186961
2023-02-16,71.0,71.6500015258789,70.1500015258789,70.30000305175781,3320801
2023-02-17,70.19999694824219,70.19999694824219,68.0,68.44999694824219,4849471
2023-02-20,68.69999694824219,68.75,66.0999984741211,66.3499984741211,4067913
2023-02-21,66.3499984741211,66.5999984741211,64.25,64.94999694824219,7580165
2023-02-22,63.900001525878906,64.6500015258789,61.79999923706055,62.29999923706055,7458180
2023-02-23,62.29999923706055,66.30000305175781,61.54999923706055,65.05000305175781,13077206
2023-02-24,67.0,67.4000015258789,62.84999847412109,63.09999847412109,11041811
2023-02-27,62.900001525878906,63.09999847412109,61.09999847412109,61.25,5107341
2023-02-28,61.45000076293945,61.59999847412109,57.150001525878906,57.45000076293945,12672298
2023-03-01,57.5,59.400001525878906,56.04999923706055,58.5,13757147
2023-03-02,62.0,67.5,61.79999923706055,65.6500015258789,89921655
2023-03-03,66.9000015258789,68.4000015258789,64.6500015258789,65.80000305175781,30085137
2023-03-06,66.0,66.80000305175781,65.1500015258789,65.4000015258789,12489978
2023-03-08,65.25,65.25,63.79999923706055,64.0,8326899
2023-03-09,64.1500015258789,66.9000015258789,63.84999847412109,66.19999694824219,17999131
2023-03-10,65.9000015258789,67.30000305175781,64.75,66.5999984741211,14685079
2023-03-13,66.5,66.5999984741211,63.59999847412109,63.95000076293945,8235118
2023-03-14,63.04999923706055,64.25,62.04999923706055,63.29999923706055,8885622
2023-03-15,64.0,64.6500015258789,62.20000076293945,62.650001525878906,5484970
2023-03-16,62.400001525878906,62.45000076293945,60.29999923706055,62.0,6603537
2023-03-17,64.0,64.5999984741211,62.650001525878906,62.95000076293945,10572194
2023-03-20,63.75,64.8499984741211,63.650001525878906,64.5999984741211,14611658
2023-03-21,65.5999984741211,65.9000015258789,63.5,64.1500015258789,7922128
2023-03-22,64.0999984741211,65.8499984741211,63.70000076293945,65.5999984741211,8352816
2023-03-23,65.30000305175781,65.4000015258789,64.5,64.69999694824219,4343060
2023-03-24,65.69999694824219,66.19999694824219,64.25,64.75,12029374
2023-03-27,65.3499984741211,67.1500015258789,63.70000076293945,66.5,15200230
2023-03-28,66.69999694824219,66.94999694824219,64.5999984741211,66.19999694824219,8572136
2023-03-29,65.94999694824219,67.4000015258789,65.19999694824219,67.05000305175781,8258998
2023-03-31,67.9000015258789,69.69999694824219,67.30000305175781,68.5999984741211,16282805
2023-04-03,70.0,76.19999694824219,70.0,75.3499984741211,53179154
2023-04-05,76.6500015258789,77.5999984741211,74.0999984741211,75.19999694824219,29291754
2023-04-06,74.25,74.69999694824219,73.0999984741211,73.9000015258789,14057553
2023-04-10,74.0999984741211,74.8499984741211,72.8499984741211,74.30000305175781,12834318
2023-04-11,74.4000015258789,74.5999984741211,73.25,73.5,5899954
2023-04-12,73.69999694824219,74.19999694824219,72.5,72.75,7311924
2023-04-13,73.19999694824219,74.9000015258789,73.0999984741211,73.55000305175781,10190008
2023-04-17,73.44999694824219,73.6500015258789,72.55000305175781,73.0999984741211,4423677
2023-04-18,73.25,77.19999694824219,73.25,75.0,20665863
2023-04-19,75.4000015258789,75.80000305175781,74.0999984741211,74.44999694824219,7903694
2023-04-20,74.9000015258789,77.80000305175781,74.4000015258789,77.0999984741211,27529013
2023-04-21,78.94999694824219,79.75,76.69999694824219,77.5,26606072
2023-04-24,77.5,88.75,76.80000305175781,87.75,124186965
2023-04-25,88.69999694824219,105.3000030517578,88.3499984741211,104.5999984741211,265783162
2023-04-26,108.0500030517578,114.6999969482422,100.25,104.75,395800528
2023-04-27,104.9499969482422,106.0,100.75,103.1999969482422,95231203
2023-04-28,104.25,111.0,103.8000030517578,107.5500030517578,109682443
2023-05-02,112.5,118.3000030517578,112.5,118.3000030517578,92737237
2023-05-03,122.5,130.10000610351562,121.5500030517578,130.10000610351562,141043167
2023-05-04,135.75,139.4499969482422,124.3000030517578,129.3000030517578,108787376
2023-05-05,128.5,142.1999969482422,126.6500015258789,141.64999389648438,89930074
2023-05-08,142.0,144.39999389648438,134.60000610351562,135.0,54717503
2023-05-09,135.0,137.4499969482422,128.25,128.25,28750628
2023-05-10,123.1999969482422,124.6999969482422,121.8499984741211,121.8499984741211,4063117
2023-05-11,120.5,127.9000015258789,119.0,126.6999969482422,51443098
2023-05-12,127.4000015258789,128.64999389648438,120.4000015258789,120.4000015258789,21812742
2023-05-15,123.5,124.9499969482422,117.0999984741211,120.6999969482422,22629191
2023-05-16,121.8499984741211,122.3499984741211,116.6999969482422,118.75,19515392
2023-05-17,119.5,124.4000015258789,119.1500015258789,121.8499984741211,27047616
2023-05-18,123.6999969482422,124.1999969482422,119.1500015258789,120.8499984741211,11139331
2023-05-19,121.6999969482422,122.4000015258789,115.1999969482422,116.1999969482422,15519596
2023-05-22,116.5,119.5,113.8499984741211,115.9000015258789,22110096
2023-05-23,116.25,116.8000030517578,112.6500015258789,113.0,13243599
2023-05-24,112.1999969482422,118.6500015258789,111.0,115.0,25125303
2023-05-25,115.6999969482422,116.3499984741211,113.6999969482422,114.8499984741211,8586978
2023-05-26,115.6500015258789,118.1999969482422,114.75,115.8499984741211,11470740
2023-05-29,116.9499969482422,121.5999984741211,116.5999984741211,121.5999984741211,21255724
2023-05-30,117.5,119.4000015258789,115.5500030517578,115.5500030517578,21325891
2023-05-31,112.6500015258789,121.3000030517578,110.5999984741211,120.0,37688329
2023-06-01,122.9499969482422,123.4499969482422,118.0500030517578,118.4499969482422,15717749
2023-06-02,119.3000030517578,119.75,117.1500015258789,117.9499969482422,7803213
2023-06-05,116.0999984741211,119.0999984741211,116.0999984741211,116.9499969482422,11124037
2023-06-06,117.25,121.0,116.9000015258789,119.8499984741211,17258863
2023-06-07,121.4000015258789,132.1999969482422,121.0,127.0999984741211,77730167
2023-06-08,128.75,129.60000610351562,123.0999984741211,125.3499984741211,20246282
2023-06-09,125.9499969482422,126.8000030517578,122.1999969482422,125.25,13927005
2023-06-12,125.8000030517578,126.6500015258789,123.5,123.8000030517578,8927831
2023-06-13,124.3499984741211,124.4499969482422,121.6500015258789,121.9499969482422,9442611
2023-06-14,122.4000015258789,125.75,121.5999984741211,123.6999969482422,13905348
2023-06-15,124.25,125.3000030517578,122.6500015258789,122.9000015258789,8875001
2023-06-16,123.3000030517578,124.8000030517578,122.0999984741211,122.8499984741211,10555409
2023-06-19,123.1999969482422,127.8000030517578,123.0,124.4499969482422,15461555
2023-06-20,118.0,124.4000015258789,118.0,122.6999969482422,26873495
2023-06-21,127.0,127.75,123.0,123.8000030517578,18687198
2023-06-22,124.25,124.4000015258789,121.8000030517578,123.4499969482422,8259055
2023-06-23,123.6500015258789,123.6500015258789,120.3499984741211,121.1500015258789,6318403
2023-06-26,123.0,124.6999969482422,122.3000030517578,123.3000030517578,9499004
2023-06-27,123.8000030517578,127.5999984741211,123.1999969482422,123.9000015258789,18696042
2023-06-28,124.5,124.8499984741211,122.6999969482422,123.0,6120935
2023-06-30,123.5500030517578,123.5999984741211,121.5,121.9000015258789,6977844
2023-07-03,122.9000015258789,123.0,121.5,121.8499984741211,6882222
2023-07-04,121.8000030517578,123.6999969482422,121.25,121.9499969482422,6978884
2023-07-05,122.0,126.0,121.0,124.0999984741211,17210344
2023-07-06,124.0,125.1999969482422,122.5999984741211,122.8499984741211,8323469
2023-07-07,123.5,124.4499969482422,121.5999984741211,121.9000015258789,9294602
2023-07-10,123.9000015258789,125.1999969482422,121.8499984741211,122.25,9605491
2023-07-11,123.0,123.5999984741211,120.6500015258789,120.9499969482422,8036326
2023-07-12,121.4499969482422,122.4000015258789,119.5999984741211,120.6999969482422,10302856
2023-07-13,121.0999984741211,121.3000030517578,117.0500030517578,118.6500015258789,7946038
2023-07-14,121.0,121.8499984741211,118.9000015258789,119.5,8863951
2023-07-17,120.0999984741211,121.5,118.75,119.6500015258789,8493109
2023-07-18,120.4499969482422,121.8000030517578,119.1500015258789,119.6500015258789,10815497
2023-07-19,120.5,121.25,119.5500030517578,119.9000015258789,5903962
2023-07-20,120.0999984741211,129.8000030517578,119.1500015258789,128.6999969482422,71718021
2023-07-21,130.4499969482422,139.0,130.10000610351562,136.64999389648438,103032705
2023-07-24,141.14999389648438,146.64999389648438,132.6999969482422,135.75,70774038
2023-07-25,135.5,135.5,128.0,129.5500030517578,39446235
2023-07-26,131.14999389648438,135.5500030517578,130.5500030517578,134.25,34898129
2023-07-27,126.0,130.39999389648438,125.0,126.0,61077617
2023-07-28,122.75,123.1500015258789,119.6500015258789,120.9499969482422,74826227
2023-07-31,122.6999969482422,125.6999969482422,122.25,124.0999984741211,54533231
2023-08-01,125.9000015258789,126.5,124.5500030517578,125.0999984741211,29234876
2023-08-02,125.0,126.25,121.75,123.5500030517578,23973096
2023-08-03,124.0,125.0999984741211,122.1500015258789,123.3000030517578,14425991
2023-08-04,123.9499969482422,124.1999969482422,122.25,122.6500015258789,11897709
2023-08-07,124.0,125.9000015258789,122.6500015258789,125.1500015258789,24525745
2023-08-08,125.9499969482422,126.0999984741211,122.8499984741211,123.9000015258789,14079922
2023-08-09,124.4000015258789,129.14999389648438,123.5500030517578,127.1500015258789,44912351
2023-08-10,127.5,128.64999389648438,126.0,126.5999984741211,18515076
2023-08-11,127.1999969482422,127.5999984741211,125.75,126.0999984741211,10302756
2023-08-14,127.3000030517578,127.3499984741211,123.25,125.25,11631292
2023-08-16,124.9499969482422,126.8000030517578,124.0999984741211,124.6500015258789,16655371
2023-08-17,125.25,126.6999969482422,124.25,124.8499984741211,12231236
2023-08-18,124.8000030517578,125.25,122.4000015258789,122.8499984741211,9816820
2023-08-21,123.25,125.1999969482422,122.8000030517578,124.5,12614724
2023-08-22,125.1999969482422,125.5999984741211,124.0,124.5500030517578,8220149
2023-08-23,125.0,126.1999969482422,124.0500030517578,124.5999984741211,10090234
2023-08-24,125.1999969482422,128.75,124.4499969482422,124.8499984741211,21592871
2023-08-25,124.0,125.5500030517578,123.0,123.9000015258789,9332051
2023-08-28,124.25,127.8499984741211,123.6999969482422,126.8499984741211,20693995
2023-08-29,128.89999389648438,132.85000610351562,127.1500015258789,127.75,73184822
2023-08-30,128.8000030517578,131.0,128.0500030517578,128.5,24386109
2023-08-31,130.5,132.8000030517578,130.0,131.0500030517578,28446824
2023-09-01,131.8000030517578,139.0,130.60000610351562,138.3000030517578,72952804
2023-09-04,143.0,163.4499969482422,142.60000610351562,154.39999389648438,243994049
2023-09-05,158.0,163.0,152.6999969482422,156.75,93875981
2023-09-06,156.89999389648438,156.89999389648438,148.0,149.85000610351562,50668451
2023-09-07,150.6999969482422,157.39999389648438,148.9499969482422,153.89999389648438,47181664
2023-09-08,154.75,165.8000030517578,154.35000610351562,162.85000610351562,94642035
2023-09-11,169.0,191.75,168.10000610351562,189.5,229093837
2023-09-12,196.5,199.25,161.14999389648438,169.85000610351562,185688235
2023-09-13,166.6999969482422,175.60000610351562,158.1999969482422,166.6999969482422,123372887
2023-09-14,171.0,174.6999969482422,168.3000030517578,170.9499969482422,54896101
2023-09-15,172.4499969482422,172.5,168.25,170.14999389648438,37898734
2023-09-18,171.75,171.75,164.10000610351562,165.35000610351562,17676535
2023-09-20,163.8000030517578,168.75,160.5,163.4499969482422,19113572
2023-09-21,163.3000030517578,165.60000610351562,158.0,158.8000030517578,17920990
2023-09-22,160.0,167.9499969482422,158.6999969482422,166.85000610351562,34462689
2023-09-25,167.35000610351562,171.6999969482422,164.8000030517578,169.8000030517578,34727498
2023-09-26,170.3000030517578,170.75,165.3000030517578,166.6999969482422,15986625
2023-09-27,167.39999389648438,170.25,166.8000030517578,168.5,14165805
2023-09-28,169.35000610351562,169.8000030517578,165.25,166.10000610351562,12565456
2023-09-29,166.9499969482422,171.9499969482422,166.1999969482422,169.4499969482422,15240934
2023-10-03,170.85000610351562,176.89999389648438,170.39999389648438,172.5,27914702
2023-10-04,173.39999389648438,174.4499969482422,168.4499969482422,171.14999389648438,18738459
2023-10-05,172.10000610351562,173.3000030517578,169.3000030517578,170.1999969482422,10154669
2023-10-06,170.8000030517578,172.8000030517578,168.60000610351562,170.0500030517578,11080543
2023-10-09,165.5,166.25,160.25,161.25,21811811
2023-10-10,162.5,167.35000610351562,162.5,165.35000610351562,16819515
2023-10-11,166.39999389648438,168.35000610351562,164.75,165.1999969482422,8395665
2023-10-12,166.35000610351562,167.4499969482422,164.25,164.89999389648438,7194861
2023-10-13,163.8000030517578,170.8000030517578,163.25,168.0,27614191
2023-10-16,168.0,168.75,165.35000610351562,165.9499969482422,8047553
2023-10-17,167.1999969482422,174.1999969482422,166.0,170.35000610351562,39872845
2023-10-18,170.75,171.6999969482422,166.5,167.0,12134308
2023-10-19,166.0,168.39999389648438,164.5500030517578,166.75,7683165
2023-10-20,167.6999969482422,172.5500030517578,166.75,168.25,17925748
2023-10-23,168.9499969482422,169.1999969482422,156.0,157.75,15748746
2023-10-25,160.0,162.35000610351562,147.0500030517578,151.14999389648438,22285809
2023-10-26,148.75,152.89999389648438,142.14999389648438,151.5,28015351
2023-10-27,153.10000610351562,158.5,152.60000610351562,157.6999969482422,16533451
2023-10-30,158.39999389648438,159.3000030517578,153.6999969482422,156.35000610351562,10466570
2023-10-31,157.1999969482422,159.9499969482422,153.5,154.14999389648438,11535283
2023-11-01,155.0,155.64999389648438,152.60000610351562,153.0,7934752
2023-11-02,155.0,155.75,153.35000610351562,154.0500030517578,6654814
2023-11-03,155.0500030517578,155.6999969482422,153.39999389648438,154.0,8110790
2023-11-06,155.0,157.3000030517578,154.0500030517578,154.5,9802051
2023-11-07,155.3000030517578,158.5,154.39999389648438,156.14999389648438,10398420
2023-11-08,156.89999389648438,162.9499969482422,156.3000030517578,162.0500030517578,20438743
2023-11-09,163.0,164.35000610351562,160.0,160.6999969482422,12066384
2023-11-10,157.60000610351562,158.9499969482422,155.3000030517578,156.1999969482422,10860264
2023-11-13,157.75,157.9499969482422,156.60000610351562,156.89999389648438,5658184
2023-11-15,162.0,162.89999389648438,158.60000610351562,160.5500030517578,10489711
2023-11-16,160.14999389648438,160.6999969482422,158.14999389648438,158.4499969482422,5767081
2023-11-17,158.75,169.0,158.10000610351562,166.85000610351562,49242214
2023-11-20,167.64999389648438,169.60000610351562,164.0500030517578,164.6999969482422,15508870
2023-11-21,165.60000610351562,171.10000610351562,165.3000030517578,166.89999389648438,18276062
2023-11-22,167.60000610351562,167.89999389648438,163.6999969482422,165.8000030517578,10600693
2023-11-23,166.1999969482422,168.1999969482422,165.60000610351562,166.8000030517578,8264019
2023-11-24,166.9499969482422,168.5,165.3000030517578,167.0,9140137
2023-11-28,167.25,168.6999969482422,165.5500030517578,166.10000610351562,9900235
2023-11-29,166.75,167.5,165.0500030517578,165.35000610351562,7582017
2023-11-30,165.4499969482422,165.75,162.10000610351562,164.1999969482422,10151856
2023-12-01,164.85000610351562,169.35000610351562,164.25,165.0,10803510
2023-12-04,169.0,175.60000610351562,166.89999389648438,172.39999389648438,42370540
2023-12-05,173.3000030517578,174.25,168.5,170.0,13059659
2023-12-06,170.39999389648438,173.4499969482422,167.75,170.85000610351562,15836447
2023-12-07,168.10000610351562,171.75,167.75,170.10000610351562,10201395
2023-12-08,171.0,175.75,169.5500030517578,171.14999389648438,24620500
2023-12-11,172.0,180.8000030517578,171.8000030517578,178.35000610351562,51111463
2023-12-12,183.25,185.6000061035156,176.60000610351562,177.9499969482422,32976209
2023-12-13,178.75,179.4499969482422,175.1999969482422,176.9499969482422,10438818
2023-12-14,178.5,187.1999969482422,178.0500030517578,181.75,53402614
2023-12-15,183.25,187.0,181.1999969482422,183.1499938964844,33011787
2023-12-18,184.0,184.1999969482422,179.35000610351562,182.6000061035156,14940222
2023-12-19,183.1999969482422,187.8999938964844,182.9499969482422,183.8500061035156,23085130
2023-12-20,187.3999938964844,187.5,170.0,172.10000610351562,27386563
2023-12-21,170.8000030517578,178.25,165.60000610351562,177.39999389648438,19234072
2023-12-22,178.39999389648438,178.6999969482422,175.0,176.89999389648438,8887707
2023-12-26,177.75,180.5,175.39999389648438,178.64999389648438,9823977
2023-12-27,179.35000610351562,180.8000030517578,176.5500030517578,177.8000030517578,6991847
2023-12-28,178.60000610351562,178.9499969482422,176.0,177.39999389648438,6859414
2023-12-29,177.39999389648438,184.6499938964844,177.14999389648438,181.5500030517578,20186770
2024-01-01,181.8999938964844,185.6000061035156,181.1000061035156,182.0,13833701
2024-01-02,182.3999938964844,183.3999938964844,177.5,180.8000030517578,7909774
2024-01-03,182.8999938964844,189.0,182.75,185.3000030517578,45596593
2024-01-04,186.6499938964844,188.3999938964844,184.5,185.5,15879759
2024-01-05,186.3500061035156,186.8999938964844,183.0,184.6499938964844,10233509
2024-01-08,185.4499969482422,185.5,181.3000030517578,182.1000061035156,8211288
2024-01-09,183.0500030517578,187.1999969482422,181.8500061035156,185.3000030517578,11569461
2024-01-10,186.0,199.1999969482422,182.8500061035156,197.3999938964844,72587866
2024-01-11,200.75,205.3999938964844,198.5500030517578,199.8000030517578,51040633
2024-01-12,200.8000030517578,207.0,198.5500030517578,203.25,29429746
2024-01-15,204.25,230.6499938964844,203.5500030517578,220.6499938964844,136773825
2024-01-16,225.0,231.9499969482422,219.0,223.5500030517578,68897751
2024-01-17,223.3999938964844,245.8999938964844,216.0500030517578,240.3999938964844,114133165
2024-01-18,247.6000061035156,251.3999938964844,227.0500030517578,243.6000061035156,105611386
2024-01-19,245.75,292.29998779296875,245.0,291.25,178930889
2024-01-23,332.0,345.5,288.3500061035156,288.75,80917623
2024-01-24,288.75,305.54998779296875,265.1499938964844,298.8500061035156,53922343
2024-01-25,300.0,309.79998779296875,298.1000061035156,301.95001220703125,27527924
2024-01-29,305.75,308.70001220703125,293.29998779296875,299.04998779296875,17198256
2024-01-30,300.79998779296875,304.20001220703125,288.6000061035156,296.25,16994531
2024-01-31,297.6499938964844,309.54998779296875,295.3999938964844,308.25,21529178
2024-02-01,312.0,318.8999938964844,294.6000061035156,297.54998779296875,34481062
2024-02-02,300.25,302.0,287.1000061035156,294.54998779296875,17179265
2024-02-05,294.95001220703125,294.95001220703125,278.0,281.3500061035156,15716341
2024-02-06,281.5,288.29998779296875,267.20001220703125,285.20001220703125,17061913
2024-02-07,289.04998779296875,291.29998779296875,280.1000061035156,280.8500061035156,9794286
2024-02-08,282.3500061035156,289.8999938964844,279.25,281.70001220703125,9231980
2024-02-09,258.0,272.8500061035156,250.5,259.25,35310986
2024-02-12,258.70001220703125,258.70001220703125,226.1499938964844,229.6000061035156,32239387
2024-02-13,228.5,256.3999938964844,223.5,245.6999969482422,52120543
2024-02-14,241.0,253.1499938964844,236.0,248.8500061035156,22348631
2024-02-15,250.1499938964844,262.79998779296875,248.1999969482422,259.3999938964844,18846018
2024-02-16,259.0,259.75,250.75,251.6999969482422,10975697
2024-02-19,254.3000030517578,281.29998779296875,254.0,266.25,51506679
2024-02-20,267.6000061035156,269.25,261.1499938964844,267.25,15398431
2024-02-21,268.6000061035156,273.6000061035156,259.04998779296875,260.3500061035156,13483046
2024-02-22,261.8999938964844,263.29998779296875,253.5,261.3500061035156,12248384
2024-02-23,264.0,271.8999938964844,263.0,264.6000061035156,14200106
2024-02-26,266.54998779296875,272.8500061035156,263.6000061035156,266.95001220703125,14614169
2024-02-27,268.3999938964844,276.95001220703125,265.5,266.8999938964844,18452082
2024-02-28,268.3500061035156,270.3999938964844,257.0,259.0,10945242
2024-02-29,260.29998779296875,260.29998779296875,240.8500061035156,244.25,31125179
2024-03-01,245.3999938964844,249.3000030517578,244.5500030517578,246.1999969482422,10474862
2024-03-04,250.75,250.75,241.0500030517578,242.5500030517578,12608680
2024-03-05,242.5500030517578,248.1999969482422,238.1499938964844,241.25,8990938
2024-03-06,241.8000030517578,242.4499969482422,232.0500030517578,237.5500030517578,9329415
2024-03-07,238.4499969482422,241.9499969482422,236.1999969482422,237.9499969482422,6393948
2024-03-11,252.3000030517578,258.0,244.0500030517578,245.4499969482422,25948260
2024-03-12,250.0,252.4499969482422,239.25,243.4499969482422,19693167
2024-03-13,245.0,245.6000061035156,219.5500030517578,222.6000061035156,26257106
2024-03-14,222.6000061035156,248.4499969482422,213.0500030517578,243.5,38958684
2024-03-15,242.4499969482422,248.8000030517578,232.3000030517578,245.5500030517578,28212318
2024-03-18,249.5500030517578,253.0,243.1000061035156,244.3999938964844,13484133
2024-03-19,242.9499969482422,247.8000030517578,240.3999938964844,245.4499969482422,9884197
2024-03-20,248.0,248.3000030517578,237.5,239.1999969482422,11717711
2024-03-21,247.0,249.3999938964844,243.8999938964844,244.5,14067406
2024-03-22,244.6999969482422,253.0,243.0,249.8500061035156,14803746
2024-03-26,254.0,267.8500061035156,252.5500030517578,260.45001220703125,43345234
2024-03-27,262.6000061035156,266.29998779296875,254.3999938964844,256.0,16973630
2024-03-28,258.6499938964844,258.8500061035156,251.3500061035156,252.8999938964844,11074200
2024-04-01,261.0,265.70001220703125,259.75,261.75,13309346
2024-04-02,261.0,266.79998779296875,258.54998779296875,264.3999938964844,13027421
2024-04-03,263.3999938964844,270.6000061035156,261.8500061035156,265.04998779296875,13266979
2024-04-04,266.45001220703125,268.70001220703125,261.45001220703125,263.95001220703125,7680571
2024-04-05,262.3999938964844,267.6000061035156,259.04998779296875,264.1000061035156,12817238
2024-04-08,266.3500061035156,270.70001220703125,262.6000061035156,264.20001220703125,8897347
2024-04-09,265.29998779296875,265.6000061035156,260.70001220703125,262.1000061035156,5674854
2024-04-10,262.20001220703125,263.1000061035156,259.25,260.1499938964844,4863470
2024-04-12,259.0,261.79998779296875,256.5,260.20001220703125,6856810
2024-04-15,247.0,256.1000061035156,245.0,251.0,14211279
2024-04-16,249.8500061035156,261.0,248.25,257.8999938964844,9732040
2024-04-18,259.29998779296875,262.0,257.20001220703125,259.8999938964844,8129109
2024-04-19,253.6499938964844,262.3999938964844,251.8000030517578,258.45001220703125,9991595
2024-04-22,261.75,265.0,260.6499938964844,264.1499938964844,8530666
2024-04-23,265.95001220703125,280.0,264.1499938964844,277.3500061035156,33985045
2024-04-24,281.0,286.20001220703125,278.95001220703125,284.25,30147590
2024-04-25,288.0,292.8500061035156,285.8500061035156,287.1499938964844,21646420
2024-04-26,288.0,295.0,282.25,289.8999938964844,24631495
2024-04-29,291.79998779296875,296.29998779296875,286.70001220703125,288.79998779296875,14426490
2024-04-30,291.8999938964844,293.5,285.45001220703125,286.3999938964844,9939575
2024-05-02,288.0,291.8500061035156,284.79998779296875,288.8500061035156,9181814
2024-05-03,290.0,290.5,281.6000061035156,284.1000061035156,9283077
2024-05-06,285.79998779296875,285.79998779296875,271.0,276.29998779296875,10882535
2024-05-07,275.8999938964844,276.75,264.3999938964844,266.8500061035156,8819227
2024-05-08,265.20001220703125,272.3500061035156,261.0,269.95001220703125,6891941
2024-05-09,271.0,274.6000061035156,259.0,261.04998779296875,7979566
2024-05-10,261.04998779296875,263.3500061035156,251.8999938964844,261.04998779296875,10034497
2024-05-13,261.95001220703125,261.95001220703125,249.8500061035156,255.75,8125328
2024-05-14,260.0,276.0,260.0,273.95001220703125,20789907
2024-05-15,275.8500061035156,278.0,271.3999938964844,275.6000061035156,8877920
2024-05-16,277.20001220703125,284.1499938964844,275.8999938964844,280.25,13251603
2024-05-17,282.0,293.5,280.5,290.79998779296875,29599889
2024-05-21,303.29998779296875,345.8999938964844,301.0,341.75,110366536
2024-05-22,343.0,358.95001220703125,331.3500061035156,341.3999938964844,67735859
2024-05-23,343.1000061035156,374.6000061035156,341.5,372.25,89059520
2024-05-24,374.0,381.0,365.8500061035156,370.5,46086621
2024-05-27,375.75,399.8999938964844,374.2000122070313,377.0,78610946
2024-05-28,379.0,389.3999938964844,366.0,373.5499877929688,38874332
2024-05-29,372.2999877929688,378.3999938964844,363.0,375.75,27912678
2024-05-30,375.75,384.75,374.0499877929688,382.7999877929688,32178655
2024-05-31,385.5,387.3999938964844,366.8999938964844,381.7000122070313,30897722
2024-06-03,425.0,425.0,384.0,404.5499877929688,63511113
2024-06-04,400.0,400.0,323.6499938964844,351.5,88280882
2024-06-05,355.95001220703125,375.0,312.25,353.29998779296875,59070407
2024-06-06,369.7999877929688,383.75,365.0499877929688,368.6499938964844,43194252
2024-06-07,374.0,382.0,370.3999938964844,374.5499877929688,27249200
2024-06-10,383.6499938964844,386.7999877929688,369.1000061035156,373.9500122070313,22561822
2024-06-11,381.5,392.4500122070313,379.0,389.3999938964844,43435702
2024-06-12,390.0,396.8999938964844,389.0,392.1000061035156,18984502
2024-06-13,394.3999938964844,395.75,385.7999877929688,390.1499938964844,15383097
2024-06-14,391.25,393.5,386.5499877929688,390.2000122070313,12323860
2024-06-18,397.0,405.0,395.0,396.1000061035156,28638590
2024-06-19,397.25,397.2999877929688,382.7999877929688,390.8999938964844,13915164
2024-06-20,388.0,392.2999877929688,383.1000061035156,387.2999877929688,11437105
2024-06-21,385.6000061035156,417.3999938964844,384.0,409.75,75448395
2024-06-24,410.0,431.7999877929688,405.25,416.6000061035156,41934345
2024-06-25,420.0,424.4500122070313,405.3999938964844,407.1499938964844,20335982
2024-06-26,408.0,414.0,401.3500061035156,409.1000061035156,13277791
2024-06-27,414.0,420.8500061035156,406.6499938964844,413.9500122070313,20947231
2024-06-28,418.0,424.3999938964844,410.6000061035156,416.6000061035156,23134009
2024-07-01,417.0,421.2999877929688,413.5,415.0,10190705
2024-07-02,415.8500061035156,417.0499877929688,404.2999877929688,411.0,11365895
2024-07-03,415.6000061035156,421.2000122070313,415.0,416.9500122070313,12879072
2024-07-04,419.0,430.9500122070313,417.25,418.75,20654664
2024-07-05,424.9500122070313,498.5,424.5499877929688,491.0499877929688,152345942
2024-07-08,508.0,578.9500122070312,508.0,565.9000244140625,178360632
2024-07-09,587.0,619.0,534.1500244140625,542.75,156242236
2024-07-10,560.0,618.4000244140625,557.75,609.9500122070312,211547060
2024-07-11,634.9500122070312,643.7999877929688,606.0,630.0,95328327
2024-07-12,628.0,645.0,610.1500244140625,626.75,56153729
2024-07-15,637.0,647.0,622.25,626.0,29639356
2024-07-16,625.0,631.7999877929688,605.0,620.1500244140625,29931644
2024-07-18,612.0,626.0,582.6500244140625,586.1500244140625,35159677
2024-07-19,582.3499755859375,637.9000244140625,570.2999877929688,613.75,73240329
2024-07-22,615.0,630.7000122070312,598.4500122070312,624.0999755859375,34133877
2024-07-23,634.7999877929688,639.0,561.7000122070312,590.2999877929688,57366312
2024-07-24,591.1500244140625,607.0,583.0,593.75,18166209
2024-07-25,590.0,595.8499755859375,573.5999755859375,575.7000122070312,17201205
2024-07-26,576.5,583.5,550.0499877929688,552.3499755859375,21601968
2024-07-29,557.5,607.5499877929688,555.5499877929688,606.2999877929688,48942004
2024-07-30,614.7000122070312,626.7999877929688,611.0,614.4500122070312,26215668
2024-07-31,614.0,615.7000122070312,598.0,601.5,11846077
2024-08-01,605.25,607.0,591.0,595.5,9507451
2024-08-02,580.0,593.75,579.0,589.7999877929688,11185800
2024-08-05,559.7999877929688,575.0,544.3499755859375,550.7999877929688,21657722
2024-08-06,563.5999755859375,575.0,542.3499755859375,546.0499877929688,13085001
2024-08-07,565.2999877929688,568.9500122070312,545.7999877929688,565.7999877929688,13370669
2024-08-08,565.0499877929688,583.0,531.4000244140625,538.4500122070312,30489387
2024-08-09,538.0,538.0,514.0,518.1500244140625,23773689
2024-08-12,524.0,583.0,522.4000244140625,575.8499755859375,61951226
2024-08-13,581.7000122070312,601.9000244140625,565.0,569.4500122070312,42007554
2024-08-14,572.0,575.0,550.1500244140625,554.0999755859375,19122889
2024-08-16,561.0999755859375,581.9000244140625,561.0999755859375,570.6500244140625,21355519
2024-08-19,581.7999877929688,590.0,571.0,573.5,16785488
2024-08-20,575.0,575.7999877929688,560.0,561.7000122070312,9499106
2024-08-21,560.0,572.75,553.0,563.9000244140625,10316563
2024-08-22,571.0,576.75,567.0,570.75,10606181
2024-08-23,570.75,594.5,568.6500244140625,572.7000122070312,26306003
2024-08-26,577.5,585.6500244140625,575.5,577.2000122070312,11254234
2024-08-27,579.7999877929688,587.0,572.0,576.0999755859375,13076800
2024-08-28,579.7999877929688,596.5,577.3499755859375,578.2000122070312,22101243
2024-08-29,583.5,584.75,572.5999755859375,579.7999877929688,13756438
2024-08-30,584.0,615.0,580.6500244140625,607.4000244140625,121690785
2024-09-02,610.5,619.5,593.5999755859375,601.2000122070312,22525336
2024-09-03,604.0,606.4000244140625,597.0,600.5,9558037
2024-09-04,598.0,600.7000122070312,590.6500244140625,592.7000122070312,7537912
2024-09-05,595.5,596.7999877929688,580.2000122070312,581.8499755859375,7030270
2024-09-06,582.2000122070312,584.7999877929688,565.4500122070312,569.5499877929688,9015277
2024-09-09,569.5499877929688,572.25,553.3499755859375,562.9000244140625,8885002
2024-09-10,569.9000244140625,578.7999877929688,563.2000122070312,565.4000244140625,7591740
2024-09-11,567.7999877929688,567.7999877929688,555.2999877929688,556.7000122070312,4565818
2024-09-12,559.7999877929688,561.9000244140625,545.0999755859375,552.0,6327534
2024-09-13,552.5,562.9000244140625,547.9000244140625,555.2999877929688,6911510
2024-09-16,550.0,554.3499755859375,542.5999755859375,545.2999877929688,4885521
2024-09-17,541.0,542.7999877929688,530.0,530.5499877929688,6414408
2024-09-18,528.0499877929688,538.3499755859375,527.0,528.5999755859375,5345676
2024-09-19,530.5,535.6500244140625,501.2000122070313,510.2000122070313,13094055
2024-09-20,512.5,549.0,505.7999877929688,544.25,25018038
2024-09-23,544.25,544.4000244140625,529.0,534.0499877929688,4782927
2024-09-24,530.0,530.0,522.0499877929688,526.25,4043522
2024-09-25,521.0,532.2999877929688,516.0,526.1500244140625,4430623
2024-09-26,526.0999755859375,529.5,517.5,521.8499755859375,4399204
2024-09-27,523.7000122070312,531.0,522.5999755859375,526.3499755859375,4343344
2024-09-30,521.5,535.0,516.3499755859375,531.4500122070312,4486451
2024-10-01,530.5,533.5,523.0,524.7000122070312,2945750
2024-10-03,510.9500122070313,518.4500122070312,507.0,509.5,3394155
2024-10-04,507.0,510.7999877929688,483.6499938964844,493.3999938964844,6487238
2024-10-07,490.3999938964844,498.0,442.2999877929688,451.7000122070313,13067372
2024-10-08,443.1499938964844,494.8500061035156,426.4500122070313,487.0499877929688,19576332
2024-10-09,494.0,500.75,475.0,480.8500061035156,7833917
2024-10-10,482.2000122070313,485.8500061035156,475.2000122070313,480.5499877929688,3384210
2024-10-11,475.0,487.3500061035156,472.0,475.3999938964844,4345765
2024-10-14,476.0,478.8999938964844,467.25,470.5,2873914
2024-10-15,470.9500122070313,477.0,466.6499938964844,474.2000122070313,2779345
2024-10-16,472.9500122070313,487.25,470.7000122070313,479.6000061035156,4889153
2024-10-17,489.0499877929688,514.6500244140625,485.0,489.6000061035156,19634045
2024-10-18,483.7999877929688,486.5,470.1000061035156,477.2999877929688,4706252
2024-10-21,477.2999877929688,482.9500122070313,463.0,465.6499938964844,2924934
2024-10-22,460.0499877929688,463.75,440.0,442.5499877929688,4776339
2024-10-23,439.9500122070313,452.9500122070313,421.1000061035156,442.1499938964844,7676464
2024-10-24,444.3999938964844,449.8999938964844,435.6499938964844,441.9500122070313,3737733
2024-10-25,442.1000061035156,445.6000061035156,414.1000061035156,419.75,5291153
2024-10-28,418.8500061035156,436.5,408.1499938964844,432.2999877929688,6738378
2024-10-29,432.2999877929688,442.0,427.5499877929688,438.8999938964844,3962720
2024-10-30,440.0,479.0499877929688,436.0499877929688,465.3500061035156,14783053
2024-10-31,467.0,479.7000122070313,461.5499877929688,471.7999877929688,6608995
2024-11-01,471.0,476.9500122070313,468.0,470.9500122070313,1408627
2024-11-04,469.2999877929688,469.2999877929688,443.5,446.2000122070313,5262254
2024-11-05,452.0499877929688,457.0,441.3500061035156,450.8999938964844,7278500
2024-11-06,466.0,472.5,460.5,469.6499938964844,6251705
2024-11-07,475.0,486.7000122070313,473.2999877929688,477.8500061035156,8328110
2024-11-08,444.0,457.3999938964844,443.2999877929688,447.9500122070313,8178730
2024-11-11,445.0,446.0,429.2000122070313,436.5499877929688,4899446
2024-11-12,444.0,450.8500061035156,432.0,437.7000122070313,3668960
2024-11-13,432.25,451.8500061035156,418.0,419.8500061035156,5236303
2024-11-14,419.5499877929688,428.4500122070313,416.1000061035156,419.5,3814197
2024-11-18,418.6499938964844,427.8500061035156,409.5,416.2000122070313,4451811
2024-11-19,420.5,435.0499877929688,419.5,432.1499938964844,5166306
2024-11-21,427.7000122070313,431.7999877929688,420.0,421.8500061035156,3599338
2024-11-22,421.8500061035156,424.1499938964844,416.7000122070313,420.2000122070313,2708144
2024-11-25,451.5499877929688,462.8999938964844,434.0,438.1000061035156,12098123
2024-11-26,440.2999877929688,443.8999938964844,432.2000122070313,434.0,3718972
2024-11-27,435.0,446.7999877929688,431.5,439.3999938964844,5527098
2024-11-28,441.75,450.7999877929688,440.0499877929688,443.3500061035156,4500271
2024-11-29,444.3500061035156,444.5499877929688,434.0,435.8500061035156,3572568
2024-12-02,437.5,447.1000061035156,435.0499877929688,437.0499877929688,4210283
2024-12-03,437.5499877929688,444.5,436.1499938964844,437.75,3199416
2024-12-04,442.4500122070313,451.6000061035156,439.0,441.25,5016587
2024-12-05,442.7000122070313,445.0,438.5,443.25,2835893
2024-12-06,443.0,468.0,441.0,464.7000122070313,11669884
2024-12-09,465.7000122070313,474.6499938964844,463.0499877929688,470.5499877929688,5838413
2024-12-10,470.0,470.2999877929688,455.5499877929688,458.6000061035156,3950300
2024-12-11,455.6499938964844,482.5,455.6499938964844,474.25,11348824
2024-12-12,474.0,479.0,466.5,471.5,4205765
2024-12-13,468.6499938964844,471.3999938964844,456.25,465.9500122070313,3244183
2024-12-16,467.8999938964844,476.0,466.7999877929688,469.8999938964844,2797117
2024-12-17,472.5,482.0,465.25,468.2999877929688,4245937
2024-12-18,466.8500061035156,466.8999938964844,453.75,457.4500122070313,2378913
2024-12-19,438.5,450.0,438.0,448.4500122070313,2481062
2024-12-20,451.5499877929688,453.6000061035156,430.0499877929688,433.25,2977111
2024-12-23,437.7000122070313,442.0,425.6000061035156,429.6000061035156,2428886
2024-12-24,430.0,434.8999938964844,426.6499938964844,428.5499877929688,1588615
2024-12-26,429.75,432.8999938964844,425.25,427.7000122070313,1428368
2024-12-27,427.7000122070313,432.5,424.1000061035156,425.5499877929688,1604621
2024-12-30,425.0,429.5,404.3999938964844,408.2999877929688,3813743
2024-12-31,414.0,439.7000122070313,413.3500061035156,422.7000122070313,12688227
2025-01-01,425.6499938964844,432.6499938964844,421.3999938964844,428.1000061035156,2926296
2025-01-02,430.1499938964844,432.7000122070313,424.25,429.5499877929688,2481062
2025-01-03,430.3999938964844,439.5,430.0,432.1000061035156,2543156
2025-01-06,434.6000061035156,434.7999877929688,408.3999938964844,410.4500122070313,4405141
2025-01-07,411.0,418.9500122070313,411.0,416.1499938964844,2593957
2025-01-08,420.0,423.7000122070313,412.5499877929688,417.3999938964844,2899992
2025-01-09,416.0,418.8999938964844,409.0,410.2999877929688,1712306
2025-01-10,405.0,407.5,391.0,393.2999877929688,4129451
2025-01-13,381.9500122070313,383.8500061035156,355.5,357.95001220703125,8523323
2025-01-14,360.9500122070313,378.9500122070313,360.6000061035156,376.75,6050286
2025-01-15,380.1000061035156,387.0,370.5499877929688,371.8999938964844,3567908
2025-01-16,391.8500061035156,415.2999877929688,385.8500061035156,411.1499938964844,23382354
2025-01-17,410.0,437.7999877929688,407.0,426.3999938964844,24210278
2025-01-20,429.2000122070313,437.4500122070313,416.1000061035156,431.6000061035156,9464708
2025-01-21,433.0,435.7000122070313,416.75,419.2000122070313,7758398
2025-01-22,420.5,423.0,398.6499938964844,408.0,5563380
2025-01-23,408.0,426.8999938964844,405.5499877929688,418.4500122070313,6083832
2025-01-24,419.9500122070313,423.0,408.6000061035156,410.1000061035156,3895985
2025-01-27,400.1000061035156,405.25,390.2000122070313,400.8500061035156,5467340
2025-01-28,407.0,414.0,385.2000122070313,407.6499938964844,8736571
2025-01-29,410.0,430.9500122070313,408.0499877929688,427.6499938964844,7673095
2025-01-30,433.0,444.5,429.25,436.8999938964844,10326411
2025-01-31,440.8500061035156,481.5,436.25,476.2999877929688,23858116
2025-02-01,485.0,501.7999877929688,428.2000122070313,433.5499877929688,46000882
2025-02-03,415.1499938964844,419.8999938964844,398.0,407.1499938964844,22386317
2025-02-04,416.0,421.2999877929688,394.7000122070313,400.1000061035156,15907300
2025-02-05,411.6000061035156,416.2999877929688,404.0,406.2999877929688,10360639
2025-02-06,406.3999938964844,411.7000122070313,401.7000122070313,403.0499877929688,4336358
2025-02-07,401.0,403.0,393.75,395.0499877929688,4897511
2025-02-10,395.1000061035156,399.1000061035156,378.6499938964844,381.4500122070313,6239370
2025-02-11,383.0,385.75,367.0,369.5,5917977
2025-02-12,367.9500122070313,377.1499938964844,342.0,371.6499938964844,14383719
2025-02-13,375.0,387.3999938964844,366.0499877929688,379.2999877929688,9279991
2025-02-14,380.0,381.9500122070313,357.0,359.8999938964844,6918593
2025-02-17,340.0,354.79998779296875,332.54998779296875,342.45001220703125,13437460
2025-02-18,342.45001220703125,343.25,325.1499938964844,333.3500061035156,8430180
2025-02-19,332.0,384.25,329.29998779296875,376.8500061035156,55921698
2025-02-20,371.3999938964844,384.25,361.7000122070313,381.5499877929688,27929863
2025-02-21,377.1499938964844,393.0,367.1000061035156,371.7000122070313,20755098
2025-02-24,364.9500122070313,369.3999938964844,359.1000061035156,364.1499938964844,10785069
2025-02-25,363.1499938964844,370.8999938964844,360.7000122070313,363.5,7546931
2025-02-27,363.0499877929688,364.7000122070313,347.3999938964844,350.04998779296875,5933298
2025-02-28,343.95001220703125,350.1499938964844,328.0,332.3999938964844,12212186
2025-03-03,333.45001220703125,342.0,310.29998779296875,323.6000061035156,16542018
2025-03-04,319.45001220703125,339.29998779296875,318.04998779296875,326.1499938964844,15287648
2025-03-05,333.3999938964844,351.3999938964844,330.29998779296875,336.25,28399265
2025-03-06,341.0,346.5,333.5,337.54998779296875,12571655
2025-03-07,340.0,350.6499938964844,335.0,341.5,18401980
2025-03-10,343.0,349.0,333.95001220703125,335.70001220703125,6498796
2025-03-11,326.04998779296875,333.45001220703125,322.04998779296875,330.6499938964844,8033534
2025-03-12,340.0,342.0,329.0,333.29998779296875,8658207
2025-03-13,336.0,336.3500061035156,327.54998779296875,329.3500061035156,5491120
2025-03-17,330.5,334.20001220703125,325.3500061035156,328.45001220703125,5347960
2025-03-18,328.45001220703125,328.45001220703125,328.45001220703125,328.45001220703125,0
2025-03-19,334.6000061035156,361.9500122070313,334.0,353.6499938964844,22821539
2025-03-20,357.5,366.75,351.5,357.8999938964844,13396119
2025-03-21,360.20001220703125,374.0,352.54998779296875,361.3500061035156,17632927
2025-03-24,365.0,379.75,364.6499938964844,371.5499877929688,15714495
2025-03-25,379.0,383.9500122070313,365.4500122070313,370.3500061035156,12419010
2025-03-26,371.7000122070313,371.7999877929688,360.25,362.2000122070313,6826431
2025-03-27,354.0,362.5,353.29998779296875,354.6499938964844,7997212
2025-03-28,356.95001220703125,367.2000122070313,350.5,351.8500061035156,7134693
2025-04-01,351.45001220703125,356.0,346.6000061035156,350.1000061035156,5049493
2025-04-02,350.6000061035156,359.95001220703125,342.0,358.54998779296875,7026372
2025-04-03,351.0,365.0,351.0,359.75,6036464
2025-04-04,357.95001220703125,360.7000122070313,344.1499938964844,350.29998779296875,5639050
2025-04-07,305.0,340.0,305.0,335.95001220703125,8638161
2025-04-08,347.8500061035156,348.95001220703125,338.79998779296875,344.3500061035156,4587642
2025-04-09,343.8500061035156,347.0,336.04998779296875,337.6499938964844,3740535
2025-04-11,345.0,348.3500061035156,340.20001220703125,346.29998779296875,5038895
2025-04-15,351.0,362.0,350.04998779296875,360.7999877929688,6028677
2025-04-16,362.0,369.7000122070313,359.1499938964844,367.0499877929688,6672237
2025-04-17,365.0,374.25,362.3999938964844,370.8500061035156,6203259
2025-04-21,372.0,377.5,368.2999877929688,375.0499877929688,5196338
2025-04-22,377.0,382.4500122070313,372.0,373.7999877929688,5066546
2025-04-23,376.0,377.2999877929688,365.5,373.8999938964844,5191977
2025-04-24,373.8999938964844,384.0,370.0,371.1499938964844,7078638
2025-04-25,372.5,373.0,354.8999938964844,361.2000122070313,6857970
2025-04-28,356.5,365.4500122070313,354.1499938964844,361.2000122070313,4768768
2025-04-29,362.6499938964844,366.8999938964844,359.04998779296875,360.4500122070313,3130264
2025-04-30,360.0,360.0,345.1000061035156,349.79998779296875,3009130
2025-05-02,349.79998779296875,365.6499938964844,349.70001220703125,352.0,8305588
2025-05-05,355.1000061035156,358.95001220703125,352.6499938964844,354.6499938964844,3179424
2025-05-06,355.0,356.45001220703125,339.29998779296875,341.54998779296875,3591336
2025-05-07,329.20001220703125,342.54998779296875,329.04998779296875,339.95001220703125,6171128
2025-05-08,343.25,346.20001220703125,329.0,331.45001220703125,3395213
2025-05-09,320.0,327.29998779296875,317.5,323.1000061035156,5304658
2025-05-12,338.0,362.8999938964844,337.0,359.45001220703125,13898275
2025-05-13,360.0,361.0,353.5,357.04998779296875,5621942
2025-05-14,359.0,376.7999877929688,357.5,372.7999877929688,15252942
2025-05-15,372.7999877929688,382.0,371.3500061035156,376.25,8996131
2025-05-16,380.5,417.5,378.3500061035156,409.6000061035156,45361621
2025-05-19,417.0,438.8999938964844,416.0,431.5,26550311
2025-05-20,440.0,447.7999877929688,411.2999877929688,415.0499877929688,18449682
2025-05-21,416.0,419.8999938964844,405.0,412.0499877929688,13428123
2025-05-22,405.0,420.8999938964844,401.5,404.8999938964844,10405435
2025-05-23,406.9500122070313,407.1499938964844,395.0499877929688,398.6499938964844,7734773
2025-05-26,398.2000122070313,418.5,395.25,412.0499877929688,15111176
2025-05-27,413.9500122070313,421.0,407.5,415.4500122070313,10198617
2025-05-28,419.0,424.5,414.0,416.1499938964844,11712050
2025-05-29,418.0,420.2999877929688,411.2000122070313,418.1000061035156,7435876
2025-05-30,421.0,427.3999938964844,402.2999877929688,405.5499877929688,12948296
2025-06-02,407.0,411.3999938964844,401.0,406.8999938964844,7238002
2025-06-03,408.9500122070313,413.3500061035156,402.6000061035156,403.75,6074713
2025-06-04,405.1000061035156,434.7999877929688,402.5,429.9500122070313,41141370
2025-06-05,434.0,436.8999938964844,425.0,429.6000061035156,14651361
2025-06-06,430.2999877929688,433.0,418.6000061035156,428.6499938964844,12394179
2025-06-09,432.0,442.7999877929688,429.0,431.75,14101653
2025-06-10,434.0499877929688,437.75,424.0499877929688,426.7000122070313,8608022
2025-06-11,428.4500122070313,435.7000122070313,422.6499938964844,427.7999877929688,10010848
2025-06-12,429.2000122070313,433.0,410.2999877929688,412.9500122070313,9928984
2025-06-13,401.2000122070313,412.0,400.5,407.0,7028426
2025-06-16,407.0,412.5499877929688,397.1000061035156,409.5,7942903
2025-06-17,410.0,413.4500122070313,398.8999938964844,400.6499938964844,7031078
2025-06-18,401.0,404.2999877929688,395.3999938964844,398.0,6046355
2025-06-19,397.5499877929688,400.3500061035156,380.1499938964844,381.9500122070313,8538943
2025-06-20,382.5499877929688,392.75,380.1000061035156,390.6000061035156,7771739
2025-06-23,386.4500122070313,395.25,384.4500122070313,391.3999938964844,5548703
2025-06-24,397.2999877929688,403.3999938964844,396.0,398.0,8104800
2025-06-25,400.0,404.8999938964844,397.5499877929688,399.3999938964844,4643329
2025-06-26,401.5,405.5,398.25,399.5499877929688,4519908
2025-06-27,401.5499877929688,405.5,394.0,395.0499877929688,7343095
2025-06-30,399.0,404.0,396.0,397.7000122070313,5938964
2025-07-01,399.6000061035156,401.8500061035156,393.1000061035156,395.8500061035156,3812592
2025-07-02,396.7999877929688,398.7999877929688,389.5,392.6499938964844,4124336
2025-07-03,393.8999938964844,395.25,388.6000061035156,390.6499938964844,3403586
2025-07-04,391.2999877929688,394.2999877929688,388.6499938964844,391.3999938964844,2929965
2025-07-07,393.3999938964844,395.5,388.7999877929688,389.4500122070313,4375527
2025-07-08,390.0,392.4500122070313,384.2000122070313,386.5,3385531
2025-07-09,387.7999877929688,392.2000122070313,384.1000061035156,385.1000061035156,4088303
2025-07-10,386.2999877929688,391.0,383.5499877929688,384.7000122070313,3357263
2025-07-11,384.8999938964844,385.5,379.6000061035156,381.6499938964844,3193808
2025-07-14,383.6000061035156,385.3500061035156,380.6499938964844,382.2999877929688,3360937
2025-07-15,386.0,391.4500122070313,382.0,383.1499938964844,9228521
2025-07-16,384.1000061035156,385.6499938964844,381.1000061035156,383.2999877929688,3200132
2025-07-17,384.0,384.75,381.0,381.4500122070313,1895697
2025-07-18,381.5,382.6000061035156,374.8999938964844,376.0,2713502
2025-07-21,376.3500061035156,380.0,373.1000061035156,378.2000122070313,3246863
2025-07-22,380.0,380.1000061035156,371.5499877929688,372.25,2494508
2025-07-23,373.1000061035156,375.4500122070313,367.0,373.7000122070313,4443972
2025-07-24,374.1000061035156,379.0,372.2000122070313,376.8999938964844,3184740
2025-07-25,375.8999938964844,375.8999938964844,363.5499877929688,365.6000061035156,3472092
2025-07-28,363.8500061035156,368.25,353.20001220703125,354.45001220703125,3438508
2025-07-29,354.0,362.0,352.0,359.5,4192933
2025-07-30,360.1499938964844,362.2000122070313,356.5,358.3999938964844,2041969
2025-07-31,353.0,355.29998779296875,345.0,348.1499938964844,3934940
2025-08-01,349.3500061035156,350.3999938964844,343.29998779296875,345.45001220703125,3149891
2025-08-04,346.45001220703125,354.0,344.3500061035156,353.0,3431280
2025-08-05,353.0,357.29998779296875,350.0,351.54998779296875,2551146
2025-08-06,352.0,354.45001220703125,344.5,346.0,2282901
2025-08-07,341.20001220703125,348.0,337.20001220703125,346.5,2924832
2025-08-08,346.79998779296875,346.79998779296875,335.0,336.6000061035156,2140972
2025-08-11,337.70001220703125,346.70001220703125,334.3999938964844,342.5,3610633
2025-08-12,342.75,346.5,320.29998779296875,329.45001220703125,5392512
2025-08-13,323.1499938964844,333.8500061035156,316.5,326.29998779296875,9107823
2025-08-14,329.5,333.8500061035156,322.0,324.1000061035156,5292079
2025-08-18,330.0,330.75,322.54998779296875,323.79998779296875,4633408
2025-08-19,325.0,328.5,321.5,327.75,3483785
2025-08-20,328.8500061035156,332.0,324.5,330.79998779296875,4059829
2025-08-21,330.0,334.3999938964844,327.1000061035156,328.6499938964844,5454040
2025-08-22,327.79998779296875,327.79998779296875,323.1000061035156,323.75,3877289
2025-08-25,325.45001220703125,326.95001220703125,321.0,321.6499938964844,2419995
2025-08-26,321.6499938964844,322.45001220703125,311.5,312.70001220703125,5319362
2025-08-28,316.0,318.1499938964844,307.0,308.6499938964844,7594499
2025-08-29,308.3999938964844,309.0,301.75,302.6000061035156,4853561
2025-09-01,302.95001220703125,317.5,301.6000061035156,315.70001220703125,5644181
2025-09-02,318.0,339.5,316.0,331.8500061035156,20277592
2025-09-03,332.0,337.45001220703125,328.6000061035156,334.6000061035156,9498144
2025-09-04,333.95001220703125,335.0,325.1499938964844,326.95001220703125,6377015
2025-09-05,326.70001220703125,331.04998779296875,325.04998779296875,329.3999938964844,4541584
2025-09-08,330.8500061035156,337.20001220703125,329.04998779296875,332.20001220703125,4123272
2025-09-09,333.20001220703125,335.8500061035156,329.5,332.3999938964844,3863086
2025-09-10,333.3500061035156,339.54998779296875,332.70001220703125,333.45001220703125,5814933
2025-09-11,337.79998779296875,337.8999938964844,331.6000061035156,335.1499938964844,6896258
2025-09-12,335.3999938964844,339.8999938964844,334.3999938964844,338.1000061035156,5594449
2025-09-15,340.0,355.5,339.29998779296875,347.25,18797234
2025-09-16,348.6499938964844,356.70001220703125,344.3500061035156,354.8999938964844,10201112
2025-09-17,356.0,369.8500061035156,355.6000061035156,360.7999877929688,17573057
2025-09-18,362.8500061035156,364.7000122070313,356.3500061035156,362.5,7379618
2025-09-19,361.8999938964844,367.7000122070313,361.1499938964844,363.4500122070313,6433354
2025-09-22,362.4500122070313,368.0,357.20001220703125,358.8999938964844,5537194
2025-09-23,362.0,365.0,354.54998779296875,357.6000061035156,6674464
2025-09-24,356.8500061035156,356.95001220703125,347.0,347.6499938964844,3858578
2025-09-25,345.6000061035156,355.8999938964844,345.0,346.54998779296875,4137205
2025-09-26,346.95001220703125,347.70001220703125,336.54998779296875,337.79998779296875,3434829
2025-09-29,340.0,348.3500061035156,339.0,341.6499938964844,3972955
2025-09-30,343.29998779296875,343.8999938964844,336.04998779296875,339.45001220703125,4677413
2025-10-01,339.04998779296875,345.75,338.54998779296875,344.3999938964844,3430563
2025-10-03,344.25,347.70001220703125,342.5,347.04998779296875,3140339
2025-10-06,347.29998779296875,349.79998779296875,343.54998779296875,346.6000061035156,2559353
2025-10-07,347.1000061035156,356.1499938964844,347.0,354.8500061035156,7443017
2025-10-08,357.20001220703125,357.3999938964844,344.3999938964844,346.54998779296875,8765182
2025-10-09,344.5,347.29998779296875,341.20001220703125,344.3999938964844,4026015
2025-10-10,344.8999938964844,348.0,341.3500061035156,342.0,3046643
2025-10-13,338.75,340.5,336.04998779296875,339.1499938964844,2891506
2025-10-14,338.5,341.1499938964844,331.75,333.04998779296875,3285293
2025-10-15,333.1000061035156,340.45001220703125,333.1000061035156,338.6000061035156,3209510
2025-10-16,338.70001220703125,341.8500061035156,335.5,336.04998779296875,3202695
2025-10-17,335.0,335.5,328.79998779296875,331.6499938964844,3682969
2025-10-20,333.20001220703125,336.1000061035156,328.3999938964844,329.0,4963362
2025-10-21,330.6000061035156,333.29998779296875,330.6000061035156,332.0,861044
2025-10-23,334.0,335.1000061035156,329.0,329.95001220703125,2981997
2025-10-24,330.95001220703125,333.45001220703125,328.04998779296875,329.45001220703125,2336043
2025-10-27,330.0,332.8500061035156,328.79998779296875,330.0,2248942
2025-10-28,332.6499938964844,334.20001220703125,327.29998779296875,328.8500061035156,4632729
2025-10-29,328.45001220703125,334.0,327.25,332.75,3978096
2025-10-30,332.95001220703125,337.29998779296875,330.5,331.54998779296875,3002069
2025-10-31,331.5,332.75,328.3999938964844,328.79998779296875,2081372
2025-11-03,328.3999938964844,331.54998779296875,327.70001220703125,328.70001220703125,2313547
2025-11-04,329.6499938964844,330.3500061035156,324.29998779296875,325.79998779296875,1993561
2025-11-06,325.8999938964844,327.45001220703125,317.29998779296875,317.79998779296875,3610101
2025-11-07,317.70001220703125,319.79998779296875,314.0,318.0,3577541
2025-11-10,318.29998779296875,320.8500061035156,315.54998779296875,315.8999938964844,2271236
2025-11-11,317.5,320.29998779296875,315.04998779296875,317.75,2711458
2025-11-12,314.0,320.5,308.0,316.3500061035156,7164298
2025-11-13,316.04998779296875,320.8999938964844,314.0,314.29998779296875,3602435
2025-11-14,314.3500061035156,325.25,314.29998779296875,321.04998779296875,7162206
2025-11-17,322.6499938964844,335.6499938964844,321.3999938964844,327.0,13111023
2025-11-18,327.0,327.3999938964844,320.29998779296875,321.20001220703125,3136355
2025-11-19,320.8999938964844,322.20001220703125,316.5,320.1499938964844,2950970
2025-11-20,320.45001220703125,324.1499938964844,318.1000061035156,319.1000061035156,2390778
2025-11-21,319.04998779296875,319.04998779296875,313.6000061035156,314.0,2555681
2025-11-24,316.8999938964844,329.95001220703125,312.6000061035156,324.8500061035156,9809535
2025-11-25,323.54998779296875,326.0,315.20001220703125,322.8999938964844,10977583
2025-11-26,319.75,324.8999938964844,317.8999938964844,323.6000061035156,5359842
2025-11-27,326.79998779296875,329.70001220703125,321.6000061035156,324.54998779296875,4946518
2025-11-28,323.0,324.79998779296875,321.5,324.1000061035156,3243378
2025-12-01,323.79998779296875,327.5,320.54998779296875,321.6499938964844,3356315
2025-12-02,320.0,320.3999938964844,316.54998779296875,317.8999938964844,2598203
2025-12-03,317.45001220703125,318.79998779296875,311.04998779296875,311.6499938964844,3009610
2025-12-04,313.25,316.3999938964844,310.70001220703125,312.3999938964844,4042661
2025-12-05,312.29998779296875,312.3999938964844,307.8500061035156,310.8500061035156,3104280
2025-12-08,310.45001220703125,311.54998779296875,301.6499938964844,307.1499938964844,3969397
2025-12-09,304.0,313.70001220703125,301.20001220703125,312.70001220703125,4741731
2025-12-10,312.04998779296875,315.0,307.54998779296875,308.8999938964844,2160269
2025-12-11,308.75,316.0,307.25,311.8999938964844,3663101
2025-12-12,313.3500061035156,315.1499938964844,311.04998779296875,313.8999938964844,1953253
2025-12-15,312.0,314.45001220703125,311.70001220703125,313.1499938964844,1474329
2025-12-16,312.54998779296875,312.6000061035156,308.0,309.3999938964844,1438292
2025-12-17,309.5,310.8999938964844,306.0,307.25,1877813
2025-12-18,306.95001220703125,307.1499938964844,303.20001220703125,305.95001220703125,2042006
2025-12-19,308.70001220703125,320.70001220703125,306.6499938964844,319.1499938964844,5025216
2025-12-22,320.04998779296875,335.5,319.1000061035156,332.5,13224486
2025-12-23,334.20001220703125,349.5,333.0,341.8500061035156,20825008
2025-12-24,343.95001220703125,349.3999938964844,338.0,345.70001220703125,12510973
2025-12-26,346.70001220703125,392.7999877929688,345.8500061035156,387.9500122070313,102998642
2025-12-29,394.9500122070313,400.7000122070313,365.8999938964844,367.6000061035156,38027612
2025-12-30,369.8999938964844,373.0499877929688,358.1000061035156,360.3500061035156,23158835
2025-12-31,360.5,366.25,356.1000061035156,357.25,13232939
2026-01-01,359.20001220703125,365.3999938964844,355.5,361.5,7782539
2026-01-02,363.5,368.4500122070313,360.6499938964844,365.8500061035156,7088047
2026-01-05,366.0499877929688,372.8999938964844,358.45001220703125,361.0,6255317
2026-01-06,361.8999938964844,367.75,354.3999938964844,358.29998779296875,5660162
2026-01-07,358.79998779296875,365.8999938964844,356.25,357.3999938964844,7777810
2026-01-08,357.3999938964844,360.75,341.0,342.54998779296875,8367219
2026-01-09,344.0,350.3500061035156,330.29998779296875,332.20001220703125,10019235
2026-01-12,333.45001220703125,333.8999938964844,323.1000061035156,331.6499938964844,9252024
2026-01-13,334.0,337.6499938964844,325.04998779296875,330.20001220703125,7141388
2026-01-14,329.5,341.8999938964844,328.0,338.29998779296875,10947879
2026-01-15,338.29998779296875,338.29998779296875,338.29998779296875,338.29998779296875,0
2026-01-16,341.0,344.95001220703125,333.5,335.1499938964844,6964569
2026-01-19,332.95001220703125,337.70001220703125,329.79998779296875,331.29998779296875,5086365
2026-01-20,331.29998779296875,331.54998779296875,318.95001220703125,320.29998779296875,7883696
2026-01-21,318.0,324.1499938964844,313.79998779296875,317.1000061035156,8128372
2026-01-22,322.6000061035156,330.5,319.3500061035156,329.0,7930048
2026-01-23,331.0,334.79998779296875,323.3999938964844,325.1499938964844,6752882
2026-01-27,327.8999938964844,328.29998779296875,321.04998779296875,323.8999938964844,6925291
2026-01-28,328.3999938964844,344.20001220703125,326.5,342.5,12410845
2026-01-29,348.54998779296875,352.79998779296875,331.20001220703125,341.45001220703125,27044493
2026-01-30,337.8999938964844,344.8999938964844,331.79998779296875,343.3999938964844,14048559
2026-02-02,320.0,325.5,312.04998779296875,322.79998779296875,15366228
2026-02-03,334.3999938964844,339.0,323.0,324.6499938964844,9101195
2026-02-04,323.70001220703125,323.8999938964844,318.75,321.0,7624858
2026-02-05,321.0,324.20001220703125,316.0,316.6000061035156,5886319
2026-02-06,315.25,316.25,310.5,314.1000061035156,6474773
2026-02-09,315.0,322.5,314.5,317.25,6233149
2026-02-10,319.0,324.79998779296875,316.54998779296875,319.45001220703125,9489579
2026-02-11,316.5,319.29998779296875,313.20001220703125,316.54998779296875,5142291
2026-02-12,315.8999938964844,315.8999938964844,309.1000061035156,313.70001220703125,9189505
2026-02-13,309.95001220703125,311.45001220703125,306.0,308.95001220703125,8168629
2026-02-16,306.5,311.8999938964844,304.1000061035156,309.6499938964844,5843907
2026-02-17,308.95001220703125,311.70001220703125,307.20001220703125,308.75,4740580
2026-02-18,308.79998779296875,311.5,306.79998779296875,309.6499938964844,5539696
2026-02-19,310.8999938964844,314.45001220703125,305.0,306.8500061035156,8070615
2026-02-20,305.5,313.8999938964844,303.0,312.1000061035156,9829650
2026-02-23,313.0,320.8999938964844,310.0,319.20001220703125,8267917
2026-02-24,318.29998779296875,322.5,313.8500061035156,321.6499938964844,6655071
2026-02-25,324.0,324.0,315.0,317.6000061035156,6473531
2026-02-26,319.0,321.0,316.29998779296875,318.29998779296875,6016159
2026-02-27,318.29998779296875,320.8999938964844,314.0,316.3500061035156,5445951
2026-03-02,295.79998779296875,307.95001220703125,295.20001220703125,299.45001220703125,9578303
2026-03-04,293.8999938964844,294.6499938964844,271.25,282.04998779296875,9465512
2026-03-05,283.29998779296875,287.3999938964844,275.1000061035156,279.25,8717645
2026-03-06,279.25,298.3999938964844,278.75,286.0,19912627
2026-03-09,280.8999938964844,281.70001220703125,272.79998779296875,276.20001220703125,6579815
2026-03-10,281.8999938964844,285.0,278.0,283.6000061035156,5919804
2026-03-11,285.0,288.8999938964844,275.5,277.20001220703125,6071568
2026-03-12,275.70001220703125,284.3500061035156,270.95001220703125,279.6000061035156,6945305
2026-03-13,278.0,280.3500061035156,270.3500061035156,271.25,4564446
2026-03-16,271.25,271.8999938964844,260.70001220703125,266.70001220703125,6663574
2026-03-17,270.0,271.79998779296875,263.54998779296875,267.79998779296875,5878865
2026-03-18,268.0,277.45001220703125,268.0,275.1000061035156,5660387
2026-03-19,268.70001220703125,270.0,261.25,262.3500061035156,5522133
2026-03-20,265.45001220703125,270.54998779296875,262.8999938964844,264.54998779296875,4440790
2026-03-23,260.70001220703125,260.75,249.1000061035156,250.25,6637313
2026-03-24,259.0,261.5,254.6000061035156,258.45001220703125,7204605
2026-03-25,262.95001220703125,273.3999938964844,261.29998779296875,268.8500061035156,9706528
2026-03-27,266.29998779296875,268.20001220703125,261.6000061035156,264.04998779296875,8339136
2026-03-30,260.0,261.1000061035156,248.0,249.6499938964844,9646699
2026-04-01,259.8999938964844,265.25,257.0,262.6099853515625,6682134
2026-04-02,256.0199890136719,262.2300109863281,251.0,260.6600036621094,6288152
2026-04-06,261.8999938964844,266.3699951171875,253.67999267578125,261.54998779296875,8409559
2026-04-07,259.54998779296875,263.8999938964844,256.8399963378906,261.260009765625,6242256
2026-04-08,275.0,276.4800109863281,271.1499938964844,274.94000244140625,7152702
2026-04-09,275.5400085449219,277.0599975585937,268.6300048828125,272.8299865722656,7863358
2026-04-10,274.010009765625,282.5,273.45001220703125,275.0,7566878
2026-04-13,268.8999938964844,272.989990234375,264.20001220703125,271.7900085449219,4822162
2026-04-15,278.0,288.8500061035156,276.75,287.0599975585937,14149575
2026-04-16,291.3999938964844,298.6700134277344,287.1199951171875,293.8900146484375,16534179
2026-04-17,300.0,311.8500061035156,298.8500061035156,303.0599975585937,38682777
2026-04-20,304.5,304.5,295.0,296.3299865722656,7409927
2026-04-21,296.0,300.9800109863281,294.260009765625,298.8599853515625,5053668
2026-04-22,297.1099853515625,308.3299865722656,297.0,307.4100036621094,10257184
2026-04-23,306.5,311.29998779296875,304.7900085449219,307.2099914550781,12434990
2026-04-24,308.6499938964844,309.8800048828125,301.0,303.44000244140625,7153014
2026-04-27,305.25,310.20001220703125,305.010009765625,305.95001220703125,6622709
2026-04-28,306.0,311.0,305.20001220703125,308.6300048828125,5498448
2026-04-29,310.010009765625,311.45001220703125,301.1000061035156,302.29998779296875,6890706
2026-04-30,300.20001220703125,301.0,294.0,297.6499938964844,5939952
2026-05-01,297.6499938964844,297.6499938964844,297.6499938964844,297.6499938964844,0
2026-05-04,299.3999938964844,303.3999938964844,292.6000061035156,296.6499938964844,5166839
2026-05-05,296.0,304.6000061035156,295.45001220703125,300.45001220703125,7031295
2026-05-06,303.0,306.20001220703125,299.29998779296875,305.1000061035156,5508025
2026-05-07,306.5,310.0,303.3999938964844,308.70001220703125,7369135
2026-05-08,308.3999938964844,309.3500061035156,303.5,305.0,5172774
2026-05-11,303.45001220703125,303.45001220703125,294.25,295.3999938964844,4174262
2026-05-12,294.0,296.54998779296875,282.29998779296875,283.29998779296875,4640229
2026-05-13,283.70001220703125,291.3500061035156,283.70001220703125,285.0,6906724
2026-05-14,287.1499938964844,291.3500061035156,281.1000061035156,287.20001220703125,5258586
2026-05-15,287.8999938964844,288.5,281.5,283.0,3490324
2026-05-18,280.0,280.45001220703125,271.1000061035156,276.79998779296875,5295517
2026-05-19,276.8500061035156,278.29998779296875,270.3500061035156,271.54998779296875,5336823
2026-05-20,270.1000061035156,270.6499938964844,264.54998779296875,269.6000061035156,6452689
2026-05-21,273.5,275.0,269.3500061035156,270.75,5924922
2026-05-22,271.5,273.95001220703125,267.70001220703125,271.1000061035156,7245031
2026-05-25,274.1499938964844,275.8500061035156,272.0,272.45001220703125,7242974
2026-05-26,263.95001220703125,266.8999938964844,259.0,259.75,21022452
2026-05-27,259.75,259.75,251.3000030517578,252.3000030517578,14271574
2026-05-28,252.3000030517578,252.3000030517578,252.3000030517578,252.3000030517578,0
2026-05-29,251.8000030517578,255.1999969482422,243.0,245.4499969482422,62620879
2026-06-01,248.1000061035156,249.80999755859372,240.8000030517578,241.55999755859372,9432010
2026-06-02,240.0,241.75,232.72999572753903,240.75,15130810
2026-06-03,241.3999938964844,241.5200042724609,233.0500030517578,239.0200042724609,13120281
2026-06-04,237.0,240.6699981689453,235.8500061035156,236.4600067138672,12057009
2026-06-05,237.0200042724609,238.6100006103516,233.8000030517578,235.6100006103516,11139995
2026-06-08,231.9900054931641,233.88999938964844,227.00999450683597,228.22999572753903,8058747
2026-06-09,232.0,236.3999938964844,231.25,233.88999938964844,11229522
2026-06-10,234.5,235.6000061035156,227.55999755859372,228.1699981689453,5304890
2026-06-11,226.9900054931641,226.9900054931641,221.5500030517578,222.19000244140625,5624143
2026-06-12,228.5,234.0,225.1000061035156,233.25999450683597,7558813
2026-06-15,242.0,243.3999938964844,239.0,239.6999969482422,9213758
2026-06-16,241.8000030517578,243.58999633789065,239.6499938964844,241.13999938964844,3985588
2026-06-17,242.1999969482422,246.47999572753903,240.05999755859372,245.13999938964844,7044376
2026-06-18,251.0200042724609,251.3800048828125,245.2899932861328,247.5800018310547,17276217
2026-06-19,246.5,246.5,242.2899932861328,243.9900054931641,5474304
2026-06-22,249.0,250.8999938964844,245.0,246.19000244140625,12856293
2026-06-23,246.19000244140625,246.2899932861328,239.00999450683597,240.1300048828125,5117559
2026-06-24,239.0,241.25,235.44000244140625,239.94000244140625,6070613
2026-06-25,240.9600067138672,245.3800048828125,240.0500030517578,240.8500061035156,8000208
2026-06-26,240.8500061035156,240.8500061035156,240.8500061035156,240.8500061035156,0
2026-06-29,240.25,240.77999877929688,236.77999877929688,237.50999450683597,3979891
2026-06-30,238.0,238.8800048828125,235.3000030517578,235.8300018310547,4559478
2026-07-01,236.1999969482422,241.19000244140625,235.1100006103516,237.6100006103516,5837009
2026-07-02,238.3999938964844,239.3000030517578,236.38999938964844,236.8500061035156,2322672
2026-07-03,237.3500061035156,238.47999572753903,235.17999267578125,235.7700042724609,2468195
2026-07-06,235.16000366210935,235.5,232.9199981689453,233.83999633789065,2637860
2026-07-07,233.5,234.3000030517578,231.4499969482422,232.66000366210935,2061214
2026-07-08,230.41000366210935,230.97999572753903,223.55999755859372,224.72999572753903,4116538
2026-07-09,225.0,228.3500061035156,223.9900054931641,226.22999572753903,2296275
2026-07-10,226.9900054931641,236.88999938964844,226.9900054931641,232.6699981689453,6855244
2026-07-13,230.41000366210935,231.8699951171875,228.6499938964844,231.5399932861328,4443741
2026-07-14,229.3999938964844,230.2100067138672,226.1100006103516,227.30999755859372,3628384
2026-07-15,227.3000030517578,232.1999969482422,226.5,226.97000122070312,4735208
2026-07-16,227.8999938964844,230.3000030517578,226.0399932861328,226.3999938964844,3847258
2026-07-17,227.3999938964844,227.88999938964844,224.5,225.44000244140625,3890424
2026-07-20,225.44000244140625,227.5,223.5,226.8699951171875,3555757
2026-07-21,226.0,228.3699951171875,223.63999938964844,225.25999450683597,3466548
2026-07-22,225.0,225.50999450683597,222.1000061035156,223.1100006103516,3034876
2026-07-23,221.6100006103516,226.1999969482422,221.2100067138672,224.1300048828125,3963760
2026-07-24,221.8999938964844,225.97999572753903,220.83999633789065,224.52999877929688,5204038
2026-07-27,226.02999877929688,227.6000061035156,223.55999755859372,223.9499969482422,3968892
2026-07-28,224.4900054931641,224.4900054931641,220.16000366210935,221.33999633789065,3463190
2026-07-29,224.1999969482422,228.3999938964844,224.00999450683597,224.8300018310547,10091069
2026-07-30,224.0,224.4499969482422,222.00999450683597,222.8800048828125,3000955
2026-07-31,223.9499969482422,226.5200042724609,222.1000061035156,225.47999572753903,4389129
2026-08-03,225.6999969482422,234.6999969482422,225.6999969482422,232.8999938964844,8366055
2026-08-04,232.8999938964844,235.1999969482422,229.8000030517578,231.3999938964844,4277319
2026-08-05,232.6999969482422,234.42999267578125,228.16000366210935,229.0,2739599
2026-08-06,229.4900054931641,236.25,227.58999633789065,235.0,6727373
2026-08-07,235.0,236.75999450683597,233.00999450683597,233.3800048828125,4691820
2026-08-10,233.38999938964844,233.38999938964844,230.0500030517578,230.67999267578125,2315754
2026-08-11,230.67999267578125,231.6000061035156,227.1300048828125,230.0,6399915
2026-08-12,231.16000366210935,233.6699981689453,227.6499938964844,230.0,5612306
2026-08-13,230.0,230.8999938964844,227.88999938964844,228.1499938964844,2127280
2026-08-14,228.0,228.9199981689453,225.5500030517578,227.3500061035156,2580170
2026-08-17,227.0,229.3999938964844,224.83999633789065,228.5,2320005
2026-08-18,226.1999969482422,227.8800048828125,225.0,225.0,2172981
2026-08-19,226.07000732421875,226.5399932861328,221.25,223.5,4106168
2026-08-20,225.0,231.1999969482422,224.6699981689453,227.8999938964844,4866054
2026-08-21,227.8999938964844,231.3800048828125,225.3000030517578,225.3000030517578,2620850
2026-08-24,225.3000030517578,227.88999938964844,221.25,221.6999969482422,5267562
2026-08-25,221.6999969482422,224.1000061035156,217.0200042724609,218.3999938964844,7347704
2026-08-26,220.0,223.2899932861328,219.77999877929688,221.38999938964844,3616707
2026-08-27,220.8699951171875,221.8000030517578,215.1100006103516,216.0,4589569
2026-08-28,217.0,217.1000061035156,214.0,214.22000122070312,2941255
2026-08-31,214.0,214.2100067138672,209.5,210.0,3633575
2026-09-01,210.2100067138672,212.22999572753903,208.0,208.3800048828125,3502970
2026-09-02,207.0,207.0,203.8300018310547,206.0,3795701
2026-09-03,207.1999969482422,211.5200042724609,207.1999969482422,209.3000030517578,4061743
2026-09-04,211.0,214.17999267578125,209.6199951171875,212.4900054931641,6287421
2026-09-08,210.0500030517578,211.3000030517578,207.0,207.5,2884655
