Date,Open,High,Low,Close,Volume
2015-01-01,159.0,162.3000030517578,157.75,158.64999389648438,585060
2015-01-02,159.10000610351562,166.39999389648438,159.10000610351562,161.9499969482422,1573345
2015-01-05,162.3000030517578,167.39999389648438,161.39999389648438,161.89999389648438,1106723
2015-01-06,161.10000610351562,163.89999389648438,158.5,160.39999389648438,821284
2015-01-07,161.0500030517578,162.60000610351562,157.0,160.39999389648438,395062
2015-01-08,162.0,166.85000610351562,162.0,164.8000030517578,860191
2015-01-09,165.89999389648438,170.0,163.1999969482422,164.3000030517578,961679
2015-01-12,164.9499969482422,169.89999389648438,163.8000030517578,167.9499969482422,1123270
2015-01-13,168.89999389648438,175.4499969482422,167.6999969482422,168.85000610351562,1399345
2015-01-14,168.0,170.3000030517578,165.5,167.14999389648438,477501
2015-01-15,169.0,169.89999389648438,164.8000030517578,165.5,407919
2015-01-16,165.10000610351562,167.14999389648438,163.10000610351562,164.3000030517578,652790
2015-01-19,165.0,169.39999389648438,165.0,167.6999969482422,677838
2015-01-20,167.5,173.64999389648438,167.5,170.35000610351562,1187976
2015-01-21,171.3000030517578,171.60000610351562,167.75,168.60000610351562,265692
2015-01-22,169.6999969482422,170.5,166.14999389648438,167.14999389648438,223164
2015-01-23,168.89999389648438,175.39999389648438,164.25,174.14999389648438,1157227
2015-01-27,175.3000030517578,178.1999969482422,172.64999389648438,175.4499969482422,1333833
2015-01-28,174.1999969482422,178.5,172.10000610351562,173.4499969482422,629953
2015-01-29,173.8000030517578,175.8000030517578,169.5,170.5500030517578,498355
2015-01-30,171.9499969482422,174.39999389648438,170.5,171.75,378524
2015-02-02,180.0,181.8500061035156,174.39999389648438,174.9499969482422,1241042
2015-02-03,175.14999389648438,176.5,171.5,173.10000610351562,322578
2015-02-04,173.89999389648438,174.89999389648438,171.5,172.35000610351562,295551
2015-02-05,172.89999389648438,176.0,168.1999969482422,170.10000610351562,392977
2015-02-06,170.89999389648438,171.0500030517578,164.5,165.39999389648438,254718
2015-02-09,164.0,166.1999969482422,161.8000030517578,164.60000610351562,229251
2015-02-10,163.10000610351562,168.8000030517578,160.39999389648438,167.1999969482422,273150
2015-02-11,169.0,170.60000610351562,166.10000610351562,167.3000030517578,229180
2015-02-12,168.4499969482422,173.0,168.39999389648438,170.6999969482422,230558
2015-02-13,171.4499969482422,172.5,169.0500030517578,170.75,214306
2015-02-16,170.0500030517578,176.0,170.0500030517578,171.6999969482422,309710
2015-02-18,172.89999389648438,174.39999389648438,171.25,172.39999389648438,197484
2015-02-19,172.10000610351562,177.0,169.14999389648438,175.1999969482422,447759
2015-02-20,175.1999969482422,176.39999389648438,171.10000610351562,171.6999969482422,200493
2015-02-23,173.0,175.5,170.89999389648438,172.75,238282
2015-02-24,173.39999389648438,178.0,169.8000030517578,176.10000610351562,485959
2015-02-25,177.85000610351562,179.39999389648438,173.25,174.10000610351562,265238
2015-02-26,173.0,174.8000030517578,169.10000610351562,169.85000610351562,185370
2015-02-27,171.0500030517578,173.4499969482422,170.85000610351562,171.5500030517578,382323
2015-03-02,170.9499969482422,172.39999389648438,167.25,170.39999389648438,269879
2015-03-03,170.5,171.89999389648438,168.0500030517578,169.60000610351562,370871
2015-03-04,170.8000030517578,171.4499969482422,166.9499969482422,167.5,566466
2015-03-05,167.89999389648438,170.4499969482422,166.10000610351562,168.8000030517578,187465
2015-03-09,167.64999389648438,169.3000030517578,164.35000610351562,166.10000610351562,188074
2015-03-10,167.9499969482422,169.3000030517578,164.5,165.14999389648438,211398
2015-03-11,165.39999389648438,166.4499969482422,162.3000030517578,164.0,243053
2015-03-12,164.60000610351562,165.0,162.0,162.64999389648438,243571
2015-03-13,163.4499969482422,164.3000030517578,160.10000610351562,161.10000610351562,335826
2015-03-16,161.0,161.0500030517578,156.0,156.9499969482422,274986
2015-03-17,158.39999389648438,162.25,157.25,159.8000030517578,796249
2015-03-18,160.0,160.89999389648438,157.35000610351562,158.8000030517578,252752
2015-03-19,160.0,167.39999389648438,158.60000610351562,164.64999389648438,476928
2015-03-20,164.6999969482422,165.25,159.0,159.75,731570
2015-03-23,160.0,166.35000610351562,158.25,165.14999389648438,533291
2015-03-24,163.35000610351562,163.89999389648438,160.10000610351562,161.4499969482422,186052
2015-03-25,161.4499969482422,163.4499969482422,158.75,161.6999969482422,250362
2015-03-26,173.0,176.25,164.39999389648438,166.85000610351562,2593814
2015-03-27,167.0,167.0,159.0,162.0500030517578,283565
2015-03-30,163.64999389648438,164.8000030517578,160.3000030517578,161.39999389648438,192919
2015-03-31,162.0,165.5,161.5,163.5500030517578,252018
2015-04-01,164.8000030517578,166.6999969482422,161.0,161.89999389648438,1175731
2015-04-06,162.4499969482422,165.39999389648438,162.1999969482422,163.3000030517578,166678
2015-04-07,163.89999389648438,166.39999389648438,160.8000030517578,164.85000610351562,246685
2015-04-08,165.5500030517578,167.35000610351562,162.39999389648438,162.89999389648438,182561
2015-04-09,164.0500030517578,165.6999969482422,160.1999969482422,161.35000610351562,314796
2015-04-10,162.85000610351562,164.39999389648438,161.5,162.60000610351562,276383
2015-04-13,162.25,173.0,162.25,171.5,598965
2015-04-15,171.5,174.1999969482422,167.35000610351562,168.8000030517578,414412
2015-04-16,167.5500030517578,171.6999969482422,165.5,169.4499969482422,194830
2015-04-17,169.6999969482422,169.75,163.5,164.14999389648438,147600
2015-04-20,165.75,165.75,160.0500030517578,161.9499969482422,157558
2015-04-21,163.0,164.5,161.0500030517578,163.3000030517578,161741
2015-04-22,163.89999389648438,164.1999969482422,162.10000610351562,163.35000610351562,91978
2015-04-23,164.85000610351562,165.39999389648438,162.85000610351562,163.5500030517578,94578
2015-04-24,164.4499969482422,164.4499969482422,159.85000610351562,160.6999969482422,137284
2015-04-27,160.9499969482422,161.5500030517578,156.6999969482422,158.5500030517578,219066
2015-04-28,159.9499969482422,164.3000030517578,157.8000030517578,163.35000610351562,215526
2015-04-29,161.1999969482422,166.5,161.1999969482422,165.0,250435
2015-04-30,163.89999389648438,165.89999389648438,163.0,165.10000610351562,153600
2015-05-04,164.10000610351562,165.6999969482422,163.8000030517578,164.60000610351562,62197
2015-05-05,165.0,165.5,163.5,164.10000610351562,75172
2015-05-06,163.5,164.1999969482422,158.0,161.89999389648438,257569
2015-05-07,162.8000030517578,162.85000610351562,157.64999389648438,159.14999389648438,594149
2015-05-08,160.5,161.4499969482422,157.5,159.64999389648438,99375
2015-05-11,160.0500030517578,162.8000030517578,157.3000030517578,158.0500030517578,331742
2015-05-12,160.89999389648438,162.6999969482422,157.0500030517578,158.25,289267
2015-05-13,165.5500030517578,172.64999389648438,163.14999389648438,164.75,1718343
2015-05-14,165.0,167.8000030517578,164.25,164.85000610351562,291272
2015-05-15,165.5,166.0,161.60000610351562,162.89999389648438,161132
2015-05-18,164.6999969482422,166.10000610351562,162.1999969482422,163.39999389648438,190346
2015-05-19,164.25,166.35000610351562,162.35000610351562,162.4499969482422,193985
2015-05-20,163.0,164.39999389648438,162.8000030517578,163.60000610351562,111625
2015-05-21,162.3000030517578,164.0,161.10000610351562,162.1999969482422,94668
2015-05-22,163.3000030517578,163.3000030517578,160.14999389648438,160.8000030517578,118856
2015-05-25,161.8000030517578,161.8000030517578,159.5,160.39999389648438,90678
2015-05-26,161.89999389648438,161.89999389648438,156.64999389648438,157.25,135273
2015-05-27,157.0,163.3000030517578,155.60000610351562,160.4499969482422,168191
2015-05-28,161.35000610351562,162.14999389648438,159.1999969482422,161.5,211494
2015-05-29,161.39999389648438,163.0,160.5,162.39999389648438,530107
2015-06-01,162.39999389648438,162.85000610351562,160.10000610351562,160.5,120599
2015-06-02,160.10000610351562,161.5,158.89999389648438,159.5,78648
2015-06-03,160.39999389648438,160.39999389648438,155.10000610351562,155.89999389648438,540724
2015-06-04,157.35000610351562,157.35000610351562,149.60000610351562,151.8000030517578,152430
2015-06-05,153.4499969482422,153.8000030517578,150.64999389648438,152.0,75631
2015-06-08,152.89999389648438,152.89999389648438,146.10000610351562,146.9499969482422,82668
2015-06-09,147.25,147.8000030517578,144.39999389648438,145.1999969482422,88809
2015-06-10,145.5500030517578,150.8000030517578,145.1999969482422,145.85000610351562,144684
2015-06-11,148.75,153.0,145.3000030517578,146.5,453394
2015-06-12,145.9499969482422,146.5,140.5,140.9499969482422,126700
2015-06-15,142.6999969482422,145.0,140.10000610351562,142.25,122227
2015-06-16,142.25,144.0,139.8000030517578,142.0,82506
2015-06-17,142.9499969482422,146.0,142.60000610351562,143.5,140084
2015-06-18,143.60000610351562,145.8000030517578,143.35000610351562,144.3000030517578,109850
2015-06-19,144.9499969482422,145.89999389648438,138.5,139.8000030517578,258698
2015-06-22,140.6999969482422,143.89999389648438,138.0500030517578,143.0,180613
2015-06-23,143.39999389648438,150.6999969482422,141.5500030517578,145.0500030517578,502251
2015-06-24,145.9499969482422,149.0,142.0,142.9499969482422,232699
2015-06-25,142.9499969482422,144.75,141.10000610351562,141.5,148856
2015-06-26,141.5,143.8000030517578,141.10000610351562,141.9499969482422,111026
2015-06-29,140.0,140.0,136.75,138.85000610351562,161803
2015-06-30,139.1999969482422,141.4499969482422,137.0500030517578,140.0,408984
2015-07-01,140.75,143.10000610351562,140.25,140.75,145269
2015-07-02,141.75,143.3000030517578,140.1999969482422,141.10000610351562,711319
2015-07-03,141.0,144.1999969482422,140.75,142.0500030517578,232165
2015-07-06,140.9499969482422,143.1999969482422,140.25,142.14999389648438,138441
2015-07-07,142.3000030517578,145.0,141.64999389648438,142.64999389648438,178371
2015-07-08,141.60000610351562,145.89999389648438,139.14999389648438,143.39999389648438,247615
2015-07-09,144.39999389648438,149.8000030517578,141.89999389648438,142.4499969482422,500615
2015-07-10,143.8000030517578,149.5,143.5,148.35000610351562,341348
2015-07-13,149.89999389648438,151.9499969482422,145.85000610351562,146.75,352365
2015-07-14,146.5500030517578,147.6999969482422,144.5,144.9499969482422,157693
2015-07-15,146.0,147.89999389648438,144.3000030517578,144.64999389648438,136259
2015-07-16,144.60000610351562,147.8000030517578,144.60000610351562,146.35000610351562,138800
2015-07-17,147.3000030517578,151.89999389648438,145.10000610351562,150.14999389648438,531233
2015-07-20,150.9499969482422,151.39999389648438,147.39999389648438,147.75,123832
2015-07-21,148.35000610351562,148.6999969482422,145.14999389648438,145.39999389648438,115019
2015-07-22,145.64999389648438,147.5,145.0,146.14999389648438,76795
2015-07-23,146.60000610351562,148.89999389648438,146.25,148.1999969482422,159293
2015-07-24,148.10000610351562,150.1999969482422,145.35000610351562,146.0,192738
2015-07-27,144.1999969482422,146.5,141.1999969482422,141.89999389648438,102945
2015-07-28,140.6999969482422,144.8000030517578,139.1999969482422,139.6999969482422,161893
2015-07-29,140.6999969482422,144.0,140.10000610351562,140.5500030517578,162937
2015-07-30,141.8000030517578,148.39999389648438,141.64999389648438,145.0,339365
2015-07-31,146.35000610351562,148.3000030517578,145.39999389648438,146.1999969482422,219445
2015-08-03,146.60000610351562,151.89999389648438,145.5500030517578,150.1999969482422,307665
2015-08-04,151.6999969482422,164.8000030517578,151.5,163.6999969482422,1857690
2015-08-05,171.0,176.6999969482422,166.3000030517578,167.75,2230633
2015-08-06,168.3000030517578,173.5,164.0,164.75,697040
2015-08-07,165.5,174.89999389648438,160.35000610351562,172.8000030517578,1127602
2015-08-10,172.75,180.8000030517578,170.0,174.1999969482422,1435503
2015-08-11,175.0,176.60000610351562,167.5,169.64999389648438,391658
2015-08-12,169.0,169.0,161.60000610351562,162.5,239220
2015-08-13,163.0500030517578,170.5,163.0500030517578,166.3000030517578,234379
2015-08-14,167.35000610351562,180.0,165.1999969482422,178.0,732425
2015-08-17,179.75,187.3999938964844,174.39999389648438,179.5,925466
2015-08-18,180.3999938964844,191.8999938964844,175.64999389648438,183.8999938964844,1441025
2015-08-19,183.5,187.5,179.0,182.3500061035156,596703
2015-08-20,181.3000030517578,183.8000030517578,172.9499969482422,174.5500030517578,303585
2015-08-21,172.5,175.5,167.39999389648438,174.35000610351562,277768
2015-08-24,165.0,167.89999389648438,141.9499969482422,148.5500030517578,400602
2015-08-25,152.0,158.0,140.0500030517578,149.60000610351562,463624
2015-08-26,149.9499969482422,156.6999969482422,146.0,150.39999389648438,248710
2015-08-27,154.39999389648438,156.35000610351562,153.0,154.8000030517578,177989
2015-08-28,157.3000030517578,162.6999969482422,154.25,155.39999389648438,267742
2015-08-31,156.0,158.1999969482422,153.0,154.5500030517578,225747
2015-09-01,153.10000610351562,154.1999969482422,149.0500030517578,152.9499969482422,241498
2015-09-02,153.5,159.8000030517578,152.5500030517578,154.75,231409
2015-09-03,156.39999389648438,160.3000030517578,153.60000610351562,158.3000030517578,209596
2015-09-04,157.6999969482422,157.6999969482422,150.1999969482422,151.64999389648438,180690
2015-09-07,153.75,154.8000030517578,146.0,146.89999389648438,155598
2015-09-08,147.9499969482422,152.0,147.3000030517578,149.60000610351562,229459
2015-09-09,152.0,157.3000030517578,151.4499969482422,153.0,311310
2015-09-10,151.0,154.39999389648438,148.25,153.14999389648438,191523
2015-09-11,154.0,156.5,152.1999969482422,153.1999969482422,100704
2015-09-14,154.39999389648438,156.0,152.10000610351562,155.0500030517578,111379
2015-09-15,154.10000610351562,159.8000030517578,154.10000610351562,156.60000610351562,221486
2015-09-16,158.8000030517578,158.8000030517578,156.6999969482422,157.5,92670
2015-09-18,162.0,168.0,160.0,165.5,458676
2015-09-21,167.5,182.8500061035156,166.89999389648438,179.39999389648438,1181175
2015-09-22,180.8999938964844,186.6000061035156,170.39999389648438,173.25,830353
2015-09-23,173.1999969482422,183.0,169.64999389648438,180.8999938964844,405398
2015-09-24,181.0,186.8000030517578,180.0,181.6000061035156,512568
2015-09-28,179.0,183.3999938964844,177.89999389648438,179.4499969482422,304346
2015-09-29,176.5,182.3000030517578,174.4499969482422,178.85000610351562,241623
2015-09-30,181.1999969482422,181.6000061035156,175.5,178.14999389648438,216671
2015-10-01,179.89999389648438,186.0,178.5500030517578,180.10000610351562,562656
2015-10-05,181.3000030517578,184.8000030517578,179.64999389648438,180.5,316796
2015-10-06,181.0500030517578,184.1999969482422,178.64999389648438,179.3000030517578,289404
2015-10-07,180.75,185.25,176.5500030517578,178.1999969482422,412487
2015-10-08,178.75,181.3999938964844,177.3000030517578,178.1999969482422,202676
2015-10-09,179.75,181.8999938964844,176.8000030517578,177.39999389648438,160077
2015-10-12,178.5,182.1999969482422,175.25,176.0,279120
2015-10-13,177.0,179.8000030517578,175.5,176.0500030517578,209413
2015-10-14,176.39999389648438,180.3999938964844,176.25,176.6999969482422,262060
2015-10-15,178.0,180.0,176.0,176.64999389648438,237853
2015-10-16,177.0500030517578,178.8000030517578,175.25,175.85000610351562,193417
2015-10-19,177.0,178.3000030517578,172.10000610351562,172.6999969482422,300437
2015-10-20,173.64999389648438,188.8500061035156,173.0,186.0,1986216
2015-10-21,188.3000030517578,192.0,180.0,181.6499938964844,1211926
2015-10-23,184.0,185.5,178.25,179.39999389648438,541481
2015-10-26,181.0,183.3999938964844,176.1999969482422,178.25,391098
2015-10-27,178.25,184.8999938964844,177.35000610351562,183.3500061035156,1028903
2015-10-28,184.8000030517578,187.6999969482422,182.25,183.1999969482422,775546
2015-10-29,188.5,199.8999938964844,187.0,190.6499938964844,4760700
2015-10-30,192.1999969482422,197.5,187.6000061035156,194.3000030517578,1519704
2015-11-02,195.4499969482422,197.6999969482422,188.1000061035156,189.8000030517578,538112
2015-11-03,190.6499938964844,192.8500061035156,187.5,188.6499938964844,336564
2015-11-04,189.8000030517578,190.8999938964844,184.5,185.1999969482422,386495
2015-11-05,185.6999969482422,190.3999938964844,182.6999969482422,185.1999969482422,639752
2015-11-06,185.75,187.3999938964844,181.0500030517578,182.1499938964844,367943
2015-11-09,179.75,184.3999938964844,172.25,182.8999938964844,276606
2015-11-10,182.0,189.3999938964844,181.0500030517578,186.8000030517578,521166
2015-11-13,189.8000030517578,191.0,185.9499969482422,189.5500030517578,213493
2015-11-16,188.1000061035156,191.8500061035156,187.5,188.8999938964844,184422
2015-11-17,189.1999969482422,192.3999938964844,187.5,189.1000061035156,296311
2015-11-18,189.1000061035156,195.0,187.5500030517578,188.5,657309
2015-11-19,190.8000030517578,191.8999938964844,186.5,187.8000030517578,422922
2015-11-20,188.0,191.8500061035156,186.3000030517578,187.1999969482422,377223
2015-11-23,188.0,188.6000061035156,184.1000061035156,184.75,227317
2015-11-24,184.0,186.1499938964844,183.4499969482422,184.1999969482422,229731
2015-11-26,184.25,185.8999938964844,183.6000061035156,184.3000030517578,163800
2015-11-27,184.25,188.8999938964844,183.6999969482422,184.3999938964844,194274
2015-11-30,184.3999938964844,187.8999938964844,184.0500030517578,184.5500030517578,228760
2015-12-01,185.3500061035156,193.5,184.6000061035156,190.8999938964844,886788
2015-12-02,192.0,199.4499969482422,189.6000061035156,197.1499938964844,2283803
2015-12-03,196.0,196.5,190.3500061035156,191.3500061035156,358090
2015-12-04,189.8500061035156,190.75,186.25,186.8999938964844,254249
2015-12-07,187.8999938964844,190.6499938964844,186.5,187.1000061035156,151105
2015-12-08,186.0500030517578,187.8500061035156,178.5,179.39999389648438,334232
2015-12-09,179.0,181.4499969482422,176.35000610351562,177.3000030517578,327570
2015-12-10,177.8000030517578,178.64999389648438,175.10000610351562,175.6999969482422,277986
2015-12-11,176.0,177.5,172.10000610351562,172.89999389648438,286356
2015-12-14,171.85000610351562,173.0,170.10000610351562,171.0,291328
2015-12-15,171.9499969482422,173.8000030517578,170.35000610351562,172.14999389648438,256708
2015-12-16,174.0,176.25,172.1999969482422,172.8000030517578,274058
2015-12-17,174.39999389648438,178.25,173.39999389648438,176.10000610351562,531429
2015-12-18,175.5,176.85000610351562,172.6999969482422,173.5500030517578,338403
2015-12-21,173.5,178.8000030517578,173.0500030517578,175.85000610351562,324058
2015-12-22,176.3000030517578,177.10000610351562,174.0500030517578,174.89999389648438,248652
2015-12-23,175.89999389648438,177.39999389648438,173.75,174.35000610351562,318045
2015-12-24,174.89999389648438,176.5,173.39999389648438,174.4499969482422,182095
2015-12-28,174.85000610351562,176.14999389648438,174.0500030517578,174.5,218276
2015-12-29,175.0,175.5,172.25,173.0,242027
2015-12-30,173.39999389648438,177.64999389648438,172.5,173.3000030517578,388008
2015-12-31,173.60000610351562,177.60000610351562,172.64999389648438,173.5500030517578,842293
2016-01-01,174.10000610351562,182.0,171.35000610351562,180.75,1455962
2016-01-04,181.0,206.1000061035156,179.25,198.8500061035156,4463437
2016-01-05,200.1499938964844,204.8000030517578,197.1000061035156,200.8500061035156,1900532
2016-01-06,201.4499969482422,234.0,200.5,224.5500030517578,8468297
2016-01-07,220.5,235.0,215.6000061035156,220.75,4849635
2016-01-08,223.4499969482422,232.3999938964844,222.1000061035156,224.6000061035156,1867816
2016-01-11,222.0,227.8999938964844,217.75,224.4499969482422,1162834
2016-01-12,225.0,228.5,217.5,219.6999969482422,815319
2016-01-13,221.3999938964844,241.8999938964844,213.25,237.5500030517578,3764820
2016-01-14,231.5,233.3999938964844,217.1999969482422,219.6499938964844,1673007
2016-01-15,221.8999938964844,229.0,217.0,219.75,1551314
2016-01-18,219.0500030517578,219.1000061035156,190.0,193.75,1481849
2016-01-19,195.3500061035156,209.5,195.3500061035156,207.3999938964844,1327696
2016-01-20,202.0,210.0,198.0,205.9499969482422,1086074
2016-01-21,208.8999938964844,219.5,206.6999969482422,217.4499969482422,1271543
2016-01-22,221.0,223.9499969482422,214.3500061035156,215.6999969482422,679616
2016-01-25,216.3500061035156,217.8500061035156,207.3999938964844,211.6000061035156,542271
2016-01-27,213.8000030517578,222.5,212.1000061035156,216.1000061035156,1123444
2016-01-28,216.5,226.8999938964844,215.1999969482422,222.5,1067800
2016-01-29,220.5,236.0,220.5,234.0,1740240
2016-02-01,236.0,243.8500061035156,233.1000061035156,238.25,1635866
2016-02-02,239.3500061035156,246.3999938964844,226.1499938964844,231.6000061035156,1373511
2016-02-03,236.0,246.8999938964844,231.0500030517578,232.8500061035156,2753424
2016-02-04,236.3000030517578,238.8000030517578,223.1499938964844,226.1499938964844,841676
2016-02-05,226.1999969482422,227.25,221.0,223.5,475718
2016-02-08,224.5,230.3999938964844,223.0500030517578,224.6999969482422,554704
2016-02-09,220.0,223.0500030517578,216.6999969482422,220.1000061035156,654084
2016-02-10,218.0,225.0,217.9499969482422,219.5500030517578,623718
2016-02-11,219.0,219.8000030517578,205.3999938964844,207.6000061035156,441333
2016-02-12,208.6000061035156,210.0,192.3999938964844,205.4499969482422,507781
2016-02-15,208.5,222.8000030517578,208.5,218.6999969482422,778786
2016-02-16,220.1499938964844,221.0,208.0500030517578,209.5500030517578,276238
2016-02-17,211.0500030517578,222.3500061035156,202.1499938964844,219.6999969482422,571732
2016-02-18,221.5500030517578,221.5500030517578,214.5,217.0500030517578,635457
2016-02-19,215.8999938964844,228.3999938964844,214.8500061035156,225.3500061035156,874389
2016-02-22,225.6499938964844,229.75,222.1999969482422,223.0500030517578,514897
2016-02-23,223.3999938964844,229.8500061035156,220.1000061035156,223.75,718069
2016-02-24,224.8000030517578,235.5,221.5,231.3500061035156,2029709
2016-02-25,231.6000061035156,232.5500030517578,222.6999969482422,225.5,512382
2016-02-26,227.1999969482422,229.6000061035156,215.1000061035156,217.6999969482422,404746
2016-02-29,217.1999969482422,230.4499969482422,211.5,227.75,1079429
2016-03-01,228.3999938964844,228.8000030517578,223.3000030517578,224.8500061035156,382753
2016-03-02,227.3999938964844,231.6999969482422,225.0,225.75,451887
2016-03-03,227.3999938964844,229.8000030517578,224.3000030517578,225.0500030517578,540680
2016-03-04,225.5,231.25,223.5500030517578,224.8999938964844,773286
2016-03-08,226.1000061035156,231.8500061035156,224.1000061035156,224.9499969482422,576200
2016-03-09,225.0,231.0,224.1000061035156,226.6999969482422,549001
2016-03-10,226.6999969482422,244.6000061035156,225.1000061035156,242.1999969482422,2857857
2016-03-11,243.0,252.6999969482422,242.9499969482422,247.9499969482422,2399844
2016-03-14,249.3999938964844,251.8000030517578,242.5,246.9499969482422,626621
2016-03-15,247.5,248.4499969482422,233.0,234.3000030517578,734942
2016-03-16,235.0,241.25,230.75,240.1000061035156,811390
2016-03-17,239.3999938964844,246.3000030517578,237.5,240.4499969482422,768672
2016-03-18,240.3999938964844,245.25,238.0,242.6499938964844,726633
2016-03-21,245.0,249.0,238.6000061035156,246.3500061035156,655150
2016-03-22,245.6000061035156,246.1499938964844,224.1000061035156,228.9499969482422,1665083
2016-03-23,229.5500030517578,233.3999938964844,215.1999969482422,216.6999969482422,1726401
2016-03-28,218.1999969482422,223.5,214.5,215.6499938964844,989532
2016-03-29,218.1499938964844,221.8999938964844,216.6499938964844,220.1499938964844,1464121
2016-03-30,222.1999969482422,225.0,221.3999938964844,223.5500030517578,455841
2016-03-31,226.25,233.6999969482422,224.6000061035156,231.8999938964844,1081409
2016-04-01,232.0,234.8000030517578,228.1499938964844,228.8000030517578,411634
2016-04-04,229.0,239.6999969482422,229.0,233.0500030517578,1061263
2016-04-05,232.0,239.0,229.5,235.1999969482422,749536
2016-04-06,235.1000061035156,237.0,233.6999969482422,235.3999938964844,593805
2016-04-07,236.8000030517578,239.1999969482422,226.8500061035156,228.4499969482422,865222
2016-04-08,228.0,231.0,225.75,227.3999938964844,355987
2016-04-11,225.0,227.6000061035156,223.25,226.25,404603
2016-04-12,225.6999969482422,230.0500030517578,225.6999969482422,227.6000061035156,205797
2016-04-13,229.3000030517578,231.9499969482422,226.3999938964844,227.25,238468
2016-04-18,226.8000030517578,240.6000061035156,226.8000030517578,238.8000030517578,657213
2016-04-20,239.1999969482422,247.0,237.1000061035156,244.9499969482422,581969
2016-04-21,244.9499969482422,250.9499969482422,240.1999969482422,247.0500030517578,501137
2016-04-22,247.0500030517578,247.75,239.0,240.1999969482422,410470
2016-04-25,242.0,242.0,235.0500030517578,235.6499938964844,148706
2016-04-26,235.0,239.6999969482422,234.5500030517578,235.6499938964844,255089
2016-04-27,237.0,240.0,235.6000061035156,237.75,178857
2016-04-28,237.9499969482422,238.0,228.6999969482422,231.0,200936
2016-04-29,229.0,236.25,229.0,234.75,139618
2016-05-02,231.8000030517578,237.0500030517578,231.8000030517578,233.8000030517578,158262
2016-05-03,235.0,237.0500030517578,229.4499969482422,230.4499969482422,278659
2016-05-04,232.9499969482422,232.9499969482422,224.8000030517578,225.6999969482422,165508
2016-05-05,225.1499938964844,230.5500030517578,225.1499938964844,225.75,284140
2016-05-06,225.0,229.1999969482422,224.0,226.1499938964844,138283
2016-05-09,226.8999938964844,231.8000030517578,225.6000061035156,230.8500061035156,238849
2016-05-10,229.4499969482422,233.5,227.1999969482422,228.0,189775
2016-05-11,224.3500061035156,229.4499969482422,222.6999969482422,224.1999969482422,179044
2016-05-12,224.1000061035156,228.5,224.1000061035156,226.6499938964844,210373
2016-05-13,225.5,229.3999938964844,223.3500061035156,227.3999938964844,192941
2016-05-16,228.5,229.6999969482422,224.3500061035156,225.25,190458
2016-05-17,226.3999938964844,227.5,223.5,224.8000030517578,273320
2016-05-18,225.5,229.8999938964844,225.0,227.1999969482422,548308
2016-05-19,205.0,208.5,187.1000061035156,201.4499969482422,5930649
2016-05-20,202.0,203.75,193.6499938964844,194.9499969482422,954713
2016-05-23,193.0,195.4499969482422,184.0,185.3000030517578,1103472
2016-05-24,186.25,188.1999969482422,181.0,182.3999938964844,449032
2016-05-25,184.0,185.6000061035156,175.6999969482422,176.6999969482422,496848
2016-05-26,176.6999969482422,192.25,176.6999969482422,188.6000061035156,1973762
2016-05-27,188.0,188.8000030517578,183.1000061035156,184.25,422234
2016-05-30,185.8500061035156,187.8000030517578,182.0,182.6499938964844,252927
2016-05-31,183.4499969482422,186.0,180.5,184.5,564147
2016-06-01,186.0,187.8999938964844,178.5,179.89999389648438,501666
2016-06-02,181.1000061035156,181.8000030517578,177.0,177.8000030517578,351279
2016-06-03,178.85000610351562,181.9499969482422,178.0,178.60000610351562,315631
2016-06-06,178.85000610351562,179.8000030517578,177.0500030517578,177.35000610351562,128196
2016-06-07,178.3000030517578,178.64999389648438,175.5,176.5,291346
2016-06-08,176.9499969482422,181.0,175.85000610351562,176.6999969482422,431098
2016-06-09,177.4499969482422,183.8000030517578,177.4499969482422,182.9499969482422,782084
2016-06-10,183.1000061035156,184.8000030517578,182.0,183.9499969482422,441780
2016-06-13,182.0,182.6999969482422,175.0,175.85000610351562,444378
2016-06-14,176.60000610351562,180.0,176.1999969482422,179.3000030517578,262448
2016-06-15,180.75,187.6000061035156,179.14999389648438,186.1000061035156,775653
2016-06-16,186.0,191.3500061035156,183.3000030517578,185.75,1172574
2016-06-17,186.9499969482422,187.8500061035156,181.1000061035156,181.8000030517578,407613
2016-06-20,179.9499969482422,180.8999938964844,177.0,177.3000030517578,592776
2016-06-21,178.1999969482422,179.4499969482422,177.10000610351562,177.85000610351562,516501
2016-06-22,178.1999969482422,179.35000610351562,173.0,173.4499969482422,433215
2016-06-23,173.0,175.0,172.9499969482422,173.3000030517578,190752
2016-06-24,170.0,172.85000610351562,162.5,171.5,350319
2016-06-27,171.0,176.5,170.6999969482422,175.0500030517578,327410
2016-06-28,175.0,178.9499969482422,174.14999389648438,175.14999389648438,483411
2016-06-29,175.5,176.8000030517578,175.10000610351562,175.5500030517578,350351
2016-06-30,176.39999389648438,177.39999389648438,174.5,175.35000610351562,513062
2016-07-01,176.0,179.5500030517578,175.5,175.89999389648438,747705
2016-07-04,176.8000030517578,179.5,175.5,176.10000610351562,393622
2016-07-05,179.39999389648438,181.1999969482422,173.0500030517578,173.60000610351562,809792
2016-07-07,174.6999969482422,176.25,170.89999389648438,172.39999389648438,600799
2016-07-08,172.9499969482422,173.9499969482422,171.10000610351562,171.8000030517578,298214
2016-07-11,172.5,177.5500030517578,172.5,176.1999969482422,586568
2016-07-12,176.25,177.35000610351562,173.1999969482422,174.1999969482422,263709
2016-07-13,175.10000610351562,175.8000030517578,172.0500030517578,173.25,321107
2016-07-14,173.39999389648438,174.39999389648438,170.5500030517578,171.64999389648438,551558
2016-07-15,172.25,176.4499969482422,170.10000610351562,170.6999969482422,702266
2016-07-18,171.3000030517578,172.9499969482422,168.1999969482422,169.14999389648438,257352
2016-07-19,168.6999969482422,168.8000030517578,166.5,168.0500030517578,365666
2016-07-20,168.0500030517578,175.5,167.0,174.25,1850955
2016-07-21,175.4499969482422,175.4499969482422,171.0500030517578,171.5500030517578,248453
2016-07-22,171.0,172.35000610351562,170.0500030517578,170.85000610351562,255441
2016-07-25,171.9499969482422,172.39999389648438,169.89999389648438,170.1999969482422,448593
2016-07-26,170.8000030517578,177.25,170.3000030517578,173.25,758261
2016-07-27,173.35000610351562,175.8000030517578,172.1999969482422,173.4499969482422,247108
2016-07-28,174.0500030517578,174.8000030517578,172.5,173.64999389648438,249187
2016-07-29,173.3000030517578,173.60000610351562,168.8000030517578,169.5500030517578,509871
2016-08-01,170.0500030517578,172.4499969482422,169.25,171.0,594408
2016-08-02,173.0,179.35000610351562,170.25,171.85000610351562,2150801
2016-08-03,159.8000030517578,175.89999389648438,159.8000030517578,173.64999389648438,2704211
2016-08-04,174.25,175.8000030517578,169.5,174.89999389648438,696020
2016-08-05,175.14999389648438,179.0,172.9499969482422,177.60000610351562,774041
2016-08-08,177.60000610351562,188.3999938964844,177.60000610351562,186.6499938964844,1719043
2016-08-09,186.5,188.8000030517578,183.0,187.5,559900
2016-08-10,187.75,188.6000061035156,181.0,183.4499969482422,384926
2016-08-11,183.1000061035156,184.8000030517578,178.0,179.64999389648438,509880
2016-08-12,179.89999389648438,184.25,179.35000610351562,181.75,238831
2016-08-16,183.6499938964844,184.8000030517578,176.89999389648438,178.89999389648438,433829
2016-08-17,179.8000030517578,181.5500030517578,177.25,178.5500030517578,332671
2016-08-18,178.35000610351562,180.0,177.0,177.5500030517578,440120
2016-08-19,177.5500030517578,188.6000061035156,177.5500030517578,187.25,908647
2016-08-22,188.3000030517578,188.9499969482422,182.25,183.0500030517578,369814
2016-08-23,183.3999938964844,183.8500061035156,179.4499969482422,180.5500030517578,260898
2016-08-24,180.75,186.5,179.60000610351562,183.4499969482422,339523
2016-08-25,184.4499969482422,188.25,181.1999969482422,187.4499969482422,750023
2016-08-26,188.0,196.0,184.0,193.6000061035156,1218836
2016-08-29,193.8000030517578,195.6499938964844,187.1499938964844,188.5500030517578,536314
2016-08-30,189.6999969482422,193.3999938964844,188.3000030517578,190.3999938964844,351383
2016-08-31,190.0500030517578,193.25,187.3000030517578,188.4499969482422,302392
2016-09-01,188.6499938964844,189.8999938964844,182.8000030517578,184.5,232852
2016-09-02,183.9499969482422,185.5,181.1999969482422,181.8999938964844,212080
2016-09-06,183.1000061035156,189.6000061035156,182.5500030517578,188.5500030517578,523400
2016-09-07,188.75,188.75,182.5,183.8500061035156,387618
2016-09-08,183.8500061035156,183.8500061035156,180.10000610351562,181.3999938964844,380659
2016-09-09,181.4499969482422,185.8000030517578,181.3500061035156,182.6499938964844,307568
2016-09-12,179.5,181.0,178.0,178.8000030517578,184293
2016-09-14,178.10000610351562,181.0,178.0,179.5,146198
2016-09-15,179.89999389648438,183.5500030517578,179.5,180.3999938964844,231279
2016-09-16,181.8000030517578,184.0,179.0500030517578,179.6999969482422,313167
2016-09-19,180.75,181.8500061035156,177.0,177.3000030517578,264511
2016-09-20,177.8000030517578,178.8000030517578,174.8000030517578,175.4499969482422,322825
2016-09-21,176.0,184.0,174.6999969482422,182.0500030517578,669608
2016-09-22,187.5,191.0,184.5,189.75,1566577
2016-09-23,190.0,190.3999938964844,183.25,184.1000061035156,482502
2016-09-26,183.0500030517578,192.3000030517578,183.0500030517578,189.8999938964844,831273
2016-09-27,189.1999969482422,191.0,180.5500030517578,182.6999969482422,585154
2016-09-28,183.1000061035156,186.0,180.25,182.3000030517578,780790
2016-09-29,183.0,184.6000061035156,170.1999969482422,175.10000610351562,985639
2016-09-30,175.0,181.9499969482422,171.3000030517578,180.3000030517578,1074807
2016-10-03,181.4499969482422,183.6000061035156,179.25,180.3000030517578,603755
2016-10-04,180.25,181.8999938964844,177.9499969482422,179.6999969482422,449587
2016-10-05,180.0,184.8500061035156,178.64999389648438,183.0500030517578,1044246
2016-10-06,184.1999969482422,186.0,180.0,180.8500061035156,715957
2016-10-07,180.6999969482422,181.75,178.89999389648438,179.5500030517578,314674
2016-10-10,179.60000610351562,181.5500030517578,178.8000030517578,179.35000610351562,286478
2016-10-13,179.25,179.5500030517578,172.10000610351562,173.35000610351562,668936
2016-10-14,173.5,175.5,172.75,173.10000610351562,426873
2016-10-17,172.60000610351562,173.64999389648438,170.0,170.3000030517578,571520
2016-10-18,171.10000610351562,172.0,169.39999389648438,170.10000610351562,721355
2016-10-19,171.0,171.5,168.39999389648438,169.10000610351562,634397
2016-10-20,170.0,173.9499969482422,170.0,173.10000610351562,987209
2016-10-21,173.3000030517578,177.64999389648438,173.0,175.0,1023846
2016-10-24,175.35000610351562,178.25,173.39999389648438,176.64999389648438,632837
2016-10-25,177.0,177.75,174.5,174.89999389648438,215769
2016-10-26,174.8000030517578,177.0,173.39999389648438,174.14999389648438,933442
2016-10-27,174.0,175.0,170.60000610351562,172.1999969482422,542548
2016-10-28,169.89999389648438,176.25,169.0,173.3000030517578,895925
2016-11-01,175.0,178.0,172.25,176.0,465522
2016-11-02,174.8000030517578,181.3999938964844,173.10000610351562,179.3000030517578,1244131
2016-11-03,180.3999938964844,182.5,176.60000610351562,179.6999969482422,773705
2016-11-04,178.5,180.8999938964844,175.0500030517578,176.10000610351562,539972
2016-11-07,177.0500030517578,179.5,176.6999969482422,178.64999389648438,299521
2016-11-08,179.4499969482422,180.25,176.5500030517578,177.35000610351562,251903
2016-11-09,167.8000030517578,174.14999389648438,161.35000610351562,173.10000610351562,838422
2016-11-10,175.39999389648438,177.89999389648438,175.0,175.64999389648438,269821
2016-11-11,173.64999389648438,175.3000030517578,170.0500030517578,170.5500030517578,342271
2016-11-15,169.89999389648438,171.0500030517578,161.89999389648438,165.60000610351562,437289
2016-11-16,167.60000610351562,170.9499969482422,162.64999389648438,164.64999389648438,223423
2016-11-17,164.64999389648438,165.5,161.4499969482422,162.14999389648438,197891
2016-11-18,161.0,165.75,159.3000030517578,164.25,375289
2016-11-21,166.8000030517578,169.6999969482422,165.10000610351562,168.75,769157
2016-11-22,169.5,170.89999389648438,164.4499969482422,167.10000610351562,799561
2016-11-23,168.0,169.39999389648438,165.8000030517578,168.0,232358
2016-11-24,167.10000610351562,172.89999389648438,166.25,171.5,708672
2016-11-25,171.5,172.9499969482422,169.75,170.60000610351562,122718
2016-11-28,170.6999969482422,175.89999389648438,169.75,173.64999389648438,467136
2016-11-29,173.6999969482422,175.8000030517578,172.1999969482422,172.75,193452
2016-11-30,173.25,179.0,172.5500030517578,178.35000610351562,645902
2016-12-01,179.14999389648438,179.9499969482422,175.5,176.25,238730
2016-12-02,174.1999969482422,180.0,174.1999969482422,177.0,379454
2016-12-05,176.0,176.85000610351562,173.0,174.64999389648438,163245
2016-12-06,178.4499969482422,183.6999969482422,176.0,181.5,937904
2016-12-07,185.8000030517578,189.0,180.3999938964844,181.6499938964844,2147078
2016-12-08,184.0,184.6499938964844,180.8000030517578,182.3999938964844,383661
2016-12-09,183.0,183.9499969482422,180.6000061035156,181.8999938964844,303818
2016-12-12,181.5,189.0,181.1499938964844,188.1000061035156,984137
2016-12-13,190.25,190.4499969482422,185.25,185.8999938964844,766198
2016-12-14,186.0,187.1999969482422,181.3000030517578,182.3000030517578,281583
2016-12-15,180.0,185.0,180.0,182.5500030517578,223642
2016-12-16,182.8999938964844,183.6999969482422,179.1999969482422,179.5,227513
2016-12-19,179.39999389648438,181.5,177.10000610351562,179.0500030517578,300496
2016-12-20,179.0,180.6000061035156,175.89999389648438,176.64999389648438,146990
2016-12-21,176.9499969482422,178.89999389648438,176.5,177.10000610351562,145679
2016-12-22,178.0,178.25,172.8000030517578,173.5,286957
2016-12-23,172.89999389648438,176.3000030517578,171.5500030517578,174.0,372027
2016-12-26,173.0,174.1999969482422,170.0,172.85000610351562,393473
2016-12-27,172.85000610351562,174.0,170.85000610351562,173.4499969482422,138319
2016-12-28,173.89999389648438,178.39999389648438,173.0,175.8000030517578,389317
2016-12-29,174.9499969482422,179.8000030517578,173.5500030517578,177.75,322167
2016-12-30,178.1999969482422,180.3000030517578,176.64999389648438,179.0,301976
2017-01-02,179.0,179.35000610351562,177.3000030517578,177.9499969482422,199774
2017-01-03,178.14999389648438,178.85000610351562,176.25,178.14999389648438,391794
2017-01-04,178.39999389648438,180.3000030517578,177.10000610351562,179.0,262106
2017-01-05,179.39999389648438,182.1999969482422,179.0,181.6999969482422,334776
2017-01-06,182.1000061035156,183.0,178.35000610351562,179.10000610351562,408136
2017-01-09,179.1999969482422,181.25,178.35000610351562,179.0,139377
2017-01-10,179.1999969482422,181.3500061035156,178.3000030517578,179.85000610351562,295374
2017-01-11,180.0,181.3999938964844,178.3000030517578,179.0500030517578,370361
2017-01-12,179.4499969482422,189.8500061035156,178.60000610351562,185.9499969482422,1965271
2017-01-13,187.3999938964844,188.3000030517578,184.3000030517578,186.0,756601
2017-01-16,185.1000061035156,187.8999938964844,184.1000061035156,186.0500030517578,250517
2017-01-17,186.3000030517578,187.1999969482422,183.1999969482422,186.0500030517578,342879
2017-01-18,186.25,188.8999938964844,185.3500061035156,186.0,293068
2017-01-19,186.0,201.0,185.1999969482422,197.75,15133951
2017-01-20,199.3999938964844,200.8000030517578,191.6499938964844,192.6999969482422,2428314
2017-01-23,193.5,197.6999969482422,193.25,194.5,552538
2017-01-24,195.1499938964844,198.3500061035156,194.0500030517578,196.3500061035156,825448
2017-01-25,196.6499938964844,197.0,194.0,194.8000030517578,957529
2017-01-27,196.1499938964844,204.9499969482422,194.1999969482422,203.4499969482422,1946165
2017-01-30,203.0,203.9499969482422,195.3500061035156,196.1000061035156,1068821
2017-01-31,197.0,200.9499969482422,192.25,194.0500030517578,755423
2017-02-01,194.9499969482422,199.6999969482422,193.0,198.3500061035156,631920
2017-02-02,197.3500061035156,201.4499969482422,195.5,196.3500061035156,569642
2017-02-03,196.9499969482422,199.9499969482422,195.8500061035156,198.1000061035156,498284
2017-02-06,198.75,200.5,197.25,198.0,248408
2017-02-07,198.0,211.4499969482422,196.6499938964844,209.5,2622143
2017-02-08,210.0,211.8500061035156,207.5,209.8999938964844,949220
2017-02-09,210.25,214.1999969482422,207.75,208.3000030517578,583867
2017-02-10,194.5,211.0,194.5,208.5,4407707
2017-02-13,208.0,208.8500061035156,201.6999969482422,206.5500030517578,592801
2017-02-14,206.9499969482422,211.1999969482422,205.0,206.9499969482422,615576
2017-02-15,206.6499938964844,207.3999938964844,199.8000030517578,201.1000061035156,497574
2017-02-16,202.1999969482422,205.1499938964844,201.25,204.1999969482422,273723
2017-02-17,205.0,207.8999938964844,202.9499969482422,206.5500030517578,315023
2017-02-20,206.25,208.5,204.3000030517578,206.25,259646
2017-02-21,206.1999969482422,207.1999969482422,204.1000061035156,205.8500061035156,217871
2017-02-22,206.1999969482422,213.1499938964844,203.6499938964844,205.3000030517578,1270518
2017-02-23,203.9499969482422,206.6999969482422,199.4499969482422,200.3500061035156,1065586
2017-02-27,201.1999969482422,204.8500061035156,201.0,202.6000061035156,617853
2017-02-28,202.8000030517578,208.1000061035156,202.75,205.3000030517578,607380
2017-03-01,205.1999969482422,211.8999938964844,204.9499969482422,207.5,764289
2017-03-02,208.5,208.9499969482422,200.0500030517578,201.0,404428
2017-03-03,199.5,202.6499938964844,199.5,200.8500061035156,515606
2017-03-06,201.0,203.8999938964844,198.8000030517578,200.25,1055691
2017-03-07,201.5500030517578,204.9499969482422,200.1499938964844,200.6499938964844,563346
2017-03-08,201.0,202.1999969482422,197.8500061035156,199.5,591011
2017-03-09,198.6999969482422,201.3000030517578,194.4499969482422,194.9499969482422,623140
2017-03-10,196.1000061035156,197.6499938964844,193.25,194.3999938964844,433195
2017-03-14,201.0,201.5,195.25,195.9499969482422,632244
2017-03-15,196.3500061035156,198.3000030517578,190.5,191.1999969482422,1020717
2017-03-16,192.8000030517578,204.0,191.8000030517578,200.9499969482422,2347922
2017-03-17,204.0,211.4499969482422,202.1999969482422,210.1499938964844,2706819
2017-03-20,207.75,217.0,207.75,215.0500030517578,1310713
2017-03-21,216.0,218.75,214.25,215.6000061035156,1337188
2017-03-22,212.1999969482422,217.5500030517578,211.1000061035156,215.1000061035156,1249508
2017-03-23,215.1000061035156,222.25,215.1000061035156,218.6499938964844,1471500
2017-03-24,220.3500061035156,223.8500061035156,216.1499938964844,216.75,655199
2017-03-27,216.0,218.0500030517578,213.75,215.0500030517578,506108
2017-03-28,215.3500061035156,219.0,215.1000061035156,217.0,485271
2017-03-29,218.3999938964844,228.3999938964844,218.0500030517578,224.3500061035156,1889996
2017-03-30,225.8999938964844,241.9499969482422,223.8000030517578,236.5,1384323
2017-03-31,233.1000061035156,239.6499938964844,226.75,230.3500061035156,2156050
2017-04-03,230.1999969482422,238.8500061035156,223.5,236.3999938964844,1492653
2017-04-05,235.3999938964844,237.75,232.8500061035156,234.0,473577
2017-04-06,233.9499969482422,237.6499938964844,230.5,231.6000061035156,442310
2017-04-07,231.5,233.3000030517578,226.1999969482422,229.75,845494
2017-04-10,229.5,230.8999938964844,220.3000030517578,221.5500030517578,919360
2017-04-11,222.5500030517578,225.5500030517578,216.8999938964844,222.1499938964844,1374863
2017-04-12,221.5,222.4499969482422,213.3999938964844,214.8000030517578,932795
2017-04-13,214.8999938964844,217.5,209.5,215.4499969482422,1198520
2017-04-17,216.0,220.25,212.0,212.8000030517578,644185
2017-04-18,213.6000061035156,222.8999938964844,212.8999938964844,214.3000030517578,753154
2017-04-19,214.9499969482422,221.9499969482422,213.1999969482422,221.3999938964844,950721
2017-04-20,222.0,225.6999969482422,219.5,224.4499969482422,1244441
2017-04-21,224.8999938964844,229.0,218.1000061035156,219.6499938964844,1011168
2017-04-24,220.8999938964844,235.0,219.6000061035156,232.25,1868792
2017-04-25,232.5,232.8999938964844,226.3999938964844,231.3000030517578,962120
2017-04-26,231.8999938964844,235.3999938964844,223.6499938964844,227.1000061035156,1177896
2017-04-27,227.0,233.1999969482422,222.1499938964844,227.3500061035156,1390952
2017-04-28,227.0,229.8500061035156,225.5,227.25,427422
2017-05-02,227.4499969482422,228.9499969482422,221.1000061035156,223.8500061035156,609629
2017-05-03,224.1000061035156,227.0,220.4499969482422,222.4499969482422,471533
2017-05-04,222.5,224.6499938964844,218.3500061035156,220.0,861286
2017-05-05,220.0,223.1999969482422,217.5500030517578,218.8999938964844,940671
2017-05-08,219.75,227.5,217.5500030517578,224.5,1460821
2017-05-09,225.75,228.8500061035156,224.0,226.0,1154638
2017-05-10,228.0,229.8000030517578,225.3999938964844,226.5,657613
2017-05-11,226.9499969482422,228.8000030517578,222.25,223.5,682458
2017-05-12,223.0,226.3500061035156,211.1499938964844,213.6999969482422,1374613
2017-05-15,214.0,215.6499938964844,211.6000061035156,214.1000061035156,684175
2017-05-16,214.3999938964844,217.6000061035156,210.5500030517578,213.6999969482422,1137060
2017-05-17,213.9499969482422,217.1000061035156,213.5,214.3500061035156,458404
2017-05-18,213.0,214.6999969482422,201.0,202.6000061035156,889149
2017-05-19,205.0,208.8999938964844,201.4499969482422,204.8000030517578,716598
2017-05-22,205.8000030517578,207.1499938964844,196.0,198.1499938964844,963566
2017-05-23,198.6999969482422,198.6999969482422,187.1000061035156,188.8500061035156,1071159
2017-05-24,192.3999938964844,201.8000030517578,191.0,194.8000030517578,2329608
2017-05-25,196.1499938964844,199.8999938964844,191.8999938964844,198.6999969482422,799812
2017-05-26,197.9499969482422,198.0500030517578,193.1999969482422,194.6000061035156,684351
2017-05-29,194.75,195.3500061035156,185.0500030517578,186.1499938964844,829481
2017-05-30,185.0,189.8500061035156,181.5,187.75,1012052
2017-05-31,187.5500030517578,192.0,186.5,190.8000030517578,792726
2017-06-01,192.8000030517578,193.25,188.1000061035156,190.3000030517578,432685
2017-06-02,190.5,192.3500061035156,189.1000061035156,190.1999969482422,247772
2017-06-05,192.0,193.0,188.8500061035156,190.6000061035156,481556
2017-06-06,190.9499969482422,191.1000061035156,185.9499969482422,189.1499938964844,400371
2017-06-07,189.3999938964844,191.8000030517578,186.0500030517578,189.8500061035156,365104
2017-06-08,187.75,192.3000030517578,186.5,190.6499938964844,541914
2017-06-09,190.8999938964844,191.5,186.5,187.6000061035156,416701
2017-06-12,186.9499969482422,192.3500061035156,183.3000030517578,185.3000030517578,1157007
2017-06-13,186.8999938964844,186.8999938964844,182.6999969482422,183.4499969482422,343040
2017-06-14,184.0,186.3999938964844,178.6999969482422,184.6499938964844,2050118
2017-06-15,184.0,188.8000030517578,182.8999938964844,186.1499938964844,542115
2017-06-16,186.1499938964844,187.3999938964844,183.25,184.25,402769
2017-06-19,184.5,184.75,179.5,181.5500030517578,800312
2017-06-20,182.0,187.4499969482422,181.6999969482422,187.1000061035156,593268
2017-06-21,186.6999969482422,187.9499969482422,182.5,183.1999969482422,705927
2017-06-22,183.3999938964844,184.5500030517578,179.5,180.4499969482422,461691
2017-06-23,181.0,181.8500061035156,175.3000030517578,176.3000030517578,414909
2017-06-27,177.6999969482422,177.6999969482422,171.5,174.5,432028
2017-06-28,174.0,176.60000610351562,172.3000030517578,174.1999969482422,456158
2017-06-29,175.60000610351562,180.1999969482422,174.60000610351562,177.25,1727408
2017-06-30,176.8000030517578,178.4499969482422,175.0,177.64999389648438,268544
2017-07-03,179.9499969482422,179.9499969482422,177.0,178.3000030517578,310039
2017-07-04,178.3000030517578,185.6000061035156,177.60000610351562,184.1000061035156,1007768
2017-07-05,185.5,191.0,184.5,189.9499969482422,959562
2017-07-06,191.0,192.1499938964844,186.75,187.4499969482422,525403
2017-07-07,187.4499969482422,189.0,184.8000030517578,185.9499969482422,467344
2017-07-10,188.5,190.0500030517578,185.0,189.1000061035156,247136
2017-07-11,189.0,191.3999938964844,186.1999969482422,187.1499938964844,570112
2017-07-12,187.0,189.6000061035156,185.5500030517578,186.8000030517578,266454
2017-07-13,188.0,189.75,184.25,185.3500061035156,451332
2017-07-14,185.25,186.3500061035156,181.3999938964844,182.0,590608
2017-07-17,183.0,184.8999938964844,181.0500030517578,181.6499938964844,355810
2017-07-18,181.0,182.9499969482422,179.3000030517578,180.6999969482422,566386
2017-07-19,181.0,183.8999938964844,180.3999938964844,183.1499938964844,236229
2017-07-20,183.8999938964844,184.5,180.4499969482422,181.1499938964844,348548
2017-07-21,182.1999969482422,183.4499969482422,179.8000030517578,180.5,591117
2017-07-24,180.5,181.6999969482422,179.0,179.64999389648438,327637
2017-07-25,180.10000610351562,180.3000030517578,176.64999389648438,178.10000610351562,507820
2017-07-26,178.10000610351562,181.1999969482422,177.3000030517578,179.25,462505
2017-07-27,179.14999389648438,182.8999938964844,178.5,179.39999389648438,2313909
2017-07-28,179.6999969482422,183.8000030517578,178.5,182.1999969482422,535113
2017-07-31,183.0500030517578,183.8999938964844,180.0,181.9499969482422,513209
2017-08-01,182.0,190.3500061035156,180.1999969482422,181.8999938964844,7090360
2017-08-02,183.3500061035156,186.3500061035156,182.0,183.1499938964844,1843166
2017-08-03,183.6999969482422,186.9499969482422,181.8999938964844,183.6999969482422,2521679
2017-08-04,183.0,189.4499969482422,183.0,187.25,3249090
2017-08-07,195.0,203.75,193.0,201.6000061035156,5062608
2017-08-08,203.0,203.6999969482422,193.1000061035156,197.8999938964844,2375567
2017-08-09,197.0,201.8500061035156,194.0,195.5,1416685
2017-08-10,193.5,197.3999938964844,186.6999969482422,189.3000030517578,1286165
2017-08-11,186.8999938964844,195.3999938964844,183.3999938964844,194.1000061035156,1853074
2017-08-14,197.3500061035156,204.8999938964844,196.1000061035156,203.0500030517578,1916983
2017-08-16,205.8500061035156,213.8999938964844,205.6999969482422,211.1000061035156,3546280
2017-08-17,212.8000030517578,216.8000030517578,210.3000030517578,211.25,1665613
2017-08-18,209.9499969482422,215.5,206.1000061035156,214.1000061035156,1736659
2017-08-21,215.5500030517578,218.8999938964844,210.5,211.6000061035156,1373741
2017-08-22,217.0,217.0,207.3999938964844,208.5500030517578,1419907
2017-08-23,210.1499938964844,211.4499969482422,207.6499938964844,209.3500061035156,782745
2017-08-24,209.6999969482422,212.0,208.6999969482422,209.9499969482422,726706
2017-08-28,211.3999938964844,215.3999938964844,210.0500030517578,213.6499938964844,1024247
2017-08-29,212.3999938964844,214.3999938964844,209.1000061035156,210.3999938964844,852495
2017-08-30,211.6000061035156,215.3999938964844,211.3000030517578,211.8999938964844,1049800
2017-08-31,212.5,214.0,209.3000030517578,210.1499938964844,1872653
2017-09-01,210.3999938964844,213.1000061035156,210.1499938964844,211.1499938964844,512468
2017-09-04,210.0,219.1000061035156,207.5,217.25,2235549
2017-09-05,219.0,223.3000030517578,217.5,220.5,2426127
2017-09-06,218.0,222.0,217.0,219.0500030517578,1099911
2017-09-07,220.0,221.8999938964844,217.3999938964844,218.0,557197
2017-09-08,218.8999938964844,226.8999938964844,218.3000030517578,223.6000061035156,2707449
2017-09-11,225.0,228.1999969482422,223.6999969482422,226.1499938964844,1235056
2017-09-12,226.5,229.3000030517578,225.6000061035156,227.8999938964844,1640215
2017-09-13,228.25,231.8999938964844,221.75,222.6999969482422,2342078
2017-09-14,222.8999938964844,226.5500030517578,222.8000030517578,223.9499969482422,1253548
2017-09-15,223.0,224.3500061035156,218.5,220.1999969482422,915004
2017-09-18,221.8999938964844,224.75,221.6999969482422,222.6999969482422,664842
2017-09-19,223.0,228.1000061035156,222.6499938964844,226.0,918059
2017-09-20,230.5,232.8500061035156,228.0,229.6000061035156,2520698
2017-09-21,230.3999938964844,232.5,225.75,227.6499938964844,1600639
2017-09-22,227.0500030517578,227.1000061035156,214.3000030517578,215.6999969482422,1145602
2017-09-25,214.6999969482422,221.6999969482422,209.1999969482422,219.6999969482422,1888111
2017-09-26,218.3000030517578,221.6000061035156,216.8999938964844,217.6000061035156,741237
2017-09-27,217.6999969482422,218.0500030517578,208.75,210.0500030517578,606655
2017-09-28,210.0500030517578,216.1499938964844,207.6999969482422,208.8000030517578,1132214
2017-09-29,210.1000061035156,214.0,209.5500030517578,210.6000061035156,965460
2017-10-03,212.1999969482422,214.5,210.5,211.8500061035156,440358
2017-10-04,212.25,215.3999938964844,210.5,212.5500030517578,1020057
2017-10-05,212.9499969482422,217.3999938964844,212.5,216.5,403625
2017-10-06,218.6999969482422,220.8999938964844,217.0500030517578,218.8999938964844,569162
2017-10-09,219.6000061035156,220.25,214.0,215.9499969482422,586216
2017-10-10,217.25,217.3000030517578,213.0,215.0,348452
2017-10-11,215.0,219.1499938964844,211.3999938964844,213.8999938964844,633054
2017-10-12,215.6999969482422,227.3500061035156,214.0500030517578,226.1000061035156,1937586
2017-10-13,227.3500061035156,234.8999938964844,225.25,233.1000061035156,2233325
2017-10-16,236.0,236.75,228.6000061035156,234.75,1869197
2017-10-17,235.8999938964844,244.25,231.0,242.1000061035156,1473422
2017-10-18,243.0,246.3000030517578,240.8000030517578,243.4499969482422,1280802
2017-10-19,244.0,249.75,243.0,248.1499938964844,757624
2017-10-23,249.9499969482422,272.5,248.1499938964844,265.3999938964844,3870616
2017-10-24,271.0,277.95001220703125,264.04998779296875,266.79998779296875,4012762
2017-10-25,267.6000061035156,273.0,261.54998779296875,268.8500061035156,2269446
2017-10-26,269.3999938964844,270.1000061035156,262.95001220703125,265.04998779296875,2095735
2017-10-27,266.79998779296875,274.0,265.5,270.3500061035156,1348094
2017-10-30,268.79998779296875,278.5,266.95001220703125,276.54998779296875,1300024
2017-10-31,275.0,277.1499938964844,268.29998779296875,271.29998779296875,1223021
2017-11-01,273.0,285.29998779296875,270.6000061035156,283.1000061035156,2552028
2017-11-02,285.0,285.6000061035156,275.54998779296875,280.29998779296875,1734986
2017-11-03,280.8500061035156,283.0,273.0,273.8999938964844,1220405
2017-11-06,274.3999938964844,276.20001220703125,269.1000061035156,272.1000061035156,1400545
2017-11-07,285.95001220703125,288.54998779296875,271.29998779296875,274.1499938964844,4137723
2017-11-08,276.8999938964844,278.3999938964844,267.20001220703125,269.95001220703125,716299
2017-11-09,270.8999938964844,272.8999938964844,259.8500061035156,266.04998779296875,1209696
2017-11-10,264.95001220703125,269.04998779296875,260.5,262.45001220703125,1189862
2017-11-13,262.8999938964844,265.29998779296875,253.8000030517578,254.9499969482422,595829
2017-11-14,255.1000061035156,259.0,249.8500061035156,250.8000030517578,1392706
2017-11-15,251.3999938964844,255.6499938964844,245.6000061035156,248.8999938964844,863211
2017-11-16,250.5500030517578,262.8999938964844,249.6000061035156,261.70001220703125,1381554
2017-11-17,265.0,266.5,260.54998779296875,262.8500061035156,956436
2017-11-20,262.95001220703125,271.8500061035156,262.1499938964844,269.0,1261309
2017-11-21,270.0,273.0,265.25,267.25,965599
2017-11-22,268.3999938964844,269.70001220703125,264.0,267.8500061035156,688834
2017-11-23,267.95001220703125,273.79998779296875,266.1000061035156,270.3999938964844,1157412
2017-11-24,268.5,273.8500061035156,268.5,272.1000061035156,1010646
2017-11-27,270.5,279.04998779296875,270.04998779296875,278.0,1292242
2017-11-28,277.0,289.0,275.8999938964844,286.1000061035156,2828699
2017-11-29,284.6000061035156,287.6000061035156,278.20001220703125,279.75,957272
2017-11-30,278.0,288.45001220703125,275.54998779296875,286.3999938964844,3142851
2017-12-01,283.70001220703125,286.8500061035156,273.6000061035156,274.8500061035156,1648093
2017-12-04,275.0,278.6000061035156,266.70001220703125,271.70001220703125,862015
2017-12-05,269.04998779296875,272.8500061035156,265.5,271.8999938964844,665458
2017-12-06,268.5,274.0,263.5,264.6499938964844,1023584
2017-12-07,265.79998779296875,272.0,264.3999938964844,270.5,662843
2017-12-08,275.5,278.8999938964844,271.5,272.79998779296875,995184
2017-12-11,273.25,276.75,270.3500061035156,271.75,753322
2017-12-12,271.5,271.75,264.8999938964844,266.20001220703125,389492
2017-12-13,264.5,267.0,255.1000061035156,257.6499938964844,896892
2017-12-14,258.8999938964844,265.29998779296875,252.5,263.45001220703125,961857
2017-12-15,267.04998779296875,268.75,262.3999938964844,264.25,793079
2017-12-18,263.5,267.45001220703125,249.8000030517578,263.0,1041618
2017-12-19,263.6499938964844,269.45001220703125,263.3999938964844,266.45001220703125,587437
2017-12-20,265.04998779296875,272.20001220703125,265.04998779296875,268.79998779296875,1192538
2017-12-21,267.5,279.0,266.25,277.1499938964844,1715562
2017-12-22,280.0,280.8999938964844,273.04998779296875,274.1000061035156,1570805
2017-12-26,273.8999938964844,277.0,272.70001220703125,273.8999938964844,906433
2017-12-27,273.6000061035156,281.0,272.54998779296875,274.8500061035156,1509906
2017-12-28,274.29998779296875,276.29998779296875,270.6000061035156,271.5,726539
2017-12-29,272.1499938964844,284.5,272.1499938964844,283.25,2249297
2018-01-01,284.0,293.25,279.1499938964844,284.95001220703125,2175223
2018-01-02,285.25,286.8999938964844,275.70001220703125,277.8500061035156,1251589
2018-01-03,279.95001220703125,281.70001220703125,276.6000061035156,278.25,895484
2018-01-04,279.20001220703125,282.3500061035156,276.79998779296875,280.6000061035156,731877
2018-01-05,278.79998779296875,285.70001220703125,278.1000061035156,280.45001220703125,1060647
2018-01-08,280.0,285.0,279.6000061035156,283.75,1634150
2018-01-09,283.75,291.95001220703125,280.04998779296875,290.1000061035156,2228895
2018-01-10,292.0,299.75,291.1000061035156,293.6499938964844,3622501
2018-01-11,292.0,296.70001220703125,289.5,291.79998779296875,1217681
2018-01-12,292.8500061035156,303.8500061035156,290.3999938964844,294.54998779296875,3863749
2018-01-15,295.0,297.1499938964844,290.1499938964844,291.6000061035156,719755
2018-01-16,291.54998779296875,292.6499938964844,280.0,281.54998779296875,759804
2018-01-17,281.5,292.70001220703125,274.1000061035156,291.45001220703125,1434468
2018-01-18,292.3500061035156,295.70001220703125,282.20001220703125,292.95001220703125,2972725
2018-01-19,292.3999938964844,305.29998779296875,287.5,302.79998779296875,2871058
2018-01-22,303.0,307.3500061035156,296.6000061035156,305.6000061035156,1204860
2018-01-23,303.5,305.8999938964844,295.54998779296875,297.29998779296875,1114639
2018-01-24,296.95001220703125,297.3999938964844,290.25,292.45001220703125,683576
2018-01-25,292.79998779296875,296.3999938964844,283.0,284.25,1518962
2018-01-29,284.0,286.8999938964844,279.0,280.70001220703125,1047030
2018-01-30,279.0,283.75,277.3999938964844,279.5,963267
2018-01-31,279.0,290.75,275.25,285.45001220703125,1416923
2018-02-01,284.5,285.0,273.70001220703125,277.5,875146
2018-02-02,275.5,275.5,256.04998779296875,261.45001220703125,888189
2018-02-05,251.5,257.6000061035156,244.8500061035156,252.75,1378836
2018-02-06,240.0,246.3000030517578,230.0,242.5500030517578,1747168
2018-02-07,246.6999969482422,249.75,239.6000061035156,245.75,1096471
2018-02-08,256.0,263.3999938964844,251.1499938964844,257.5,3375631
2018-02-09,249.0,269.25,248.0500030517578,268.5,2067974
2018-02-12,271.95001220703125,275.3999938964844,268.1000061035156,270.1000061035156,1149505
2018-02-14,271.3500061035156,275.95001220703125,270.1000061035156,271.79998779296875,1070510
2018-02-15,278.70001220703125,278.70001220703125,265.79998779296875,269.54998779296875,1576373
2018-02-16,270.8999938964844,273.8999938964844,263.79998779296875,265.6499938964844,432799
2018-02-19,265.0,266.1499938964844,257.1000061035156,259.75,409325
2018-02-20,259.5,265.95001220703125,257.3500061035156,262.1499938964844,1904616
2018-02-21,263.8500061035156,266.1000061035156,258.25,260.6499938964844,1372569
2018-02-22,257.25,260.3999938964844,252.8500061035156,254.3500061035156,1513731
2018-02-23,255.6999969482422,265.5,254.75,263.79998779296875,1153410
2018-02-26,264.79998779296875,280.04998779296875,262.3500061035156,278.1499938964844,2107058
2018-02-27,280.20001220703125,280.70001220703125,269.0,269.79998779296875,1403888
2018-02-28,268.0,268.75,262.29998779296875,264.6499938964844,858778
2018-03-01,264.0,272.6000061035156,263.6000061035156,266.1499938964844,950377
2018-03-05,266.45001220703125,266.45001220703125,255.6499938964844,258.04998779296875,1588224
2018-03-06,259.0,266.29998779296875,257.5,258.70001220703125,2256273
2018-03-07,257.70001220703125,260.5,250.1000061035156,253.5,1455078
2018-03-08,257.1000061035156,258.29998779296875,248.6000061035156,254.8999938964844,1570624
2018-03-09,256.29998779296875,257.0,250.3000030517578,252.25,703784
2018-03-12,254.8999938964844,255.8500061035156,249.25,254.0500030517578,624702
2018-03-13,253.6499938964844,258.70001220703125,252.9499969482422,254.6499938964844,604191
2018-03-14,253.3500061035156,255.3500061035156,249.1000061035156,250.9499969482422,943674
2018-03-15,250.6999969482422,256.0,249.3999938964844,252.6499938964844,708131
2018-03-16,252.6999969482422,255.75,249.0,251.1499938964844,481182
2018-03-19,250.5,251.75,239.1000061035156,240.0,1368083
2018-03-20,237.6999969482422,242.3500061035156,235.1499938964844,238.3500061035156,384759
2018-03-21,240.1000061035156,243.6000061035156,236.0,237.0500030517578,877119
2018-03-22,237.3000030517578,238.4499969482422,230.1000061035156,231.5,763575
2018-03-23,226.1999969482422,227.0,221.4499969482422,224.0,680048
2018-03-26,224.0,235.8999938964844,216.0,234.0,2123312
2018-03-27,234.8000030517578,236.6999969482422,230.8000030517578,232.75,995986
2018-03-28,229.8999938964844,232.5500030517578,226.1499938964844,229.25,2148981
2018-04-02,230.0,234.8999938964844,227.0,234.1000061035156,591771
2018-04-03,234.0,240.6499938964844,231.25,239.8500061035156,815521
2018-04-04,240.8999938964844,243.25,232.6499938964844,234.6000061035156,1247226
2018-04-05,238.6999969482422,244.1999969482422,237.4499969482422,242.5,697257
2018-04-06,242.5,249.5,239.5500030517578,247.8999938964844,746772
2018-04-09,248.9499969482422,252.75,244.25,250.8999938964844,822816
2018-04-10,251.0,252.0,247.0500030517578,249.1499938964844,562306
2018-04-11,249.0,249.75,245.1999969482422,247.8999938964844,310478
2018-04-12,247.8999938964844,249.1499938964844,245.1000061035156,246.6000061035156,533991
2018-04-13,245.3999938964844,249.6000061035156,242.0,243.8000030517578,577061
2018-04-16,243.3500061035156,244.3500061035156,240.5,241.75,511506
2018-04-17,242.0,244.4499969482422,238.9499969482422,240.25,625990
2018-04-18,242.0,242.3000030517578,236.3000030517578,238.3000030517578,582080
2018-04-19,239.1000061035156,240.3999938964844,236.6499938964844,238.4499969482422,553698
2018-04-20,237.9499969482422,238.1000061035156,231.3500061035156,232.75,887306
2018-04-23,232.3999938964844,242.0,231.8000030517578,240.1999969482422,2374664
2018-04-24,240.6000061035156,245.25,239.6499938964844,240.3500061035156,942536
2018-04-25,240.0,240.0,234.5500030517578,235.3999938964844,725366
2018-04-26,234.1999969482422,241.0,232.3000030517578,237.6499938964844,1673348
2018-04-27,239.5,243.75,238.6499938964844,241.1999969482422,381688
2018-04-30,241.5,248.6999969482422,240.5,247.0500030517578,759368
2018-05-02,247.1000061035156,250.5,240.8000030517578,241.6000061035156,449433
2018-05-03,239.1000061035156,245.3000030517578,239.1000061035156,242.75,456451
2018-05-04,241.8500061035156,244.5,240.1999969482422,241.5500030517578,589903
2018-05-07,241.3000030517578,243.8500061035156,239.1000061035156,241.1000061035156,382935
2018-05-08,240.6499938964844,243.8999938964844,238.3500061035156,242.6000061035156,710613
2018-05-09,240.3999938964844,244.8999938964844,239.3000030517578,242.5,524624
2018-05-10,241.0500030517578,244.0,233.1000061035156,234.75,340993
2018-05-11,234.8000030517578,239.0,232.75,235.0500030517578,632209
2018-05-14,234.0,235.6499938964844,226.3000030517578,228.8000030517578,762677
2018-05-15,228.0,233.5,226.3000030517578,227.8999938964844,526034
2018-05-16,225.0,230.6000061035156,222.6999969482422,226.1000061035156,472378
2018-05-17,226.3000030517578,234.8000030517578,224.3500061035156,232.8999938964844,816964
2018-05-18,231.3500061035156,232.8999938964844,223.8500061035156,224.6499938964844,343681
2018-05-21,224.6499938964844,227.4499969482422,217.25,218.6000061035156,517327
2018-05-22,217.75,225.3500061035156,215.25,222.6000061035156,642495
2018-05-23,219.5,224.3500061035156,211.8999938964844,214.0,921794
2018-05-24,214.6000061035156,217.8999938964844,212.8000030517578,216.3500061035156,502324
2018-05-25,216.3999938964844,231.3999938964844,216.3500061035156,230.0500030517578,723111
2018-05-28,230.0,238.9499969482422,230.0,237.75,658855
2018-05-29,239.0,243.8000030517578,234.0,242.1000061035156,1088680
2018-05-30,241.0,255.4499969482422,239.0,254.25,3050462
2018-05-31,255.0,276.3999938964844,250.25,262.29998779296875,3343579
2018-06-01,264.70001220703125,270.3999938964844,252.1999969482422,268.3999938964844,3370094
2018-06-04,269.0,271.0,257.1499938964844,261.0,784816
2018-06-05,258.1000061035156,259.6499938964844,247.8999938964844,249.25,1066897
2018-06-06,249.25,263.75,248.0,261.3999938964844,1654778
2018-06-07,261.29998779296875,265.5,258.1499938964844,264.20001220703125,654846
2018-06-08,260.25,260.70001220703125,254.5,257.3999938964844,774983
2018-06-11,259.0,261.70001220703125,256.25,257.45001220703125,534376
2018-06-12,257.0,265.79998779296875,254.25,264.3500061035156,1465209
2018-06-13,265.3999938964844,266.0,256.75,258.79998779296875,904985
2018-06-14,259.6000061035156,261.20001220703125,256.29998779296875,257.3500061035156,602574
2018-06-15,256.29998779296875,258.29998779296875,249.5,253.6000061035156,685662
2018-06-18,253.0,253.5500030517578,239.25,240.5,1369497
2018-06-19,239.0,244.4499969482422,234.75,237.1499938964844,837727
2018-06-20,236.3999938964844,243.25,233.4499969482422,240.75,1574414
2018-06-21,243.0,244.3000030517578,236.3500061035156,238.8000030517578,818606
2018-06-22,238.5,239.1999969482422,233.3500061035156,238.1499938964844,1064939
2018-06-25,238.5,239.6999969482422,231.3999938964844,233.4499969482422,378396
2018-06-26,231.0,232.3500061035156,225.1000061035156,227.8000030517578,703379
2018-06-27,225.6999969482422,227.1499938964844,215.6000061035156,219.9499969482422,1161757
2018-06-28,219.8000030517578,230.5,217.3500061035156,228.25,1697958
2018-06-29,226.1499938964844,232.6999969482422,225.5500030517578,227.1499938964844,811187
2018-07-02,226.0500030517578,227.1499938964844,220.3000030517578,223.9499969482422,990795
2018-07-03,223.9499969482422,224.5,218.5,220.3999938964844,748009
2018-07-04,221.3999938964844,222.8999938964844,215.1000061035156,218.25,826769
2018-07-05,218.0,221.8999938964844,217.6000061035156,219.75,321465
2018-07-06,218.0,228.9499969482422,218.0,225.3000030517578,582818
2018-07-09,226.0,231.5,226.0,230.3500061035156,666073
2018-07-10,230.5,236.6999969482422,230.5,233.75,667745
2018-07-11,232.8999938964844,235.25,227.5500030517578,229.6000061035156,571992
2018-07-12,229.8999938964844,232.3999938964844,224.4499969482422,226.3500061035156,426865
2018-07-13,225.0500030517578,227.5,219.6000061035156,225.6000061035156,420368
2018-07-16,225.6499938964844,226.4499969482422,218.5,219.3500061035156,373031
2018-07-17,217.3000030517578,228.0500030517578,216.6999969482422,226.1499938964844,436949
2018-07-18,225.0500030517578,227.9499969482422,218.1499938964844,221.4499969482422,348462
2018-07-19,221.9499969482422,224.5500030517578,216.6000061035156,222.8000030517578,742947
2018-07-20,220.5,222.8999938964844,218.5,221.9499969482422,532713
2018-07-23,222.0,227.5500030517578,219.6999969482422,225.5,532468
2018-07-24,225.5,233.0,225.5,231.4499969482422,678911
2018-07-25,233.0,247.1499938964844,229.1999969482422,242.9499969482422,1942064
2018-07-26,239.8999938964844,241.4499969482422,232.6000061035156,238.25,1481271
2018-07-27,239.8999938964844,242.3500061035156,233.75,235.8500061035156,739480
2018-07-30,235.0,241.8500061035156,233.6499938964844,237.0500030517578,662461
2018-07-31,237.8999938964844,242.1000061035156,235.3500061035156,240.4499969482422,606916
2018-08-01,242.3999938964844,246.0,232.0500030517578,236.1499938964844,1717698
2018-08-02,236.5,238.3500061035156,225.3999938964844,228.25,1795968
2018-08-03,228.6499938964844,234.8000030517578,228.6499938964844,233.6000061035156,744148
2018-08-06,232.0,235.6999969482422,228.3000030517578,230.1999969482422,683275
2018-08-07,230.9499969482422,233.5500030517578,225.0,231.6000061035156,687080
2018-08-08,232.75,233.8500061035156,228.8500061035156,231.25,517689
2018-08-09,230.1999969482422,233.5,229.3999938964844,231.5,413536
2018-08-10,230.5,232.8999938964844,226.6000061035156,227.6000061035156,417905
2018-08-13,225.0,228.5,222.6000061035156,224.6999969482422,403190
2018-08-14,224.75,228.8999938964844,222.5,228.1499938964844,619852
2018-08-16,224.6999969482422,233.6499938964844,224.6999969482422,231.8000030517578,962242
2018-08-17,230.8000030517578,234.3500061035156,226.5,227.8999938964844,917363
2018-08-20,228.3500061035156,236.0,227.1999969482422,233.8999938964844,859784
2018-08-21,233.8500061035156,250.5,233.3500061035156,249.6499938964844,2668028
2018-08-23,249.9499969482422,253.75,245.0500030517578,248.6999969482422,1979875
2018-08-24,249.0,257.0,244.6000061035156,247.3999938964844,1754867
2018-08-27,249.0500030517578,260.95001220703125,249.0,257.70001220703125,3120599
2018-08-28,260.0,264.70001220703125,252.3500061035156,263.1499938964844,2375098
2018-08-29,264.0,267.25,259.70001220703125,263.95001220703125,1457096
2018-08-30,265.04998779296875,267.95001220703125,261.0,264.1000061035156,1111220
2018-08-31,263.95001220703125,270.54998779296875,260.1000061035156,263.6000061035156,1087250
2018-09-03,263.95001220703125,269.70001220703125,256.54998779296875,258.1000061035156,1210731
2018-09-04,259.45001220703125,259.8999938964844,249.1000061035156,250.6499938964844,832278
2018-09-05,251.3000030517578,253.75,243.0500030517578,248.9499969482422,720901
2018-09-06,249.8999938964844,265.0,248.3000030517578,264.3999938964844,2374153
2018-09-07,264.45001220703125,276.04998779296875,263.3500061035156,269.6000061035156,3348532
2018-09-10,270.0,273.29998779296875,252.0500030517578,253.6000061035156,2308277
2018-09-11,255.1999969482422,257.6499938964844,244.0,245.1499938964844,1332751
2018-09-12,246.1000061035156,247.8500061035156,235.25,243.1499938964844,1282701
2018-09-14,244.8000030517578,251.1999969482422,244.6499938964844,249.3000030517578,600617
2018-09-17,247.8000030517578,253.8999938964844,244.0500030517578,248.9499969482422,891222
2018-09-18,248.1000061035156,254.8000030517578,241.1000061035156,242.75,999195
2018-09-19,243.25,248.5,240.5,241.75,1102769
2018-09-21,243.5500030517578,245.9499969482422,220.0,222.6000061035156,2209297
2018-09-24,225.1999969482422,235.0,214.0,229.3500061035156,2235730
2018-09-25,230.1999969482422,232.5,224.0,228.1499938964844,1378260
2018-09-26,228.8000030517578,231.0,222.3000030517578,229.5500030517578,885761
2018-09-27,232.5,233.3999938964844,220.5500030517578,223.1999969482422,1386494
2018-09-28,224.1999969482422,226.0,215.5500030517578,220.3999938964844,838759
2018-10-01,218.1000061035156,224.9499969482422,211.5,224.1499938964844,932571
2018-10-03,222.0,238.1000061035156,220.3000030517578,229.1999969482422,1495455
2018-10-04,225.6999969482422,226.8999938964844,219.1499938964844,223.9499969482422,913021
2018-10-05,223.8000030517578,227.8999938964844,219.0,224.3500061035156,1176895
2018-10-08,223.1999969482422,229.3999938964844,216.5500030517578,223.1999969482422,1437374
2018-10-09,222.0500030517578,230.3999938964844,217.0,227.4499969482422,1002879
2018-10-10,227.0,237.0,225.3000030517578,233.8000030517578,671557
2018-10-11,227.0,235.75,222.6000061035156,228.1000061035156,905845
2018-10-12,231.1999969482422,237.8999938964844,228.8000030517578,236.0,1423951
2018-10-15,236.0,237.75,232.4499969482422,235.1000061035156,558239
2018-10-16,235.6499938964844,246.1000061035156,234.6499938964844,245.0500030517578,1563096
2018-10-17,247.0,249.8999938964844,231.0,234.0,997862
2018-10-19,230.0,242.9499969482422,228.25,235.4499969482422,1444964
2018-10-22,235.0,237.3500061035156,225.25,226.6999969482422,1314950
2018-10-23,222.1999969482422,229.3500061035156,221.5500030517578,225.4499969482422,894037
2018-10-24,227.1999969482422,229.9499969482422,219.0,221.1000061035156,1136057
2018-10-25,218.8000030517578,227.8999938964844,218.5,224.6000061035156,1289263
2018-10-26,223.0,230.6499938964844,223.0,225.3500061035156,1290762
2018-10-29,226.75,240.8999938964844,225.8000030517578,235.4499969482422,1743028
2018-10-30,233.1999969482422,239.6999969482422,226.5,227.75,1334249
2018-10-31,237.6000061035156,260.70001220703125,233.1999969482422,257.75,7675539
2018-11-01,258.95001220703125,264.1499938964844,254.5500030517578,259.75,2111941
2018-11-02,259.70001220703125,261.70001220703125,254.1999969482422,256.3500061035156,1012251
2018-11-05,253.8000030517578,269.29998779296875,253.8000030517578,265.20001220703125,2032245
2018-11-06,265.75,268.5,260.79998779296875,263.20001220703125,1041358
2018-11-07,262.0,265.8999938964844,262.0,265.25,106565
2018-11-09,263.95001220703125,272.0,263.5,268.8999938964844,1145665
2018-11-12,268.6000061035156,269.0,257.5,259.0,773981
2018-11-13,258.1000061035156,267.79998779296875,255.1000061035156,265.6499938964844,1103217
2018-11-14,263.3999938964844,272.79998779296875,263.3999938964844,266.0,1364589
2018-11-15,268.45001220703125,268.45001220703125,260.1000061035156,266.6000061035156,713688
2018-11-16,266.3999938964844,271.3999938964844,260.0,262.45001220703125,1270980
2018-11-19,264.25,265.45001220703125,258.1000061035156,260.5,554994
2018-11-20,256.75,265.20001220703125,256.25,257.54998779296875,1180713
2018-11-21,258.79998779296875,265.3999938964844,258.29998779296875,261.6499938964844,861393
2018-11-22,262.0,269.25,258.04998779296875,260.3999938964844,1621766
2018-11-26,261.20001220703125,261.8999938964844,251.5500030517578,255.6999969482422,749020
2018-11-27,254.5,258.70001220703125,249.1999969482422,255.3999938964844,779049
2018-11-28,255.0,257.79998779296875,250.6000061035156,252.8500061035156,950963
2018-11-29,253.0,261.79998779296875,253.0,259.6499938964844,935641
2018-11-30,261.25,275.29998779296875,260.5,270.8999938964844,3136436
2018-12-03,271.5,276.95001220703125,267.3999938964844,270.8500061035156,1850457
2018-12-04,270.0,272.54998779296875,261.6499938964844,264.45001220703125,612044
2018-12-05,263.0,267.79998779296875,258.45001220703125,260.1499938964844,748936
2018-12-06,260.0,265.8999938964844,257.70001220703125,261.6499938964844,1249497
2018-12-07,263.25,265.5,254.4499969482422,256.75,1481852
2018-12-10,253.0,255.0,244.0500030517578,245.6000061035156,1484974
2018-12-11,238.6999969482422,250.4499969482422,238.6999969482422,246.3500061035156,1260462
2018-12-12,249.1999969482422,261.25,248.1000061035156,259.8999938964844,1508377
2018-12-13,258.29998779296875,275.04998779296875,258.29998779296875,265.8500061035156,5439812
2018-12-14,261.6000061035156,264.95001220703125,252.3500061035156,253.4499969482422,1284834
2018-12-17,254.0,263.0,251.5,258.75,3801459
2018-12-18,259.0,262.5,255.1999969482422,255.9499969482422,1118284
2018-12-19,256.95001220703125,272.0,255.3999938964844,269.25,3552397
2018-12-20,268.25,270.8999938964844,263.5,264.70001220703125,1126634
2018-12-21,267.29998779296875,268.20001220703125,255.3500061035156,256.5,999159
2018-12-24,256.5,262.29998779296875,256.0,257.95001220703125,1006585
2018-12-26,256.3500061035156,259.8500061035156,252.3500061035156,255.8500061035156,789883
2018-12-27,258.8999938964844,265.3999938964844,257.3999938964844,259.0,1432931
2018-12-28,261.29998779296875,264.20001220703125,256.70001220703125,258.6499938964844,860480
2018-12-31,261.1499938964844,263.54998779296875,259.1000061035156,261.79998779296875,605373
2019-01-01,262.70001220703125,262.70001220703125,257.54998779296875,259.5,537488
2019-01-02,258.29998779296875,259.8999938964844,253.9499969482422,255.75,736827
2019-01-03,254.1000061035156,263.8999938964844,254.1000061035156,260.5,3187049
2019-01-04,264.0,264.79998779296875,259.29998779296875,261.70001220703125,2193261
2019-01-07,262.0,269.8999938964844,262.0,264.04998779296875,1847402
2019-01-08,264.3999938964844,266.5,260.79998779296875,262.75,681268
2019-01-09,263.04998779296875,265.25,258.6000061035156,261.6499938964844,856853
2019-01-10,261.0,264.8999938964844,259.1499938964844,260.25,838857
2019-01-11,261.70001220703125,262.70001220703125,256.1000061035156,257.3999938964844,1679794
2019-01-14,257.04998779296875,263.20001220703125,255.1999969482422,260.25,1631227
2019-01-15,261.20001220703125,272.0,260.75,267.70001220703125,2659149
2019-01-16,269.20001220703125,269.8999938964844,262.20001220703125,263.29998779296875,1065781
2019-01-17,264.5,265.95001220703125,260.70001220703125,261.6000061035156,923753
2019-01-18,262.8999938964844,268.45001220703125,259.3999938964844,264.95001220703125,2065303
2019-01-21,264.0,265.0,257.8999938964844,258.54998779296875,843557
2019-01-22,257.3500061035156,260.29998779296875,255.5,256.95001220703125,668522
2019-01-23,256.6499938964844,264.20001220703125,254.6000061035156,262.75,2403131
2019-01-24,262.95001220703125,264.3500061035156,257.1000061035156,258.5,902166
2019-01-25,258.0,261.95001220703125,250.0,251.3999938964844,1071678
2019-01-28,252.5,252.9499969482422,243.8999938964844,246.5,628086
2019-01-29,246.25,247.5,242.8000030517578,246.8000030517578,720834
2019-01-30,246.6000061035156,249.8999938964844,244.4499969482422,246.5,547517
2019-01-31,247.5,248.8500061035156,244.1000061035156,247.3000030517578,701329
2019-02-01,245.1999969482422,252.4499969482422,245.1999969482422,246.75,839941
2019-02-04,246.6999969482422,246.8500061035156,237.6000061035156,243.5500030517578,868024
2019-02-05,244.0,248.8999938964844,241.6499938964844,247.6000061035156,1638872
2019-02-06,245.0500030517578,253.5,238.0500030517578,244.8000030517578,1861940
2019-02-07,242.3000030517578,248.25,241.0500030517578,245.3500061035156,1114210
2019-02-08,244.0,249.1499938964844,240.25,242.0500030517578,655511
2019-02-11,242.0,243.6999969482422,235.0,235.9499969482422,1186958
2019-02-12,233.1499938964844,240.3000030517578,233.1499938964844,235.3999938964844,893704
2019-02-14,237.5,241.25,233.6499938964844,234.9499969482422,880666
2019-02-15,234.75,240.0,232.3500061035156,237.6999969482422,1078885
2019-02-18,237.8999938964844,241.3500061035156,232.0,233.1999969482422,843945
2019-02-19,232.0500030517578,238.1999969482422,232.0500030517578,233.6000061035156,558643
2019-02-20,234.6999969482422,240.8000030517578,234.6999969482422,239.0500030517578,1711771
2019-02-21,239.0,239.4499969482422,233.6000061035156,234.3500061035156,878392
2019-02-22,231.5500030517578,235.3500061035156,230.6499938964844,232.6999969482422,992579
2019-02-25,234.6999969482422,245.1000061035156,230.1999969482422,240.5500030517578,2213736
2019-02-26,237.0,246.6999969482422,237.0,244.6999969482422,3590167
2019-02-27,243.75,247.6999969482422,236.8999938964844,242.6999969482422,3038061
2019-02-28,244.0,246.8000030517578,242.1499938964844,242.9499969482422,864971
2019-03-01,244.8999938964844,247.8500061035156,242.9499969482422,245.4499969482422,681309
2019-03-05,246.8500061035156,251.6999969482422,246.0,248.9499969482422,1486682
2019-03-06,250.1499938964844,253.5,247.1000061035156,248.1499938964844,889091
2019-03-07,248.5,250.5500030517578,244.25,249.0500030517578,1464502
2019-03-08,248.8999938964844,251.75,243.75,249.3500061035156,1042565
2019-03-11,249.3999938964844,257.75,248.3000030517578,256.70001220703125,1275655
2019-03-12,258.0,260.0,254.5500030517578,256.54998779296875,1033450
2019-03-13,256.75,259.29998779296875,254.5500030517578,255.6999969482422,541890
2019-03-14,256.79998779296875,257.70001220703125,253.4499969482422,256.20001220703125,366886
2019-03-15,256.20001220703125,258.45001220703125,254.4499969482422,256.70001220703125,348927
2019-03-18,256.79998779296875,262.70001220703125,255.75,261.29998779296875,664308
2019-03-19,267.25,269.3999938964844,262.04998779296875,264.1000061035156,1506411
2019-03-20,265.8500061035156,265.8500061035156,259.5,260.25,644061
2019-03-22,258.95001220703125,261.75,254.3999938964844,255.0500030517578,543330
2019-03-25,253.5,256.0,251.5,253.5,461820
2019-03-26,254.1999969482422,256.79998779296875,250.8999938964844,254.1000061035156,941683
2019-03-27,255.0,257.25,250.0,251.8500061035156,836966
2019-03-28,251.8500061035156,254.25,248.1999969482422,250.0,720088
2019-04-01,258.20001220703125,265.54998779296875,255.3500061035156,263.95001220703125,2259473
2019-04-02,265.0,268.75,261.6499938964844,263.54998779296875,1565358
2019-04-03,265.70001220703125,266.3500061035156,258.54998779296875,259.20001220703125,579929
2019-04-04,260.1000061035156,263.3500061035156,256.6499938964844,262.54998779296875,441285
2019-04-05,261.70001220703125,265.8500061035156,261.54998779296875,263.6000061035156,847964
2019-04-08,262.6000061035156,264.04998779296875,259.1000061035156,259.8500061035156,343416
2019-04-09,259.0,260.75,256.6499938964844,258.3999938964844,893892
2019-04-10,257.29998779296875,258.70001220703125,254.1499938964844,254.8000030517578,896117
2019-04-11,254.1000061035156,256.75,253.0500030517578,254.3000030517578,439674
2019-04-12,254.75,257.04998779296875,253.1000061035156,256.54998779296875,402782
2019-04-15,259.1000061035156,259.79998779296875,255.6000061035156,256.95001220703125,973122
2019-04-16,257.0,265.20001220703125,256.54998779296875,264.04998779296875,2218830
2019-04-18,264.04998779296875,264.79998779296875,257.75,258.5,1123267
2019-04-22,257.3500061035156,261.1000061035156,256.3999938964844,259.29998779296875,682938
2019-04-23,260.04998779296875,260.95001220703125,257.25,257.8500061035156,441489
2019-04-24,257.25,258.3500061035156,252.75,255.9499969482422,832132
2019-04-25,256.20001220703125,256.20001220703125,251.5500030517578,252.4499969482422,480932
2019-04-26,252.6000061035156,256.29998779296875,252.0,254.4499969482422,948968
2019-04-30,253.1499938964844,254.3500061035156,245.1499938964844,253.1999969482422,912967
2019-05-02,251.0,258.8999938964844,250.3999938964844,257.6000061035156,607357
2019-05-03,258.04998779296875,261.0,254.5,256.29998779296875,665328
2019-05-06,255.0,255.0,251.8999938964844,252.75,342483
2019-05-07,252.75,256.3999938964844,252.25,255.0500030517578,395133
2019-05-08,253.75,254.5,251.0,252.1000061035156,404379
2019-05-09,251.0,253.1499938964844,247.1000061035156,248.3000030517578,571177
2019-05-10,247.0500030517578,252.4499969482422,247.0500030517578,250.75,461821
2019-05-13,249.5,251.0,244.9499969482422,246.3999938964844,552883
2019-05-14,245.1999969482422,245.8000030517578,236.6499938964844,243.0500030517578,684170
2019-05-15,243.6000061035156,248.0,242.6499938964844,245.6999969482422,470416
2019-05-16,240.25,247.1000061035156,231.0500030517578,238.8999938964844,1394826
2019-05-17,238.5500030517578,238.6999969482422,234.3000030517578,235.0500030517578,1351379
2019-05-20,239.25,252.3000030517578,237.5,248.0500030517578,888291
2019-05-21,248.0500030517578,248.75,240.1000061035156,241.5500030517578,459594
2019-05-22,242.0,243.1999969482422,238.6000061035156,240.5,277291
2019-05-23,243.1000061035156,245.3500061035156,240.25,244.1000061035156,1642138
2019-05-24,245.0,246.8999938964844,241.0,242.8000030517578,546476
2019-05-27,243.3999938964844,258.0,242.1499938964844,253.8000030517578,938338
2019-05-28,254.0500030517578,255.0,246.3999938964844,247.75,1138920
2019-05-29,248.8999938964844,252.0,242.5,243.25,631623
2019-05-30,244.75,252.1999969482422,243.8500061035156,251.0,770485
2019-05-31,251.3000030517578,251.75,244.4499969482422,245.9499969482422,249095
2019-06-03,246.0,249.3000030517578,243.0,247.3000030517578,747814
2019-06-04,248.0,248.0,245.0,245.8999938964844,575821
2019-06-06,244.5,246.4499969482422,242.75,244.5500030517578,376626
2019-06-07,245.75,248.3999938964844,241.0500030517578,247.0500030517578,504041
2019-06-10,248.25,252.0,246.75,249.8000030517578,2886834
2019-06-11,251.0,251.5,246.3999938964844,248.0,472919
2019-06-12,247.6999969482422,249.8500061035156,246.6000061035156,247.4499969482422,297525
2019-06-13,242.0,254.8999938964844,241.5,252.6499938964844,867459
2019-06-14,250.5,251.6000061035156,243.1999969482422,245.3000030517578,1077296
2019-06-17,246.5,247.3000030517578,243.6000061035156,245.0,551799
2019-06-18,245.6999969482422,247.5,244.1999969482422,245.3999938964844,447024
2019-06-19,245.0500030517578,247.5,243.1499938964844,244.75,363937
2019-06-20,243.3999938964844,245.9499969482422,239.6999969482422,244.8999938964844,582689
2019-06-21,244.8999938964844,245.8000030517578,241.8000030517578,244.5,457013
2019-06-24,245.0,245.1999969482422,241.5500030517578,242.1000061035156,541854
2019-06-25,244.0,274.20001220703125,244.0,271.70001220703125,7730501
2019-06-26,269.0,286.8500061035156,267.29998779296875,283.29998779296875,5098413
2019-06-27,280.25,289.70001220703125,278.79998779296875,286.25,2819901
2019-06-28,286.29998779296875,288.0,280.1000061035156,281.29998779296875,1241279
2019-07-01,283.1000061035156,292.79998779296875,282.0,290.6499938964844,3361232
2019-07-02,291.0,303.45001220703125,286.79998779296875,301.1499938964844,3805486
2019-07-03,301.0,310.20001220703125,298.6499938964844,308.54998779296875,4139834
2019-07-04,308.20001220703125,313.0,302.0,303.70001220703125,2495658
2019-07-05,302.70001220703125,305.95001220703125,294.6000061035156,296.20001220703125,2087541
2019-07-08,293.0,301.70001220703125,291.75,294.29998779296875,2145725
2019-07-09,294.0,300.70001220703125,291.3999938964844,299.1499938964844,1358745
2019-07-10,299.1000061035156,303.70001220703125,292.54998779296875,296.1499938964844,1224965
2019-07-11,297.6499938964844,307.5,295.6000061035156,304.8500061035156,5422019
2019-07-12,306.04998779296875,309.0,304.6499938964844,307.6499938964844,3784418
2019-07-15,307.3500061035156,311.8500061035156,302.1000061035156,309.25,1556349
2019-07-16,307.0,313.70001220703125,305.0,311.0,993540
2019-07-17,312.5,312.75,307.25,310.54998779296875,904488
2019-07-18,312.5,312.5,303.6000061035156,304.29998779296875,1206963
2019-07-19,303.79998779296875,306.95001220703125,301.20001220703125,305.29998779296875,1116882
2019-07-22,305.29998779296875,311.04998779296875,302.1000061035156,308.75,924240
2019-07-23,308.70001220703125,311.20001220703125,306.1000061035156,308.45001220703125,892355
2019-07-24,308.0,310.8999938964844,302.3999938964844,306.8500061035156,1367074
2019-07-25,307.6000061035156,308.75,297.6499938964844,300.6499938964844,1131486
2019-07-26,298.5,306.0,298.1000061035156,304.29998779296875,694162
2019-07-29,305.79998779296875,309.25,301.54998779296875,306.70001220703125,596610
2019-07-30,306.8500061035156,308.25,295.6000061035156,299.1000061035156,888454
2019-07-31,294.5,306.5,292.0,305.29998779296875,535641
2019-08-01,304.45001220703125,305.79998779296875,299.1499938964844,303.75,522164
2019-08-02,301.0,303.95001220703125,297.25,299.29998779296875,696180
2019-08-05,298.0,298.0,279.54998779296875,284.0,3300719
2019-08-06,287.75,304.79998779296875,284.29998779296875,295.95001220703125,5453552
2019-08-07,297.75,302.0,293.3999938964844,294.6499938964844,1031208
2019-08-08,296.5,297.1499938964844,286.8999938964844,292.70001220703125,740296
2019-08-09,292.8999938964844,296.70001220703125,286.0,288.79998779296875,769333
2019-08-13,288.0,296.0,282.0,285.1000061035156,1518073
2019-08-14,286.04998779296875,294.6000061035156,283.45001220703125,285.04998779296875,1282492
2019-08-16,284.0,292.3999938964844,283.95001220703125,288.8999938964844,1262756
2019-08-19,290.0,295.0,285.04998779296875,285.95001220703125,1023508
2019-08-20,286.75,292.20001220703125,286.75,290.3999938964844,859692
2019-08-21,291.6000061035156,292.5,280.6499938964844,281.79998779296875,1362363
2019-08-22,281.8500061035156,287.8500061035156,279.8500061035156,281.95001220703125,1162968
2019-08-23,282.0,287.45001220703125,282.0,283.8999938964844,722222
2019-08-26,286.0,289.79998779296875,282.20001220703125,288.79998779296875,515528
2019-08-27,290.25,291.79998779296875,282.20001220703125,283.3500061035156,882564
2019-08-28,284.0,288.0,278.1000061035156,280.8500061035156,912918
2019-08-29,280.75,281.0,276.0,276.95001220703125,902248
2019-08-30,277.20001220703125,281.8999938964844,275.3500061035156,278.0,802298
2019-09-03,277.0,278.1499938964844,271.25,273.25,436862
2019-09-04,272.20001220703125,273.79998779296875,269.6000061035156,270.6000061035156,378915
2019-09-05,271.95001220703125,276.5,270.20001220703125,272.20001220703125,592445
2019-09-06,273.45001220703125,276.0,272.8999938964844,273.8999938964844,573732
2019-09-09,273.3999938964844,279.6000061035156,271.6499938964844,278.1000061035156,564880
2019-09-11,279.45001220703125,285.3500061035156,277.3500061035156,279.1000061035156,1272289
2019-09-12,280.20001220703125,285.95001220703125,279.5,280.79998779296875,678897
2019-09-13,281.79998779296875,282.54998779296875,277.8999938964844,280.29998779296875,846128
2019-09-16,280.8999938964844,284.5,277.04998779296875,279.6000061035156,658869
2019-09-17,280.20001220703125,283.20001220703125,275.5,277.3500061035156,979313
2019-09-18,278.0,285.20001220703125,277.04998779296875,280.3500061035156,1203736
2019-09-19,281.75,282.3500061035156,276.29998779296875,280.1499938964844,1010200
2019-09-20,281.0,281.1000061035156,275.54998779296875,279.04998779296875,2375283
2019-09-23,282.20001220703125,287.8999938964844,277.29998779296875,283.8999938964844,1334231
2019-09-24,284.79998779296875,292.8500061035156,284.0,286.70001220703125,1225151
2019-09-25,287.20001220703125,289.3999938964844,284.20001220703125,288.20001220703125,650451
2019-09-26,289.54998779296875,292.1000061035156,287.3500061035156,290.1000061035156,2129935
2019-09-27,288.0,294.75,286.3999938964844,291.8999938964844,1039399
2019-09-30,292.0,292.95001220703125,286.25,287.5,796697
2019-10-01,289.29998779296875,298.75,280.6499938964844,282.6000061035156,2178536
2019-10-03,282.20001220703125,286.5,280.04998779296875,284.3500061035156,833692
2019-10-04,284.3500061035156,286.5,278.0,279.79998779296875,310699
2019-10-07,280.0,282.0,275.20001220703125,276.8500061035156,719279
2019-10-09,275.29998779296875,284.6000061035156,275.29998779296875,282.8500061035156,931390
2019-10-10,282.8999938964844,284.25,280.04998779296875,281.54998779296875,339863
2019-10-11,282.3999938964844,286.0,281.3999938964844,282.79998779296875,431626
2019-10-14,283.25,286.0,280.70001220703125,281.70001220703125,717285
2019-10-15,282.3999938964844,282.8999938964844,279.45001220703125,280.3500061035156,506229
2019-10-16,280.04998779296875,283.6000061035156,278.25,282.8999938964844,969679
2019-10-17,282.0,287.25,276.8999938964844,285.79998779296875,859560
2019-10-18,284.1499938964844,292.0,282.8999938964844,284.45001220703125,1605715
2019-10-22,284.75,286.3500061035156,277.1499938964844,280.1000061035156,709634
2019-10-23,278.0,283.5,277.3500061035156,279.8500061035156,601896
2019-10-24,279.29998779296875,282.1000061035156,274.20001220703125,278.54998779296875,1328963
2019-10-25,278.3999938964844,280.70001220703125,274.5,275.75,538926
2019-10-27,279.5,279.5,275.6000061035156,276.79998779296875,81046
2019-10-29,276.5,281.54998779296875,275.0,280.20001220703125,528812
2019-10-30,280.1499938964844,282.75,278.1499938964844,279.54998779296875,619648
2019-10-31,279.54998779296875,282.0,278.25,280.1499938964844,735664
2019-11-01,280.1499938964844,287.0,280.0,280.8999938964844,1066374
2019-11-04,283.0,290.75,282.1499938964844,286.1000061035156,1444896
2019-11-05,287.45001220703125,287.5,276.79998779296875,280.1000061035156,949080
2019-11-06,288.95001220703125,299.0,283.54998779296875,291.0,6581062
2019-11-07,291.79998779296875,297.5,289.04998779296875,296.04998779296875,1910889
2019-11-08,295.5,303.0,291.1000061035156,292.8999938964844,2575007
2019-11-11,292.70001220703125,304.70001220703125,292.29998779296875,300.1499938964844,2237290
2019-11-13,304.0,305.6000061035156,291.45001220703125,294.3500061035156,1786512
2019-11-14,294.0,297.0,291.45001220703125,294.20001220703125,470438
2019-11-15,293.0,296.5,292.6000061035156,292.95001220703125,373287
2019-11-18,294.0,297.8999938964844,292.1000061035156,292.79998779296875,1240060
2019-11-19,294.25,294.6000061035156,287.54998779296875,288.29998779296875,754382
2019-11-20,289.6499938964844,292.20001220703125,287.1000061035156,287.8500061035156,783735
2019-11-21,288.20001220703125,292.8999938964844,285.5,286.1000061035156,666527
2019-11-22,287.1499938964844,287.8999938964844,280.25,280.8999938964844,975354
2019-11-25,282.5,284.5,279.54998779296875,281.0,948156
2019-11-26,282.3999938964844,286.70001220703125,279.3500061035156,280.3500061035156,1192193
2019-11-27,281.75,282.5,279.8999938964844,281.8500061035156,914430
2019-11-28,281.8999938964844,281.8999938964844,278.0,279.8500061035156,1112486
2019-11-29,279.8500061035156,287.0,278.70001220703125,280.1000061035156,1474982
2019-12-02,280.0,281.3500061035156,275.20001220703125,277.0,865984
2019-12-03,278.6000061035156,278.6000061035156,270.0,271.25,819879
2019-12-04,271.0,276.8999938964844,270.3999938964844,276.1000061035156,1055373
2019-12-05,276.0,281.3999938964844,276.0,278.1499938964844,1190984
2019-12-06,279.5,279.5,269.6499938964844,271.29998779296875,589579
2019-12-09,271.8999938964844,277.79998779296875,271.29998779296875,275.04998779296875,808510
2019-12-10,275.0,277.20001220703125,271.6000061035156,272.70001220703125,988308
2019-12-11,272.0,275.29998779296875,269.6499938964844,270.8500061035156,770310
2019-12-12,271.95001220703125,273.70001220703125,271.1000061035156,272.45001220703125,457811
2019-12-13,272.1000061035156,275.29998779296875,271.20001220703125,272.20001220703125,387143
2019-12-16,272.54998779296875,273.3500061035156,270.04998779296875,270.8999938964844,281871
2019-12-17,272.25,276.0,270.1000061035156,273.04998779296875,648471
2019-12-18,274.3500061035156,274.3999938964844,267.6000061035156,270.25,932713
2019-12-19,270.20001220703125,278.75,268.25,275.6000061035156,924704
2019-12-20,275.54998779296875,287.1000061035156,275.1499938964844,286.1000061035156,2315022
2019-12-23,286.1000061035156,289.8999938964844,282.1000061035156,283.75,1232406
2019-12-24,282.79998779296875,288.45001220703125,280.1000061035156,281.1000061035156,1194922
2019-12-26,282.5,282.70001220703125,278.25,280.8500061035156,359693
2019-12-27,282.0,285.0,279.6000061035156,280.5,1035653
2019-12-30,281.20001220703125,286.5,281.20001220703125,284.95001220703125,584330
2019-12-31,284.1000061035156,287.29998779296875,283.0,284.0,352944
2020-01-01,284.0,286.79998779296875,282.3999938964844,285.54998779296875,263594
2020-01-02,287.0,290.0,285.5,288.29998779296875,438931
2020-01-03,288.29998779296875,293.29998779296875,286.29998779296875,288.6499938964844,1799065
2020-01-06,288.0,288.0,280.79998779296875,281.79998779296875,377435
2020-01-07,282.3999938964844,288.5,282.3999938964844,287.45001220703125,378887
2020-01-08,283.8999938964844,290.79998779296875,282.75,289.6000061035156,790527
2020-01-09,290.1499938964844,297.0,290.1499938964844,292.95001220703125,1686167
2020-01-10,292.95001220703125,298.70001220703125,292.04998779296875,297.79998779296875,1265967
2020-01-13,300.1000061035156,303.6000061035156,297.54998779296875,301.70001220703125,871797
2020-01-14,301.3999938964844,305.95001220703125,299.0,299.95001220703125,650736
2020-01-15,300.79998779296875,304.1000061035156,296.04998779296875,302.45001220703125,1019876
2020-01-16,303.0,310.6499938964844,301.70001220703125,305.29998779296875,1307957
2020-01-17,303.0,319.6000061035156,303.0,313.04998779296875,2457425
2020-01-20,313.04998779296875,320.3999938964844,312.54998779296875,313.79998779296875,1370305
2020-01-21,313.70001220703125,319.3999938964844,311.8500061035156,314.29998779296875,1184498
2020-01-22,317.8500061035156,322.3999938964844,313.1000061035156,315.95001220703125,2855704
2020-01-23,315.95001220703125,321.0,315.04998779296875,319.6499938964844,755295
2020-01-24,320.8999938964844,324.79998779296875,318.6000061035156,322.29998779296875,1416492
2020-01-27,322.79998779296875,330.70001220703125,320.29998779296875,325.70001220703125,1121878
2020-01-28,325.0,329.3999938964844,320.75,324.8999938964844,974154
2020-01-29,326.0,329.0,324.75,326.1499938964844,821496
2020-01-30,326.0,328.5,317.29998779296875,319.5,646769
2020-01-31,319.3999938964844,322.45001220703125,308.45001220703125,309.79998779296875,1109871
2020-02-03,305.8999938964844,305.8999938964844,299.75,302.45001220703125,287913
2020-02-04,303.8999938964844,309.0,303.8999938964844,304.75,1109780
2020-02-05,305.0,322.0,285.8500061035156,318.1499938964844,2256587
2020-02-06,318.0,319.3999938964844,307.29998779296875,309.3999938964844,1367568
2020-02-07,309.0,310.0,303.45001220703125,305.75,779732
2020-02-10,307.20001220703125,307.70001220703125,301.75,305.95001220703125,356384
2020-02-11,309.70001220703125,311.8500061035156,302.3500061035156,305.54998779296875,1299915
2020-02-12,306.29998779296875,308.29998779296875,301.5,303.6499938964844,778356
2020-02-13,315.0,332.79998779296875,312.54998779296875,325.6499938964844,10279321
2020-02-14,324.8999938964844,328.0,319.5,321.5,2613447
2020-02-17,323.5,330.3500061035156,319.3500061035156,329.1499938964844,2533917
2020-02-18,319.6499938964844,321.3999938964844,306.0,309.6000061035156,2666620
2020-02-19,311.0,319.25,310.70001220703125,316.95001220703125,1072964
2020-02-20,314.0,321.6499938964844,313.1499938964844,314.04998779296875,1808533
2020-02-24,314.8999938964844,318.75,308.70001220703125,310.25,936902
2020-02-25,312.8999938964844,314.75,307.1499938964844,309.25,933492
2020-02-26,309.70001220703125,310.3500061035156,302.5,303.8500061035156,816525
2020-02-27,305.3999938964844,311.8999938964844,300.0,307.95001220703125,1499828
2020-02-28,304.0,305.29998779296875,297.3999938964844,302.95001220703125,1871232
2020-03-02,304.8999938964844,314.29998779296875,303.1000061035156,309.29998779296875,1992380
2020-03-03,318.0,322.0,312.0,318.6000061035156,1668834
2020-03-04,319.3999938964844,322.0,308.3999938964844,314.8500061035156,1532681
2020-03-05,317.8999938964844,321.5,313.45001220703125,316.25,1027384
2020-03-06,310.0,317.54998779296875,305.29998779296875,314.75,974178
2020-03-09,313.8999938964844,313.8999938964844,303.20001220703125,309.20001220703125,1798464
2020-03-11,310.5,314.54998779296875,305.0,307.3500061035156,1646289
2020-03-12,293.1000061035156,299.1000061035156,280.1000061035156,289.8999938964844,2498085
2020-03-13,262.6000061035156,297.8500061035156,231.9499969482422,289.54998779296875,2465620
2020-03-16,276.5,290.75,269.5,277.25,2066170
2020-03-17,279.0,291.75,273.04998779296875,281.3500061035156,1066909
2020-03-18,287.0,287.0,274.79998779296875,278.25,1306678
2020-03-19,273.0,285.8999938964844,261.54998779296875,274.5,1547750
2020-03-20,278.5,294.54998779296875,263.25,286.75,2575407
2020-03-23,270.5,274.0,243.75,249.5,793699
2020-03-24,260.0,274.95001220703125,260.0,270.6499938964844,1926162
2020-03-25,271.45001220703125,283.79998779296875,269.1499938964844,276.79998779296875,867802
2020-03-26,278.0,292.95001220703125,270.45001220703125,286.79998779296875,1456208
2020-03-27,298.79998779296875,298.79998779296875,265.0,271.8500061035156,1554871
2020-03-30,270.95001220703125,275.8500061035156,267.79998779296875,274.04998779296875,708274
2020-03-31,279.0,282.54998779296875,269.8999938964844,279.04998779296875,946099
2020-04-01,280.0,284.25,276.25,280.95001220703125,622792
2020-04-03,281.04998779296875,282.20001220703125,272.6499938964844,278.95001220703125,369937
2020-04-07,283.0,295.8999938964844,280.20001220703125,291.8500061035156,590625
2020-04-08,295.0,306.5,286.3500061035156,291.8500061035156,760201
2020-04-09,295.25,299.8999938964844,291.1000061035156,294.25,876433
2020-04-13,294.0,296.70001220703125,283.1499938964844,291.0,1112145
2020-04-15,291.0,314.29998779296875,291.0,297.6000061035156,2472284
2020-04-16,293.25,300.5,292.5,298.5,893203
2020-04-17,305.0,309.8999938964844,298.5,301.1499938964844,2515170
2020-04-20,303.70001220703125,311.6499938964844,295.0,296.5,3464720
2020-04-21,290.0,294.5,289.0,291.54998779296875,374093
2020-04-22,291.20001220703125,298.29998779296875,286.29998779296875,297.0,908876
2020-04-23,299.0,306.04998779296875,295.0,303.6000061035156,902962
2020-04-24,297.5,307.8999938964844,296.6499938964844,303.79998779296875,1349984
2020-04-27,309.0,310.20001220703125,304.1000061035156,306.0,853443
2020-04-28,306.95001220703125,314.20001220703125,305.25,311.70001220703125,811500
2020-04-29,315.8500061035156,326.8999938964844,313.54998779296875,322.54998779296875,1340167
2020-04-30,326.0,335.6499938964844,325.0,330.29998779296875,1555949
2020-05-04,322.0,337.8999938964844,320.3500061035156,330.75,1529969
2020-05-05,333.0,338.70001220703125,329.1499938964844,330.8999938964844,1835934
2020-05-06,331.25,332.3999938964844,325.3999938964844,328.95001220703125,891703
2020-05-07,329.0,332.70001220703125,320.5,322.79998779296875,977132
2020-05-08,325.0,327.54998779296875,300.0,301.75,3446053
2020-05-11,302.3500061035156,307.20001220703125,297.0,300.79998779296875,1277821
2020-05-12,299.79998779296875,304.0,295.6000061035156,299.8500061035156,1311937
2020-05-13,318.79998779296875,318.79998779296875,300.6499938964844,305.1000061035156,1768508
2020-05-14,307.45001220703125,317.79998779296875,302.79998779296875,303.8500061035156,3600023
2020-05-15,305.95001220703125,305.95001220703125,296.6499938964844,304.6000061035156,1313785
2020-05-18,304.6000061035156,306.29998779296875,294.3500061035156,296.6499938964844,1097612
2020-05-19,295.0,318.5,291.45001220703125,303.95001220703125,5819718
2020-05-20,305.0,310.3999938964844,300.6000061035156,304.75,2199208
2020-05-21,307.3999938964844,308.1499938964844,300.1000061035156,302.29998779296875,1223435
2020-05-22,302.29998779296875,311.5,299.3500061035156,300.8999938964844,2231671
2020-05-26,303.79998779296875,315.6000061035156,297.5,311.5,2184858
2020-05-27,312.0,312.95001220703125,304.79998779296875,305.8500061035156,1038328
2020-05-28,307.0,310.0,303.0,305.3500061035156,763842
2020-05-29,305.3500061035156,321.75,304.0,318.45001220703125,1851878
2020-06-01,322.5,328.0,319.79998779296875,321.20001220703125,1955033
2020-06-02,323.95001220703125,331.0,321.70001220703125,328.25,1116193
2020-06-03,328.0,331.0,321.6000061035156,326.1000061035156,1268990
2020-06-04,326.0,330.0,322.1000061035156,325.95001220703125,631503
2020-06-05,327.0,347.6000061035156,323.54998779296875,344.54998779296875,3259154
2020-06-08,349.95001220703125,349.95001220703125,327.54998779296875,330.3500061035156,3126145
2020-06-09,330.0,336.75,323.1000061035156,324.45001220703125,1899239
2020-06-10,325.45001220703125,332.45001220703125,324.0,331.04998779296875,774321
2020-06-11,331.04998779296875,336.0,324.0,325.75,640866
2020-06-12,315.0,330.6499938964844,314.0,328.8500061035156,958352
2020-06-15,328.70001220703125,332.8500061035156,323.8999938964844,326.1000061035156,792296
2020-06-16,327.29998779296875,331.0,316.6000061035156,324.75,923477
2020-06-17,325.8999938964844,327.95001220703125,320.0,322.20001220703125,1077083
2020-06-18,319.54998779296875,325.8999938964844,319.29998779296875,320.20001220703125,680056
2020-06-19,322.0,325.5,319.3500061035156,320.95001220703125,913519
2020-06-22,323.25,326.75,316.20001220703125,317.8999938964844,852730
2020-06-23,318.5,322.95001220703125,318.04998779296875,320.29998779296875,501119
2020-06-24,322.8999938964844,327.6499938964844,318.04998779296875,323.6499938964844,1041667
2020-06-25,324.79998779296875,332.25,324.0,326.1499938964844,2133942
2020-06-26,329.6000061035156,330.0,323.0,325.3999938964844,805924
2020-06-29,324.8500061035156,327.79998779296875,318.54998779296875,320.6499938964844,769971
2020-06-30,321.5,324.70001220703125,317.3999938964844,318.75,579998
2020-07-01,320.0,324.5,317.1000061035156,321.79998779296875,997028
2020-07-02,324.0,327.3500061035156,321.54998779296875,324.25,929515
2020-07-03,326.0,331.79998779296875,324.29998779296875,328.29998779296875,1625485
2020-07-06,328.29998779296875,335.0,326.70001220703125,332.0,1372335
2020-07-07,331.70001220703125,338.70001220703125,328.70001220703125,335.5,2191888
2020-07-08,335.0,337.79998779296875,331.1000061035156,332.8500061035156,1184576
2020-07-09,334.0,336.5,329.1000061035156,330.45001220703125,537215
2020-07-10,329.54998779296875,332.3500061035156,325.20001220703125,326.70001220703125,422836
2020-07-13,328.70001220703125,331.25,323.8999938964844,329.5,568418
2020-07-14,330.0,332.3999938964844,324.0,324.75,387080
2020-07-15,325.04998779296875,329.5,315.75,318.1000061035156,2150743
2020-07-16,318.1000061035156,319.45001220703125,312.8999938964844,317.29998779296875,652435
2020-07-17,319.0,321.3999938964844,316.5,318.8999938964844,325701
2020-07-20,319.0,324.20001220703125,318.04998779296875,322.8500061035156,382455
2020-07-21,323.20001220703125,324.04998779296875,319.5,320.70001220703125,544144
2020-07-22,320.8999938964844,324.79998779296875,317.1000061035156,319.5,2674130
2020-07-23,319.5,324.8999938964844,319.25,319.8500061035156,850570
2020-07-24,319.8999938964844,323.75,315.8999938964844,318.1000061035156,1157026
2020-07-27,318.8500061035156,320.5,316.1499938964844,317.5,597429
2020-07-28,319.0,319.3500061035156,315.29998779296875,317.04998779296875,525107
2020-07-29,317.29998779296875,322.6499938964844,315.04998779296875,318.25,790169
2020-07-30,320.0,325.79998779296875,319.0,320.1000061035156,776406
2020-07-31,321.5,328.5,320.6499938964844,325.45001220703125,1305227
2020-08-03,329.0,337.8999938964844,326.29998779296875,327.95001220703125,1965352
2020-08-04,327.79998779296875,334.5,327.0,333.0,1119291
2020-08-05,335.70001220703125,335.70001220703125,328.75,329.45001220703125,593494
2020-08-06,329.45001220703125,333.3999938964844,325.3999938964844,327.79998779296875,770509
2020-08-07,335.0,357.75,334.1000061035156,337.1000061035156,13115595
2020-08-10,340.0,341.3500061035156,331.75,339.0,1520418
2020-08-11,340.8999938964844,344.45001220703125,338.04998779296875,338.95001220703125,1329856
2020-08-12,339.70001220703125,348.29998779296875,337.79998779296875,342.8999938964844,3651314
2020-08-13,345.0,347.79998779296875,341.04998779296875,342.20001220703125,1102005
2020-08-14,342.20001220703125,345.45001220703125,340.75,342.8500061035156,994836
2020-08-17,343.8500061035156,356.0,342.8500061035156,351.54998779296875,2959037
2020-08-18,352.0,352.3999938964844,344.0,344.6000061035156,889287
2020-08-19,345.8999938964844,351.95001220703125,344.3999938964844,347.54998779296875,716759
2020-08-20,347.0,368.8999938964844,342.0,359.95001220703125,5473259
2020-08-21,363.2999877929688,367.2000122070313,351.0,355.1499938964844,2927261
2020-08-24,358.5,359.95001220703125,353.29998779296875,355.3999938964844,1062874
2020-08-25,355.3999938964844,358.1499938964844,347.8999938964844,351.8500061035156,1230652
2020-08-26,352.6000061035156,358.0,348.3999938964844,350.25,777848
2020-08-27,353.5,353.5,342.25,344.1000061035156,880656
2020-08-28,345.0,351.20001220703125,343.3999938964844,344.6000061035156,1451681
2020-08-31,345.0,347.8999938964844,331.1000061035156,332.8999938964844,991445
2020-09-01,332.8999938964844,345.1000061035156,329.70001220703125,340.8500061035156,2312595
2020-09-02,343.45001220703125,343.54998779296875,335.25,340.8999938964844,762293
2020-09-03,343.75,343.75,336.1000061035156,337.8500061035156,672460
2020-09-04,334.95001220703125,340.45001220703125,332.04998779296875,333.20001220703125,843235
2020-09-07,332.6499938964844,334.45001220703125,327.20001220703125,331.70001220703125,746425
2020-09-08,333.0,333.6499938964844,322.25,323.8999938964844,585735
2020-09-09,322.0,326.95001220703125,317.0,325.45001220703125,652515
2020-09-10,327.0,329.0,322.5,325.75,424065
2020-09-11,325.75,326.29998779296875,322.75,324.79998779296875,480312
2020-09-14,325.3500061035156,331.6499938964844,323.1000061035156,326.54998779296875,817900
2020-09-15,328.1000061035156,335.5,328.0,332.25,791381
2020-09-16,334.79998779296875,338.0,326.5,327.54998779296875,1087986
2020-09-17,327.5,334.79998779296875,326.6000061035156,332.54998779296875,675473
2020-09-18,332.8999938964844,333.79998779296875,323.79998779296875,325.79998779296875,1163941
2020-09-21,327.0,333.75,316.20001220703125,330.8999938964844,3345863
2020-09-22,329.54998779296875,330.0,317.95001220703125,326.1499938964844,862320
2020-09-23,327.70001220703125,330.3999938964844,319.0,321.3999938964844,615394
2020-09-24,317.5,321.0,305.1000061035156,307.0,739604
2020-09-25,308.5,313.75,307.8999938964844,311.25,574683
2020-09-28,312.25,318.1000061035156,311.75,317.1000061035156,523132
2020-09-29,317.1499938964844,321.8999938964844,315.0,316.75,1324980
2020-09-30,317.45001220703125,317.95001220703125,312.1000061035156,313.3500061035156,429907
2020-10-01,315.5,324.29998779296875,308.04998779296875,309.5,1471327
2020-10-05,311.0,313.3999938964844,308.29998779296875,309.6000061035156,789481
2020-10-06,312.1499938964844,312.79998779296875,308.3500061035156,310.04998779296875,647688
2020-10-07,311.5,312.70001220703125,305.29998779296875,307.3999938964844,867183
2020-10-08,309.20001220703125,310.95001220703125,303.45001220703125,304.25,416959
2020-10-09,305.45001220703125,308.3500061035156,302.3500061035156,303.29998779296875,648976
2020-10-12,304.0,304.75,296.75,297.8500061035156,566065
2020-10-13,297.8500061035156,302.04998779296875,294.04998779296875,295.6499938964844,574947
2020-10-14,295.0,299.0,293.20001220703125,297.6000061035156,490250
2020-10-15,299.0,302.79998779296875,293.8500061035156,294.95001220703125,530363
2020-10-16,294.5,303.75,294.5,302.6499938964844,706570
2020-10-19,304.0,306.29998779296875,301.5,304.20001220703125,617431
2020-10-20,304.3999938964844,304.79998779296875,300.29998779296875,302.3500061035156,372741
2020-10-21,303.0,308.6000061035156,301.95001220703125,306.29998779296875,513669
2020-10-22,307.29998779296875,327.1000061035156,306.25,322.20001220703125,2891645
2020-10-23,323.75,324.79998779296875,316.3999938964844,321.8500061035156,1246436
2020-10-26,321.0,324.0,313.5,315.8999938964844,467070
2020-10-27,312.75,317.6499938964844,304.75,314.79998779296875,1242204
2020-10-28,314.0,319.3999938964844,306.5,307.5,1281584
2020-10-29,306.0,313.3999938964844,302.45001220703125,303.79998779296875,1227048
2020-10-30,303.25,314.8999938964844,303.1499938964844,312.20001220703125,2311072
2020-11-02,312.3999938964844,313.8999938964844,303.8999938964844,306.3999938964844,775047
2020-11-03,308.20001220703125,314.3500061035156,306.79998779296875,312.70001220703125,528967
2020-11-04,312.70001220703125,315.75,309.04998779296875,312.25,360975
2020-11-05,313.79998779296875,320.0,313.6499938964844,316.3999938964844,1125843
2020-11-06,304.1000061035156,325.0,304.04998779296875,322.25,4143707
2020-11-09,323.1000061035156,323.8999938964844,314.6499938964844,315.45001220703125,950955
2020-11-10,319.95001220703125,322.70001220703125,310.6499938964844,311.79998779296875,1887846
2020-11-11,311.0,314.29998779296875,308.0,310.6499938964844,1614171
2020-11-12,312.1000061035156,312.1000061035156,307.0,307.8999938964844,804036
2020-11-13,309.1499938964844,309.1499938964844,302.6499938964844,303.1000061035156,714729
2020-11-14,305.0,305.95001220703125,303.6000061035156,304.75,92253
2020-11-17,306.45001220703125,308.6499938964844,304.1499938964844,307.0,1135739
2020-11-18,308.0,309.0,303.45001220703125,304.8500061035156,1277690
2020-11-19,305.0,308.6000061035156,302.0,304.70001220703125,2132421
2020-11-20,306.20001220703125,309.8999938964844,304.0,307.29998779296875,1017286
2020-11-23,308.95001220703125,312.95001220703125,306.29998779296875,310.8500061035156,1844915
2020-11-24,312.29998779296875,314.95001220703125,311.70001220703125,312.6000061035156,916218
2020-11-25,314.45001220703125,315.45001220703125,306.75,308.6000061035156,1085987
2020-11-26,309.45001220703125,310.75,305.04998779296875,306.75,1281886
2020-11-27,308.0,317.0,305.5,316.0,2971179
2020-12-01,316.0,321.5,315.5,317.20001220703125,1703292
2020-12-02,318.70001220703125,320.0,313.0,315.0,1224098
2020-12-03,318.70001220703125,325.5,315.6499938964844,324.45001220703125,1916587
2020-12-04,330.0,331.3999938964844,319.1499938964844,323.0,4020334
2020-12-07,325.0,326.0,321.1499938964844,324.20001220703125,926529
2020-12-08,326.0,328.54998779296875,320.70001220703125,325.1499938964844,1278905
2020-12-09,325.20001220703125,335.29998779296875,324.0,329.79998779296875,2723125
2020-12-10,329.70001220703125,333.25,322.79998779296875,324.0,925920
2020-12-11,324.20001220703125,327.3500061035156,320.70001220703125,323.6000061035156,923283
2020-12-14,325.20001220703125,336.8500061035156,323.75,335.70001220703125,2524397
2020-12-15,334.0,337.3500061035156,327.45001220703125,335.3999938964844,2440168
2020-12-16,334.5,335.29998779296875,329.6499938964844,330.75,1248807
2020-12-17,330.3500061035156,332.1000061035156,325.20001220703125,326.3500061035156,1271862
2020-12-18,325.95001220703125,330.54998779296875,323.04998779296875,329.8999938964844,1552562
2020-12-21,331.29998779296875,332.5,297.6499938964844,307.6499938964844,1622246
2020-12-22,307.0,316.6000061035156,293.0,315.29998779296875,2220268
2020-12-23,315.29998779296875,327.0,313.1000061035156,325.6000061035156,1012870
2020-12-24,327.0,329.45001220703125,318.1499938964844,318.75,599251
2020-12-28,321.0,323.29998779296875,318.45001220703125,320.20001220703125,495721
2020-12-29,322.04998779296875,322.45001220703125,313.20001220703125,317.1000061035156,1036541
2020-12-30,319.0,320.8999938964844,314.25,319.6000061035156,610145
2020-12-31,319.6499938964844,320.0,315.5,317.3999938964844,458262
2021-01-01,317.3999938964844,322.25,316.04998779296875,320.8500061035156,440526
2021-01-04,322.0,323.20001220703125,319.0,320.0,496576
2021-01-05,319.5,321.79998779296875,316.79998779296875,320.54998779296875,848595
2021-01-06,321.0,333.79998779296875,320.54998779296875,330.1000061035156,2667351
2021-01-07,332.0,334.95001220703125,330.6499938964844,332.04998779296875,1326330
2021-01-08,336.0,348.75,333.6000061035156,335.95001220703125,4637625
2021-01-11,339.3999938964844,341.8500061035156,332.0,334.54998779296875,1378351
2021-01-12,334.0,340.8999938964844,330.79998779296875,337.45001220703125,1138957
2021-01-13,336.0,340.20001220703125,326.6499938964844,331.1000061035156,1358744
2021-01-14,331.1000061035156,335.3500061035156,327.70001220703125,333.0,976978
2021-01-15,334.0,343.79998779296875,329.95001220703125,332.04998779296875,3509396
2021-01-18,334.0,340.0,325.0,327.5,1095184
2021-01-19,328.6000061035156,341.0,327.6000061035156,339.1000061035156,2541204
2021-01-20,341.79998779296875,343.70001220703125,331.54998779296875,333.54998779296875,2093618
2021-01-21,335.6000061035156,338.3500061035156,326.1000061035156,327.0,1803090
2021-01-22,327.0,328.75,316.6000061035156,319.20001220703125,871155
2021-01-25,321.0,322.25,308.0,314.3500061035156,1001146
2021-01-27,314.20001220703125,314.20001220703125,303.6000061035156,305.1000061035156,1294789
2021-01-28,300.1499938964844,308.8500061035156,296.5,305.8999938964844,1221989
2021-01-29,308.0,311.25,302.1499938964844,308.79998779296875,2256133
2021-02-01,314.70001220703125,315.3500061035156,304.1499938964844,307.45001220703125,1786964
2021-02-02,311.5,318.0,308.54998779296875,314.8500061035156,2270968
2021-02-03,317.0,326.3999938964844,313.95001220703125,322.6499938964844,1019000
2021-02-04,321.79998779296875,327.0,320.0,321.1499938964844,2326160
2021-02-05,321.8999938964844,322.25,316.3999938964844,318.5,1528572
2021-02-08,319.8500061035156,324.8999938964844,319.0,322.6000061035156,1337801
2021-02-09,323.0,331.75,322.20001220703125,326.0,2018962
2021-02-10,323.75,335.70001220703125,315.1000061035156,330.5,3692386
2021-02-11,328.3999938964844,334.5,327.5,333.8999938964844,1067865
2021-02-12,333.0,337.0,325.70001220703125,329.3500061035156,1227410
2021-02-15,331.0,335.0,327.54998779296875,333.3500061035156,1175165
2021-02-16,329.95001220703125,346.8999938964844,327.8500061035156,345.04998779296875,5483054
2021-02-17,345.75,353.8999938964844,342.25,345.45001220703125,4874185
2021-02-18,345.0,375.75,342.75,372.7999877929688,4841048
2021-02-19,374.8999938964844,378.0,360.3500061035156,365.3999938964844,2710274
2021-02-22,371.0,385.6000061035156,368.0,380.25,9015836
2021-02-23,383.0,384.0499877929688,369.1000061035156,370.0,2912324
2021-02-24,370.0,383.6499938964844,362.0499877929688,368.7999877929688,2100901
2021-02-25,369.5499877929688,395.75,365.7999877929688,393.25,5586051
2021-02-26,382.0,392.2999877929688,374.2000122070313,381.7999877929688,2677311
2021-03-01,385.0,388.4500122070313,379.6499938964844,385.1499938964844,1376124
2021-03-02,390.0,395.5,384.8500061035156,388.9500122070313,1463776
2021-03-03,394.1499938964844,409.0,391.5499877929688,404.75,3176233
2021-03-04,397.0,429.7000122070313,395.3999938964844,417.5,5802085
2021-03-05,410.25,417.8999938964844,399.0,403.5499877929688,2234595
2021-03-08,407.0,420.5,406.75,417.2000122070313,1617572
2021-03-09,418.25,426.3999938964844,413.1499938964844,417.8999938964844,2011976
2021-03-10,419.7999877929688,420.0,414.75,417.5,866937
2021-03-12,418.0,420.0,409.75,412.25,1747283
2021-03-15,411.0,416.9500122070313,403.7999877929688,414.1499938964844,1297309
2021-03-16,417.7999877929688,425.8999938964844,414.25,423.7999877929688,1735911
2021-03-17,424.0,434.4500122070313,414.3999938964844,417.0,3277772
2021-03-18,419.8999938964844,423.1499938964844,412.75,417.8999938964844,1547730
2021-03-19,418.3500061035156,429.0,407.0,425.7999877929688,2374864
2021-03-22,425.7999877929688,429.1499938964844,418.7000122070313,427.4500122070313,1751625
2021-03-23,430.7999877929688,430.7999877929688,417.3500061035156,421.1000061035156,1665520
2021-03-24,419.6000061035156,423.8500061035156,415.8500061035156,418.25,906713
2021-03-25,418.2000122070313,419.8999938964844,409.5499877929688,410.75,869262
2021-03-26,413.5,417.1499938964844,407.0499877929688,415.1000061035156,762919
2021-03-30,416.9500122070313,425.5,413.7999877929688,421.6499938964844,949709
2021-03-31,425.0,429.3999938964844,420.2000122070313,423.7999877929688,796876
2021-04-01,423.5,428.5499877929688,421.9500122070313,427.5499877929688,690448
2021-04-05,425.0,425.6000061035156,414.4500122070313,416.1000061035156,742898
2021-04-06,416.3999938964844,421.0,412.9500122070313,418.1000061035156,627560
2021-04-07,416.6499938964844,424.6499938964844,416.2999877929688,421.7000122070313,971550
2021-04-08,422.0,428.5499877929688,419.3999938964844,422.5,1330315
2021-04-09,422.0,425.7000122070313,418.1000061035156,422.3999938964844,472398
2021-04-12,418.0,418.0,393.8500061035156,400.0,841355
2021-04-13,397.2999877929688,407.1499938964844,388.4500122070313,397.0,1039223
2021-04-15,397.0,402.7999877929688,394.2999877929688,395.5,803461
2021-04-16,395.5,412.0,395.5,408.7000122070313,1961713
2021-04-19,404.9500122070313,404.9500122070313,383.1499938964844,384.3500061035156,999487
2021-04-20,387.7000122070313,393.75,375.5,377.75,1545319
2021-04-22,379.6499938964844,385.2000122070313,378.0,384.25,607542
2021-04-23,386.0,395.8999938964844,384.0499877929688,394.0,1765436
2021-04-26,397.0,397.9500122070313,388.6000061035156,391.4500122070313,377310
2021-04-27,392.0,394.2999877929688,387.4500122070313,392.8500061035156,484802
2021-04-28,395.0,396.0,390.0,392.4500122070313,659718
2021-04-29,395.7000122070313,403.0,388.2999877929688,394.6499938964844,1248574
2021-04-30,391.6000061035156,399.3500061035156,384.3999938964844,396.2999877929688,518050
2021-05-03,397.0,415.0,388.25,395.2000122070313,1130650
2021-05-04,397.0,407.3500061035156,395.1499938964844,404.0499877929688,904377
2021-05-05,406.0,412.7000122070313,401.7000122070313,410.4500122070313,707428
2021-05-06,412.25,417.9500122070313,407.9500122070313,412.5,1063819
2021-05-07,414.0,419.8500061035156,411.2000122070313,416.0499877929688,819608
2021-05-10,418.2000122070313,454.0,417.6499938964844,451.2000122070313,3096757
2021-05-11,451.2000122070313,457.0,436.75,439.0,2493351
2021-05-12,440.9500122070313,453.6000061035156,430.0,435.9500122070313,1755211
2021-05-14,441.2999877929688,445.2999877929688,426.0,428.2999877929688,867556
2021-05-17,430.6000061035156,440.8999938964844,426.2999877929688,428.1499938964844,991524
2021-05-18,430.3999938964844,440.4500122070313,429.1000061035156,436.8500061035156,1327034
2021-05-19,439.75,444.25,430.0,435.3999938964844,1121662
2021-05-20,435.3999938964844,437.5499877929688,422.5499877929688,430.75,1092535
2021-05-21,444.0,465.8999938964844,426.1000061035156,450.6000061035156,15661484
2021-05-24,450.6000061035156,450.6000061035156,436.5,439.75,1527131
2021-05-25,442.0,446.3999938964844,428.6499938964844,434.7000122070313,1262347
2021-05-26,439.5,439.5,423.25,424.8500061035156,1288204
2021-05-27,426.0499877929688,431.0,421.0,429.8999938964844,1027802
2021-05-28,430.0,433.25,425.25,429.25,804669
2021-05-31,429.0,436.3999938964844,424.6000061035156,432.8500061035156,746021
2021-06-01,432.0,435.9500122070313,429.0,432.5,543857
2021-06-02,431.75,441.7999877929688,429.6000061035156,435.6000061035156,750045
2021-06-03,435.6000061035156,441.8999938964844,435.5,439.3500061035156,695389
2021-06-04,440.3999938964844,440.8999938964844,430.25,431.3999938964844,620183
2021-06-07,433.75,472.0,432.0,461.2000122070313,5968231
2021-06-08,462.0,489.7000122070313,461.75,468.5,9024820
2021-06-09,473.8999938964844,508.7000122070313,465.0,474.7000122070313,12342963
2021-06-10,479.9500122070313,482.9500122070313,468.0499877929688,470.8500061035156,3186303
2021-06-11,473.8999938964844,474.5,461.0499877929688,464.6499938964844,1698152
2021-06-14,464.6499938964844,464.9500122070313,445.8500061035156,458.7999877929688,2291051
2021-06-15,455.0,471.7999877929688,455.0,462.5499877929688,1246448
2021-06-16,464.8999938964844,472.25,455.25,467.7999877929688,1624938
2021-06-17,464.1000061035156,469.1000061035156,452.25,457.3999938964844,1403849
2021-06-18,458.0,463.0,439.4500122070313,455.3500061035156,2198717
2021-06-21,449.75,468.5,446.1000061035156,463.3500061035156,1676409
2021-06-22,466.0,471.3999938964844,457.0499877929688,458.75,1369609
2021-06-23,460.5,460.5,453.0499877929688,457.5,940388
2021-06-24,453.7000122070313,455.0,443.0,447.4500122070313,1389341
2021-06-25,446.9500122070313,455.0,444.6499938964844,452.0,686591
2021-06-28,453.5,460.1499938964844,445.1000061035156,452.3999938964844,1174109
2021-06-29,454.0,456.1499938964844,446.6000061035156,454.8500061035156,698402
2021-06-30,455.6000061035156,462.8999938964844,452.6499938964844,460.1000061035156,1035110
2021-07-01,462.0,462.0,454.0,458.2999877929688,441887
2021-07-02,455.25,465.75,455.25,464.6499938964844,820426
2021-07-05,469.6499938964844,472.0,462.0,468.8999938964844,1348370
2021-07-06,469.0,474.8999938964844,464.9500122070313,467.25,1150867
2021-07-07,465.0,471.7999877929688,461.2000122070313,470.4500122070313,445467
2021-07-08,470.9500122070313,475.0,466.6499938964844,471.25,1006484
2021-07-09,471.0,475.9500122070313,465.25,475.2000122070313,693825
2021-07-12,476.1499938964844,478.9500122070313,470.25,476.5,777136
2021-07-13,476.1000061035156,476.8500061035156,468.0,474.6499938964844,1131416
2021-07-14,475.0,475.75,470.5,473.2000122070313,414137
2021-07-15,475.7000122070313,483.8500061035156,472.4500122070313,480.1000061035156,1490916
2021-07-16,482.5,482.5,474.5,480.5,627623
2021-07-19,476.0,482.7000122070313,474.0,481.1000061035156,677467
2021-07-20,481.2000122070313,481.75,468.5499877929688,475.7000122070313,890897
2021-07-22,475.7000122070313,475.7000122070313,467.1000061035156,473.0,929153
2021-07-23,475.0,475.5499877929688,468.5,473.4500122070313,376596
2021-07-26,468.9500122070313,471.9500122070313,463.0,467.3999938964844,955011
2021-07-27,467.0,470.25,456.2000122070313,458.2999877929688,573971
2021-07-28,459.1499938964844,459.8500061035156,446.0,454.6000061035156,833983
2021-07-29,455.9500122070313,456.8500061035156,450.5,452.2000122070313,331119
2021-07-30,452.2000122070313,456.5,448.0499877929688,455.2000122070313,409490
2021-08-02,460.8500061035156,468.8999938964844,453.25,465.3999938964844,1621575
2021-08-03,469.6499938964844,469.6499938964844,459.1000061035156,464.4500122070313,866123
2021-08-04,464.4500122070313,475.5,463.2000122070313,471.75,882942
2021-08-05,475.0,475.3999938964844,464.0499877929688,473.2000122070313,538755
2021-08-06,476.1499938964844,480.0,466.1000061035156,475.0499877929688,1561862
2021-08-09,470.0,470.0,446.3500061035156,456.3999938964844,1921307
2021-08-10,454.5,462.2999877929688,445.1000061035156,456.4500122070313,1085595
2021-08-11,455.4500122070313,459.0499877929688,448.5499877929688,457.2000122070313,482111
2021-08-12,457.0,473.3500061035156,457.0,468.3500061035156,1602107
2021-08-13,468.0,474.2999877929688,462.6000061035156,464.25,983232
2021-08-16,463.9500122070313,466.3999938964844,458.2999877929688,459.9500122070313,278189
2021-08-17,458.5,461.75,450.0,456.1499938964844,951862
2021-08-18,455.5,461.0,451.3500061035156,460.1000061035156,967129
2021-08-20,457.0,457.7999877929688,443.8500061035156,453.1000061035156,674279
2021-08-23,452.1000061035156,459.8999938964844,437.25,453.5499877929688,1028391
2021-08-24,450.6000061035156,463.0,448.1000061035156,460.4500122070313,560910
2021-08-25,461.5,475.0,460.0499877929688,472.6499938964844,1229430
2021-08-26,475.9500122070313,477.6499938964844,465.7000122070313,473.1499938964844,3057691
2021-08-27,473.1499938964844,496.75,472.2000122070313,488.1499938964844,3236006
2021-08-30,490.0,499.7999877929688,487.5499877929688,490.8500061035156,2109663
2021-08-31,494.8999938964844,494.8999938964844,478.5,481.5,934369
2021-09-01,483.5,492.6000061035156,481.0,487.8500061035156,809156
2021-09-02,490.0,495.0,484.1000061035156,485.0499877929688,1016752
2021-09-03,486.0,490.4500122070313,483.8999938964844,486.25,515555
2021-09-06,485.0499877929688,485.6000061035156,478.0,478.8500061035156,480998
2021-09-07,479.6499938964844,480.8500061035156,470.2000122070313,471.7000122070313,871115
2021-09-08,472.0499877929688,485.2000122070313,464.8999938964844,482.5499877929688,1025584
2021-09-09,485.0,487.7999877929688,473.25,477.4500122070313,1537264
2021-09-13,477.0,482.9500122070313,471.8500061035156,480.75,481004
2021-09-14,480.5,484.25,476.6499938964844,482.25,304051
2021-09-15,481.0,500.0,480.0,488.8999938964844,2050714
2021-09-16,490.0,497.7000122070313,488.0,495.0,1172348
2021-09-17,498.0,498.8999938964844,476.2000122070313,481.8999938964844,1384011
2021-09-20,481.0,494.0,474.6000061035156,484.5,1126158
2021-09-21,486.0,491.9500122070313,477.1000061035156,491.0,673106
2021-09-22,500.0,503.7999877929688,485.2000122070313,492.9500122070313,1966270
2021-09-23,495.0,505.0,491.4500122070313,495.1499938964844,1553788
2021-09-24,497.7999877929688,501.9500122070313,488.7999877929688,498.5499877929688,1028602
2021-09-27,502.0,502.75,485.25,494.8999938964844,685799
2021-09-28,496.8999938964844,517.2000122070312,492.0499877929688,503.25,4017209
2021-09-29,505.8500061035156,527.3499755859375,498.3999938964844,516.4000244140625,4894804
2021-09-30,517.9000244140625,519.0,503.0499877929688,505.0499877929688,1140668
2021-10-01,504.0,507.8999938964844,490.2000122070313,501.3999938964844,977000
2021-10-04,501.5,510.3999938964844,499.75,502.6000061035156,657696
2021-10-05,500.0,519.5,498.7999877929688,515.1500244140625,1817013
2021-10-06,520.5,522.6500244140625,503.5499877929688,505.7000122070313,781849
2021-10-07,505.0,516.7999877929688,505.0,510.0499877929688,471190
2021-10-08,510.0499877929688,513.9000244140625,501.5499877929688,504.0,374514
2021-10-11,512.0,544.9000244140625,502.7999877929688,539.2999877929688,4867457
2021-10-12,542.0,544.0,519.0499877929688,520.9000244140625,1397416
2021-10-13,519.0,525.9000244140625,515.0999755859375,519.25,1386140
2021-10-14,520.9000244140625,522.9500122070312,513.7999877929688,515.4000244140625,387959
2021-10-18,516.7000122070312,527.9000244140625,515.8499755859375,521.2999877929688,1108317
2021-10-19,523.25,527.8499755859375,505.2000122070313,511.1000061035156,1289601
2021-10-20,511.2999877929688,517.3499755859375,496.0499877929688,498.2999877929688,1002255
2021-10-21,498.2999877929688,505.0,491.4500122070313,496.1000061035156,2200667
2021-10-22,501.7000122070313,505.7999877929688,490.0499877929688,497.1000061035156,607180
2021-10-25,497.1000061035156,497.6000061035156,482.25,494.1000061035156,683871
2021-10-26,490.1000061035156,506.9500122070313,486.5,499.1499938964844,780784
2021-10-27,498.8999938964844,504.7000122070313,495.2999877929688,499.7000122070313,862027
2021-10-28,520.0,536.0,485.3999938964844,488.7999877929688,7424700
2021-10-29,490.0,511.5,484.0,499.9500122070313,1308349
2021-11-01,505.0,511.0,494.5,503.7999877929688,656415
2021-11-02,506.0,525.5,505.0,522.0499877929688,1330349
2021-11-03,525.0499877929688,525.0499877929688,510.3500061035156,512.3499755859375,1314090
2021-11-04,515.0,517.5,514.0,515.5499877929688,64089
2021-11-08,515.7999877929688,531.0,515.6500244140625,529.6500244140625,765691
2021-11-09,528.5,539.0,527.3499755859375,529.7999877929688,880823
2021-11-10,529.0,545.5,525.4000244140625,538.7000122070312,1001719
2021-11-11,538.0,541.0499877929688,530.25,535.2999877929688,537716
2021-11-12,535.2999877929688,547.0,535.2999877929688,539.2999877929688,1334026
2021-11-15,540.0,550.9500122070312,540.0,545.4500122070312,835799
2021-11-16,545.0499877929688,549.0,540.0,542.7999877929688,1069585
2021-11-17,542.7999877929688,544.3499755859375,535.0,540.5999755859375,914669
2021-11-18,539.5499877929688,545.5,520.8499755859375,526.5499877929688,748124
2021-11-22,525.0,525.0,507.8999938964844,512.0499877929688,583012
2021-11-23,503.75,539.8499755859375,501.7999877929688,535.4500122070312,1457880
2021-11-24,531.0,557.9500122070312,531.0,550.5,2118292
2021-11-25,550.5,560.75,538.5999755859375,552.5499877929688,2506597
2021-11-26,547.9000244140625,554.4000244140625,536.0499877929688,538.0999755859375,782324
2021-11-29,533.5,537.7000122070312,521.6500244140625,533.5999755859375,513097
2021-11-30,531.0,555.0999755859375,530.0499877929688,551.2000122070312,1620463
2021-12-01,550.9500122070312,556.0,543.0499877929688,550.4000244140625,720482
2021-12-02,548.0,567.5,545.5999755859375,562.0499877929688,1409396
2021-12-03,562.0,571.0,559.0,565.2999877929688,806897
2021-12-06,566.7999877929688,576.9500122070312,551.75,554.7000122070312,1410805
2021-12-07,557.5999755859375,588.9500122070312,551.5499877929688,585.9000244140625,2030844
2021-12-08,590.0,591.7000122070312,576.5,582.75,1277695
2021-12-09,582.0,583.0,576.2999877929688,577.8499755859375,362390
2021-12-10,580.8499755859375,582.4000244140625,567.9000244140625,579.7000122070312,628423
2021-12-13,580.2000122070312,590.8499755859375,575.0,576.5499877929688,459749
2021-12-14,574.7999877929688,584.8499755859375,571.4500122070312,582.0499877929688,407005
2021-12-15,583.5,606.5499877929688,576.7999877929688,598.5999755859375,2282818
2021-12-16,599.0,603.2000122070312,554.75,557.4000244140625,2635061
2021-12-17,557.0,560.0,539.0999755859375,544.4500122070312,1426816
2021-12-20,539.9000244140625,539.9500122070312,526.0,537.3499755859375,522564
2021-12-21,540.0,548.2000122070312,531.4500122070312,536.75,623385
2021-12-22,537.0499877929688,542.4500122070312,532.5,535.0999755859375,527661
2021-12-23,538.0,545.3499755859375,535.7000122070312,542.2000122070312,561881
2021-12-24,544.9500122070312,547.9000244140625,529.5499877929688,533.4000244140625,536765
2021-12-27,530.1500244140625,540.6500244140625,527.2999877929688,538.0,520997
2021-12-28,543.3499755859375,546.5,534.0,544.9500122070312,839069
2021-12-29,544.7999877929688,548.7999877929688,538.8499755859375,540.9000244140625,382180
2021-12-30,542.9000244140625,551.75,533.0,549.0499877929688,827908
2021-12-31,549.1500244140625,555.0,545.2999877929688,553.5499877929688,393467
2022-01-03,554.0999755859375,559.0,552.0,555.0999755859375,312604
2022-01-04,558.9000244140625,573.0999755859375,556.0,570.5999755859375,1178814
2022-01-05,569.4000244140625,577.7000122070312,562.5,566.2000122070312,744489
2022-01-06,560.0,571.9000244140625,556.7000122070312,568.4000244140625,538995
2022-01-07,565.7999877929688,579.0,565.7999877929688,574.7999877929688,513874
2022-01-10,577.9500122070312,586.0,571.25,574.9000244140625,872525
2022-01-11,576.0,589.7999877929688,576.0,580.9500122070312,823192
2022-01-12,581.9500122070312,583.4500122070312,571.0,572.9000244140625,275515
2022-01-13,573.2000122070312,581.8499755859375,567.9500122070312,578.4000244140625,404723
2022-01-14,576.0,584.6500244140625,575.3499755859375,578.8499755859375,564355
2022-01-17,580.1500244140625,583.0,574.25,579.7999877929688,356065
2022-01-18,580.2000122070312,583.8499755859375,563.7000122070312,565.5,234265
2022-01-19,566.0999755859375,567.5999755859375,557.9500122070312,563.7000122070312,820170
2022-01-20,565.0,578.0,560.6500244140625,573.2999877929688,765015
2022-01-21,572.2999877929688,574.0499877929688,548.0,550.5499877929688,994484
2022-01-24,549.0,553.0999755859375,531.0999755859375,536.9000244140625,355331
2022-01-25,530.2000122070312,543.7000122070312,521.5499877929688,540.9500122070312,870237
2022-01-27,536.7000122070312,548.2999877929688,530.0,536.2000122070312,635689
2022-01-28,540.25,554.2999877929688,536.25,542.0,639383
2022-01-31,548.4500122070312,549.4000244140625,539.0999755859375,545.7000122070312,1073260
2022-02-01,545.5,551.9500122070312,532.2000122070312,544.0499877929688,832461
2022-02-02,545.3499755859375,550.5,543.3499755859375,546.2999877929688,244114
2022-02-03,546.0,547.5,537.2999877929688,539.8499755859375,266058
2022-02-04,543.5,589.9000244140625,543.0999755859375,580.3499755859375,7770569
2022-02-07,577.0,578.0,522.3499755859375,524.0999755859375,3768139
2022-02-08,526.0,535.0499877929688,505.2000122070313,510.1000061035156,3109561
2022-02-09,514.7999877929688,522.4500122070312,503.8500061035156,512.3499755859375,1220257
2022-02-10,508.7999877929688,511.4500122070313,500.5,506.2000122070313,917329
2022-02-11,505.7999877929688,511.7999877929688,491.2000122070313,495.3999938964844,1400187
2022-02-14,481.2999877929688,494.0499877929688,476.2999877929688,479.8500061035156,721629
2022-02-15,483.0,484.7000122070313,471.4500122070313,482.25,1024921
2022-02-16,487.1499938964844,488.4500122070313,473.8999938964844,475.4500122070313,1399051
2022-02-17,478.0,484.7999877929688,475.1000061035156,479.2000122070313,922823
2022-02-18,480.9500122070313,492.8999938964844,477.9500122070313,479.5,1604727
2022-02-21,478.7999877929688,484.9500122070313,473.25,477.6499938964844,559721
2022-02-22,470.0,474.0,458.0,472.2000122070313,468299
2022-02-23,474.0,483.9500122070313,471.7999877929688,474.3500061035156,500223
2022-02-24,463.0,468.2000122070313,433.0,444.0499877929688,725901
2022-02-25,450.0,466.5,450.0,464.8500061035156,445914
2022-02-28,458.0,477.0,457.0499877929688,475.2000122070313,379802
2022-03-02,470.7000122070313,483.6499938964844,468.8500061035156,479.5,443162
2022-03-03,484.9500122070313,486.6499938964844,477.6000061035156,479.9500122070313,260512
2022-03-04,475.0,481.7000122070313,466.3500061035156,468.75,311250
2022-03-07,460.0,473.25,448.4500122070313,465.5499877929688,238804
2022-03-08,464.7000122070313,480.0,460.3999938964844,468.7999877929688,577601
2022-03-09,471.2999877929688,478.0,470.0,474.8500061035156,254402
2022-03-10,480.0,486.0,477.0,483.3500061035156,474785
2022-03-11,486.6499938964844,490.3999938964844,479.5,480.8500061035156,1160192
2022-03-14,480.8500061035156,486.8999938964844,476.0,484.75,380517
2022-03-15,484.0,488.8500061035156,474.6000061035156,477.2999877929688,258379
2022-03-16,479.7999877929688,488.0,479.7999877929688,486.1000061035156,389812
2022-03-17,494.0499877929688,494.0499877929688,481.2999877929688,483.2000122070313,681311
2022-03-21,485.6000061035156,486.8999938964844,480.0,482.2000122070313,165135
2022-03-22,482.2000122070313,487.0,478.6000061035156,485.3999938964844,216083
2022-03-23,488.0,493.7000122070313,478.5499877929688,484.3500061035156,498893
2022-03-24,484.0,495.7999877929688,480.0,494.3999938964844,425873
2022-03-25,499.0,499.2000122070313,484.2000122070313,485.9500122070313,595638
2022-03-28,489.8999938964844,492.4500122070313,479.8500061035156,490.4500122070313,228813
2022-03-29,495.0,495.8999938964844,489.25,490.5499877929688,176995
2022-03-30,490.5499877929688,492.9500122070313,482.2000122070313,489.3999938964844,291680
2022-03-31,492.0,494.0,487.1499938964844,491.8500061035156,184809
2022-04-01,490.6000061035156,504.5499877929688,488.5,502.5,606197
2022-04-04,504.0,511.2000122070313,502.5499877929688,509.0499877929688,365401
2022-04-05,512.0,538.7000122070312,506.7000122070313,533.2000122070312,1206501
2022-04-06,529.5,553.0,520.4000244140625,540.9000244140625,3289661
2022-04-07,542.9000244140625,551.9500122070312,531.5,537.3499755859375,1034820
2022-04-08,539.75,544.7000122070312,535.6500244140625,542.5499877929688,348421
2022-04-11,541.9500122070312,563.4500122070312,541.2000122070312,560.0999755859375,1390063
2022-04-12,560.0,570.8499755859375,544.7999877929688,548.0499877929688,1614322
2022-04-13,548.5,563.7999877929688,545.4000244140625,548.0499877929688,966351
2022-04-18,549.4000244140625,577.8499755859375,540.7999877929688,570.5,1645800
2022-04-19,571.2000122070312,572.5,542.0,547.5999755859375,816279
2022-04-20,545.5999755859375,556.5999755859375,545.5999755859375,550.6500244140625,378515
2022-04-21,555.0,563.25,532.0,557.6500244140625,282523
2022-04-22,554.8499755859375,556.4500122070312,538.8499755859375,541.5999755859375,189865
2022-04-25,541.7999877929688,545.5999755859375,533.0999755859375,537.0499877929688,660146
2022-04-26,541.0,554.4000244140625,539.75,546.9500122070312,556162
2022-04-27,544.0,554.25,537.1500244140625,544.75,453048
2022-04-28,545.0,550.5999755859375,538.5999755859375,548.0,467619
2022-04-29,548.2000122070312,553.7000122070312,530.0,533.1500244140625,395524
2022-05-02,529.1500244140625,538.2000122070312,526.25,536.7000122070312,327466
2022-05-04,536.6500244140625,545.5999755859375,526.9500122070312,528.8499755859375,709229
2022-05-05,535.0,540.4000244140625,518.2999877929688,523.0,485823
2022-05-06,518.0,522.3499755859375,486.8500061035156,493.4500122070313,1166138
2022-05-09,488.0,490.4500122070313,472.2000122070313,486.2999877929688,1208803
2022-05-10,480.25,496.7999877929688,464.4500122070313,468.6000061035156,1153281
2022-05-11,457.0,493.7000122070313,449.0,452.4500122070313,2411659
2022-05-12,452.4500122070313,459.2999877929688,430.2999877929688,438.8500061035156,1043176
2022-05-13,447.0,449.2000122070313,428.0,431.6499938964844,425307
2022-05-16,431.25,434.4500122070313,423.25,429.8500061035156,527472
2022-05-17,432.75,443.25,430.2000122070313,440.25,443511
2022-05-18,443.3999938964844,446.1000061035156,432.2000122070313,434.2999877929688,444804
2022-05-19,427.0,433.1000061035156,415.25,419.7999877929688,499447
2022-05-20,423.7999877929688,431.4500122070313,423.6000061035156,429.6499938964844,237546
2022-05-23,430.9500122070313,436.0,426.7000122070313,429.6499938964844,333652
2022-05-24,431.75,443.7000122070313,428.1000061035156,430.5,1235154
2022-05-25,431.5,437.9500122070313,427.0499877929688,431.8500061035156,718678
2022-05-26,433.0,442.3999938964844,419.6000061035156,440.9500122070313,379813
2022-05-27,441.75,443.8500061035156,431.75,433.1000061035156,330812
2022-05-30,435.0,453.9500122070313,430.1499938964844,444.4500122070313,548196
2022-05-31,446.0,460.9500122070313,440.0,456.0499877929688,1454096
2022-06-01,460.0,481.5,454.5,479.25,1718825
2022-06-02,475.0,483.3500061035156,470.1499938964844,480.8999938964844,465967
2022-06-03,481.0,484.6499938964844,464.0,465.5499877929688,479468
2022-06-06,465.5499877929688,465.5499877929688,454.2000122070313,459.1499938964844,166225
2022-06-07,457.9500122070313,461.4500122070313,452.7000122070313,456.6499938964844,259434
2022-06-08,456.6499938964844,460.75,449.1000061035156,458.0499877929688,280457
2022-06-09,456.4500122070313,459.75,448.6000061035156,457.3500061035156,207483
2022-06-10,452.1000061035156,468.7999877929688,452.1000061035156,466.0,1029595
2022-06-13,461.3500061035156,466.8999938964844,447.5,455.8500061035156,758543
2022-06-14,455.9500122070313,473.0499877929688,455.0,471.3500061035156,1105510
2022-06-15,475.0499877929688,487.3500061035156,470.1000061035156,474.2999877929688,1712880
2022-06-16,481.0,481.0,465.1000061035156,469.75,1212931
2022-06-17,467.4500122070313,479.1000061035156,461.75,465.6000061035156,846318
2022-06-20,465.0,469.2000122070313,449.1000061035156,453.6000061035156,469991
2022-06-21,452.75,466.9500122070313,450.6000061035156,463.3500061035156,476825
2022-06-22,462.8500061035156,474.8999938964844,454.2000122070313,460.5,716282
2022-06-23,464.3999938964844,464.3999938964844,443.1499938964844,455.7999877929688,695005
2022-06-24,455.7999877929688,464.5499877929688,454.0499877929688,462.6000061035156,314591
2022-06-27,463.5499877929688,474.7000122070313,463.25,469.6499938964844,268302
2022-06-28,468.8999938964844,476.8999938964844,461.1000061035156,475.2999877929688,480685
2022-06-29,470.5499877929688,475.6000061035156,457.0499877929688,460.1000061035156,774595
2022-06-30,461.0,463.1000061035156,447.6000061035156,451.6499938964844,414677
2022-07-01,451.0,460.6000061035156,449.3999938964844,458.3999938964844,220456
2022-07-04,457.5,466.8999938964844,455.0,465.7000122070313,222648
2022-07-05,468.7000122070313,474.75,465.1499938964844,471.9500122070313,482182
2022-07-06,472.5,479.2000122070313,469.2000122070313,477.6000061035156,252938
2022-07-07,479.75,483.1000061035156,477.3500061035156,480.2999877929688,210536
2022-07-08,482.4500122070313,484.8999938964844,474.0,480.8500061035156,225955
2022-07-11,478.5499877929688,493.0,475.2000122070313,488.9500122070313,290019
2022-07-12,489.5499877929688,495.3500061035156,472.2999877929688,475.8999938964844,610344
2022-07-13,478.75,489.75,477.0,481.8500061035156,489593
2022-07-14,484.6000061035156,491.0,482.5,489.8999938964844,413597
2022-07-15,492.7000122070313,498.0,490.2999877929688,497.0499877929688,410106
2022-07-18,500.0,518.0,500.0,516.8499755859375,668856
2022-07-19,514.8499755859375,527.0,513.0999755859375,523.2999877929688,554599
2022-07-20,528.9500122070312,528.9500122070312,507.2000122070313,511.6000061035156,475779
2022-07-21,511.7999877929688,515.5499877929688,507.0499877929688,508.75,271885
2022-07-22,508.75,512.0,499.3999938964844,503.2000122070313,854890
2022-07-25,503.2000122070313,509.2000122070313,500.6000061035156,504.25,1153332
2022-07-26,504.2000122070313,511.3500061035156,498.8999938964844,501.6499938964844,555617
2022-07-27,501.0,511.9500122070313,497.2000122070313,510.1000061035156,489142
2022-07-28,511.75,513.4500122070312,501.0,502.8500061035156,394553
2022-07-29,504.9500122070313,526.75,504.9500122070313,524.75,783185
2022-08-01,526.75,532.0,521.25,527.1500244140625,582879
2022-08-02,527.1500244140625,532.9000244140625,523.25,531.2000122070312,409849
2022-08-03,530.9500122070312,534.4500122070312,523.7000122070312,533.0499877929688,239748
2022-08-04,534.9000244140625,538.9000244140625,524.9500122070312,531.5999755859375,576025
2022-08-05,529.0,543.9000244140625,528.4000244140625,540.8499755859375,318171
2022-08-08,540.0,549.6500244140625,537.3499755859375,548.5,445171
2022-08-10,565.0,565.0,540.7000122070312,542.25,1509501
2022-08-11,545.0,559.4000244140625,542.8499755859375,556.8499755859375,343176
2022-08-12,555.0,583.9000244140625,553.6500244140625,579.2000122070312,1040317
2022-08-16,579.2000122070312,583.9500122070312,573.75,580.9500122070312,524972
2022-08-17,581.7999877929688,592.0,579.25,581.75,466031
2022-08-18,580.0,589.9000244140625,577.2999877929688,587.5,416249
2022-08-19,587.5999755859375,597.1500244140625,581.5999755859375,586.4000244140625,323024
2022-08-22,585.9500122070312,610.0,574.5,583.5499877929688,1587273
2022-08-23,583.5,593.8499755859375,577.75,580.8499755859375,673814
2022-08-24,584.4500122070312,591.7000122070312,574.2999877929688,580.9500122070312,602804
2022-08-25,582.0,586.0,570.5,571.9500122070312,385349
2022-08-26,575.0,579.9500122070312,574.0,576.3499755859375,430991
2022-08-29,565.0,579.9500122070312,565.0,578.75,180340
2022-08-30,580.0999755859375,584.4000244140625,576.6500244140625,582.1500244140625,322415
2022-09-01,576.0,591.8499755859375,575.2000122070312,583.0999755859375,281377
2022-09-02,585.5,588.9500122070312,573.7999877929688,577.4000244140625,435849
2022-09-05,577.4000244140625,581.5499877929688,570.2000122070312,572.5999755859375,775095
2022-09-06,572.75,591.9000244140625,572.75,580.0999755859375,1930422
2022-09-07,580.0999755859375,591.2999877929688,578.4000244140625,580.7999877929688,858247
2022-09-08,583.7000122070312,587.0,571.7999877929688,573.4500122070312,300802
2022-09-09,575.3499755859375,579.8499755859375,562.9500122070312,565.7000122070312,328987
2022-09-12,567.8499755859375,574.0,558.75,560.9500122070312,565980
2022-09-13,563.0,568.4000244140625,551.25,552.6500244140625,347245
2022-09-14,548.0,557.25,545.2000122070312,546.5499877929688,518910
2022-09-15,549.75,559.1500244140625,548.3499755859375,553.7000122070312,793298
2022-09-16,555.2000122070312,557.9500122070312,535.0,540.5999755859375,520713
2022-09-19,541.0,546.5,533.4500122070312,539.0999755859375,225478
2022-09-20,544.0,550.9000244140625,540.0999755859375,545.3499755859375,202450
2022-09-21,545.3499755859375,549.5499877929688,535.0999755859375,537.25,256847
2022-09-22,531.2000122070312,537.4000244140625,525.0999755859375,534.0,378990
2022-09-23,533.9500122070312,536.75,520.3499755859375,521.75,357807
2022-09-26,518.0499877929688,518.0499877929688,492.5,494.6000061035156,712467
2022-09-27,495.2000122070313,508.5499877929688,493.1000061035156,504.0,658739
2022-09-28,499.1000061035156,506.0,490.8999938964844,493.9500122070313,456156
2022-09-29,497.1499938964844,499.8500061035156,478.0,482.8999938964844,445651
2022-09-30,484.7000122070313,491.2999877929688,474.9500122070313,486.8999938964844,484669
2022-10-03,488.8999938964844,493.2999877929688,479.75,482.8500061035156,754927
2022-10-04,487.75,505.0,485.0,502.9500122070313,1137887
2022-10-06,506.8500061035156,511.0,501.6000061035156,502.5,269751
2022-10-07,503.1000061035156,504.8999938964844,488.1499938964844,490.8500061035156,340421
2022-10-10,484.0,493.5499877929688,481.0,491.3500061035156,380492
2022-10-11,493.7999877929688,493.8500061035156,479.6000061035156,480.5,212229
2022-10-12,482.8999938964844,486.6499938964844,480.3999938964844,483.8500061035156,363771
2022-10-13,483.0,485.6499938964844,475.3999938964844,479.5499877929688,251988
2022-10-14,484.0,487.5,476.4500122070313,478.0,204800
2022-10-17,477.0,483.7000122070313,475.5499877929688,482.2999877929688,188182
2022-10-18,484.75,485.2000122070313,477.5,482.4500122070313,279844
2022-10-19,484.8999938964844,489.5,480.0499877929688,481.3999938964844,419315
2022-10-20,478.9500122070313,486.75,476.0,485.3999938964844,238066
2022-10-21,486.4500122070313,487.7000122070313,480.3999938964844,484.3999938964844,108634
2022-10-24,487.0,489.8999938964844,480.1000061035156,485.75,50151
2022-10-25,488.2000122070313,508.0,483.8500061035156,507.25,854864
2022-10-27,507.25,515.0,500.1499938964844,506.2999877929688,350944
2022-10-28,506.2000122070313,508.5499877929688,493.1499938964844,499.7000122070313,241889
2022-10-31,502.0,507.3500061035156,499.2000122070313,504.3500061035156,136507
2022-11-01,505.2999877929688,520.0,505.2999877929688,518.5499877929688,653923
2022-11-02,521.9500122070312,524.7000122070312,504.8500061035156,506.7000122070313,824430
2022-11-03,504.5,511.5499877929688,500.4500122070313,509.7999877929688,248017
2022-11-04,509.7999877929688,516.0,509.3500061035156,510.75,211024
2022-11-07,511.7999877929688,515.8499755859375,507.8500061035156,510.7000122070313,290040
2022-11-09,506.0,513.25,503.5499877929688,505.6499938964844,304779
2022-11-10,505.2999877929688,511.0,498.8500061035156,509.0,362506
2022-11-11,520.0499877929688,527.5499877929688,505.6499938964844,509.0,941207
2022-11-14,510.0,518.5,506.8999938964844,516.4000244140625,293071
2022-11-15,518.5,522.0,511.6000061035156,519.9500122070312,385563
2022-11-16,519.9500122070312,523.6500244140625,506.0,509.3500061035156,254670
2022-11-17,509.0,514.3499755859375,505.2999877929688,510.7000122070313,265900
2022-11-18,512.0,515.7000122070312,506.7000122070313,512.0999755859375,170098
2022-11-21,511.9500122070313,527.0,508.0,525.1500244140625,376858
2022-11-22,529.0,540.0,523.6500244140625,530.0499877929688,1929291
2022-11-23,532.5,541.7999877929688,529.0499877929688,537.2000122070312,566216
2022-11-24,539.8499755859375,541.7999877929688,531.6500244140625,538.0999755859375,419836
2022-11-25,539.7999877929688,549.7000122070312,538.0,546.5,554988
2022-11-28,546.5,549.8499755859375,537.0999755859375,547.75,408754
2022-11-29,547.0,548.6500244140625,535.4500122070312,537.5,295357
2022-11-30,537.0,540.9500122070312,534.25,537.7000122070312,208439
2022-12-01,539.8499755859375,546.7999877929688,539.0,543.0,372795
2022-12-02,541.8499755859375,551.5,540.25,549.7000122070312,344496
2022-12-05,550.25,553.5,541.5,547.5,273850
2022-12-06,545.0,547.9000244140625,537.25,543.3499755859375,334920
2022-12-07,543.3499755859375,547.4000244140625,540.2000122070312,543.3499755859375,194240
2022-12-08,543.0,545.9500122070312,539.25,540.4500122070312,522584
2022-12-09,540.9500122070312,543.2999877929688,526.0,528.6500244140625,189220
2022-12-12,528.6500244140625,533.5,522.7000122070312,528.9000244140625,119932
2022-12-13,529.3499755859375,531.7000122070312,522.4000244140625,525.8499755859375,205913
2022-12-14,526.2999877929688,528.5999755859375,521.0999755859375,522.3499755859375,209026
2022-12-15,522.0,530.0,521.6500244140625,523.8499755859375,223770
2022-12-16,521.5499877929688,527.9000244140625,511.5499877929688,513.5999755859375,282437
2022-12-19,513.5999755859375,518.7999877929688,508.4500122070313,515.2000122070312,1478848
2022-12-20,517.5,518.0,508.1000061035156,511.7000122070313,303823
2022-12-21,512.5,517.0,503.6499938964844,509.1499938964844,270336
2022-12-22,511.6499938964844,512.9000244140625,497.0,498.8500061035156,230108
2022-12-23,493.2000122070313,498.75,475.3999938964844,477.3999938964844,171057
2022-12-26,476.0,491.2999877929688,476.0,489.8500061035156,194406
2022-12-27,490.1000061035156,495.2999877929688,487.6499938964844,492.8500061035156,155331
2022-12-28,492.8500061035156,498.8999938964844,489.0499877929688,495.7999877929688,109134
2022-12-29,493.5499877929688,502.9500122070313,489.0499877929688,496.7999877929688,174770
2022-12-30,497.2000122070313,503.7000122070313,491.0,492.3500061035156,247252
2023-01-02,498.7999877929688,502.25,492.0,500.6000061035156,188637
2023-01-03,501.0,505.8500061035156,497.0499877929688,499.4500122070313,266421
2023-01-04,499.2000122070313,502.5,483.0499877929688,484.3999938964844,203566
2023-01-05,486.0,490.0,478.7999877929688,484.6000061035156,511661
2023-01-06,483.8500061035156,486.75,478.0,480.9500122070313,117220
2023-01-09,482.0,488.2000122070313,481.0,486.7999877929688,138957
2023-01-10,486.7999877929688,491.8999938964844,484.0,486.75,143284
2023-01-11,487.75,489.8500061035156,482.1000061035156,488.6000061035156,141961
2023-01-12,488.6000061035156,490.8999938964844,483.1000061035156,484.4500122070313,169141
2023-01-13,484.2999877929688,485.6000061035156,478.75,481.0,188066
2023-01-16,482.0499877929688,484.5,477.1499938964844,479.1000061035156,298246
2023-01-17,479.0,484.8999938964844,475.2000122070313,482.5499877929688,163214
2023-01-18,483.0,484.9500122070313,478.3500061035156,479.5499877929688,138196
2023-01-19,475.0,475.8999938964844,454.3500061035156,455.75,1145506
2023-01-20,453.2999877929688,465.0,451.4500122070313,460.0,488458
2023-01-23,457.5499877929688,492.8999938964844,457.0,491.0,2251975
2023-01-24,490.0,493.2000122070313,472.3999938964844,473.75,835225
2023-01-25,469.0,473.1000061035156,461.25,465.0,540495
2023-01-27,465.7000122070313,468.1000061035156,438.0,439.8999938964844,406744
2023-01-30,437.5,441.25,430.8500061035156,435.25,703156
2023-01-31,435.0,452.3999938964844,434.9500122070313,449.9500122070313,416986
2023-02-01,450.0499877929688,459.7000122070313,434.1499938964844,439.3999938964844,469072
2023-02-02,439.3999938964844,448.0,435.5,442.9500122070313,337596
2023-02-03,444.3999938964844,445.25,433.1000061035156,443.25,212893
2023-02-06,441.9500122070313,449.1499938964844,440.2000122070313,444.9500122070313,155197
2023-02-07,444.9500122070313,449.0499877929688,437.5,446.75,293974
2023-02-08,446.75,453.6000061035156,441.25,452.4500122070313,216545
2023-02-09,452.4500122070313,454.0499877929688,448.6499938964844,449.4500122070313,475733
2023-02-10,448.5499877929688,454.5,446.8500061035156,453.25,159007
2023-02-13,453.25,458.9500122070313,449.0,457.3999938964844,388405
2023-02-14,457.5499877929688,459.1000061035156,450.2999877929688,457.0,417319
2023-02-15,494.3999938964844,507.1499938964844,481.7000122070313,504.3999938964844,13087706
2023-02-16,504.0,512.4000244140625,500.25,509.5,2642615
2023-02-17,508.7000122070313,512.0999755859375,503.1000061035156,506.75,937022
2023-02-20,508.9500122070313,517.9000244140625,505.0499877929688,511.4500122070313,1255526
2023-02-21,513.0,520.2000122070312,507.6000061035156,517.9500122070312,898392
2023-02-22,496.0,504.7999877929688,488.5499877929688,495.8999938964844,1563125
2023-02-23,493.0,506.0,490.5,502.5499877929688,683218
2023-02-24,503.2000122070313,506.7000122070313,495.6000061035156,496.7000122070313,260551
2023-02-27,497.0,504.7999877929688,492.7000122070313,503.25,373184
2023-02-28,503.1000061035156,514.25,500.25,506.3500061035156,683583
2023-03-01,506.3500061035156,509.5499877929688,503.2000122070313,506.5499877929688,334566
2023-03-02,506.5499877929688,518.0,504.5,515.5999755859375,818769
2023-03-03,518.5,523.2000122070312,508.8500061035156,510.75,636927
2023-03-06,515.0,525.4500122070312,511.0499877929688,520.75,475485
2023-03-08,519.0,534.5499877929688,517.5,530.75,730588
2023-03-09,530.5,537.1500244140625,528.0499877929688,533.3499755859375,556576
2023-03-10,528.0,536.8499755859375,528.0,535.9000244140625,367313
2023-03-13,536.0,541.4500122070312,527.9500122070312,531.3499755859375,893291
2023-03-14,531.0,536.75,525.6500244140625,527.9000244140625,470282
2023-03-15,528.6500244140625,542.0,527.0,538.0499877929688,512885
2023-03-16,534.2999877929688,548.0,533.4500122070312,545.5999755859375,391132
2023-03-17,548.0,550.0,533.4500122070312,535.3499755859375,723764
2023-03-20,533.0,537.7999877929688,528.0499877929688,530.0499877929688,378019
2023-03-21,531.3499755859375,534.7000122070312,516.9500122070312,519.1500244140625,411254
2023-03-22,519.0,520.75,513.5,516.9500122070312,437653
2023-03-23,514.0999755859375,523.7000122070312,511.4500122070313,515.5,356863
2023-03-24,515.0,517.25,500.5,502.8999938964844,410113
2023-03-27,505.5,505.9500122070313,484.2000122070313,487.2000122070313,648980
2023-03-28,487.25,514.9000244140625,485.5499877929688,511.3500061035156,1594416
2023-03-29,509.8999938964844,534.5,507.3999938964844,530.25,2390188
2023-03-31,530.2999877929688,530.2999877929688,506.5,510.3999938964844,753861
2023-04-03,516.9500122070312,523.0,513.0,520.6500244140625,336360
2023-04-05,514.9500122070312,524.9500122070312,514.0,522.1500244140625,488326
2023-04-06,522.1500244140625,530.0,518.0499877929688,521.3499755859375,241931
2023-04-10,520.7999877929688,525.2999877929688,515.8499755859375,520.0,8723233
2023-04-11,525.0,549.7999877929688,525.0,545.1500244140625,1134614
2023-04-12,545.0499877929688,545.0499877929688,528.0,535.5499877929688,490381
2023-04-13,537.0,542.5,535.5,539.0,328941
2023-04-17,539.4500122070312,540.9000244140625,513.7999877929688,519.9500122070312,775065
2023-04-18,523.6500244140625,532.9000244140625,522.25,531.2999877929688,265988
2023-04-19,531.0,539.0,530.7999877929688,533.4000244140625,253027
2023-04-20,533.0,541.0,532.2000122070312,538.0,128613
2023-04-21,538.0,541.6500244140625,536.0,540.7999877929688,279636
2023-04-24,540.7999877929688,545.0,537.3499755859375,544.0499877929688,132400
2023-04-25,544.7999877929688,544.7999877929688,541.3499755859375,543.2999877929688,95231
2023-04-26,541.0,545.0,536.9000244140625,540.0,252945
2023-04-27,540.0,543.9000244140625,538.0999755859375,542.0499877929688,67858
2023-04-28,542.7999877929688,557.7999877929688,539.2000122070312,551.4000244140625,310652
2023-05-02,551.4000244140625,559.5,540.0,541.8499755859375,212202
2023-05-03,541.8499755859375,547.2000122070312,533.2999877929688,538.7999877929688,376571
2023-05-04,538.7999877929688,549.0,538.75,547.7000122070312,81903
2023-05-05,547.7000122070312,553.75,539.75,540.4500122070312,113547
2023-05-08,541.0,549.0,538.0,546.0999755859375,121222
2023-05-09,546.0,547.0,518.5999755859375,533.5999755859375,219551
2023-05-10,535.7999877929688,541.2999877929688,534.0,537.8499755859375,125077
2023-05-11,538.7999877929688,543.7999877929688,530.0,537.8499755859375,112082
2023-05-12,537.8499755859375,541.0,527.7999877929688,535.1500244140625,230059
2023-05-15,533.5,535.1500244140625,530.4000244140625,531.9500122070312,97162
2023-05-16,532.0,536.3499755859375,523.5499877929688,529.5999755859375,247224
2023-05-17,530.0,536.4000244140625,524.7999877929688,534.4500122070312,136629
2023-05-18,536.0,540.0,532.0,535.1500244140625,114854
2023-05-19,534.9000244140625,534.9000244140625,525.9500122070312,527.1500244140625,80712
2023-05-22,527.1500244140625,532.8499755859375,522.4000244140625,530.1500244140625,67594
2023-05-23,530.3499755859375,537.9000244140625,521.5,535.3499755859375,162633
2023-05-24,534.9500122070312,555.5,532.5499877929688,552.9000244140625,477060
2023-05-25,554.1500244140625,561.0,543.3499755859375,555.5499877929688,418734
2023-05-26,555.5499877929688,559.6500244140625,548.0,552.5,172223
2023-05-29,555.4000244140625,557.4500122070312,546.0,555.3499755859375,141289
2023-05-30,557.7999877929688,568.5,546.0,566.5,903975
2023-05-31,565.0,565.1500244140625,547.2999877929688,551.4000244140625,382258
2023-06-01,552.0,566.0,548.2000122070312,561.5499877929688,311774
2023-06-02,562.0,565.5,555.5499877929688,563.7999877929688,137857
2023-06-05,565.2999877929688,591.9500122070312,564.0,588.5499877929688,1114451
2023-06-06,589.8499755859375,615.0,585.5499877929688,612.2000122070312,984236
2023-06-07,630.0,725.4000244140625,628.0,687.75,8361595
2023-06-08,720.0,748.8499755859375,651.6500244140625,667.7000122070312,7294249
2023-06-09,674.0,694.7000122070312,654.25,680.4000244140625,1954838
2023-06-12,681.0,687.9000244140625,667.0,683.1500244140625,737341
2023-06-13,685.0,685.5999755859375,665.0,670.25,580498
2023-06-14,670.2000122070312,675.75,661.0,663.0,484869
2023-06-15,663.1500244140625,674.3499755859375,653.0999755859375,655.9500122070312,536734
2023-06-16,656.0,678.7999877929688,651.2999877929688,671.0,1204655
2023-06-19,671.4500122070312,685.9500122070312,667.0999755859375,673.25,512592
2023-06-20,672.0,674.9500122070312,656.5999755859375,660.0499877929688,416821
2023-06-21,661.0,667.5999755859375,656.0,660.7999877929688,204714
2023-06-22,661.0,673.0,650.0,652.75,345148
2023-06-23,652.9500122070312,662.9500122070312,636.0499877929688,640.75,450078
2023-06-26,640.75,644.25,624.6500244140625,631.4500122070312,331190
2023-06-27,634.9000244140625,640.0,625.9000244140625,627.5999755859375,241524
2023-06-28,630.9000244140625,634.0,615.5,619.3499755859375,401256
2023-06-30,625.5,628.0,612.0999755859375,615.25,381719
2023-07-03,617.9000244140625,619.9000244140625,604.25,606.1500244140625,351167
2023-07-04,611.0,618.4500122070312,588.0999755859375,590.9000244140625,633858
2023-07-05,592.9000244140625,619.9000244140625,592.9000244140625,609.7000122070312,1367642
2023-07-06,612.9000244140625,644.9000244140625,612.0,640.3499755859375,4530043
2023-07-07,644.0,648.5,630.0,633.5499877929688,660897
2023-07-10,636.0999755859375,637.5,612.4000244140625,619.0499877929688,446632
2023-07-11,622.0,634.0,618.0,624.1500244140625,394233
2023-07-12,626.0,634.9000244140625,621.6500244140625,625.8499755859375,333785
2023-07-13,626.9000244140625,628.9500122070312,607.75,612.0999755859375,339317
2023-07-14,612.9500122070312,618.4500122070312,608.5,610.4500122070312,217457
2023-07-17,612.0,619.8499755859375,604.75,609.9000244140625,580804
2023-07-18,610.75,622.0,608.75,617.7000122070312,305340
2023-07-19,620.9000244140625,637.0,619.2000122070312,625.5999755859375,574493
2023-07-20,630.0,630.7999877929688,610.7999877929688,614.5499877929688,302739
2023-07-21,611.0,618.0,610.5499877929688,613.2000122070312,369097
2023-07-24,613.4500122070312,616.9000244140625,601.0,603.8499755859375,202839
2023-07-25,612.0,634.0,608.0,611.5499877929688,1163389
2023-07-26,614.0,642.0,613.5,638.9500122070312,1301998
2023-07-27,644.0,646.9500122070312,629.0,632.0499877929688,494115
2023-07-28,631.9000244140625,677.6500244140625,629.5499877929688,671.7999877929688,2190843
2023-07-31,675.0,682.0,665.2000122070312,676.75,654223
2023-08-01,678.9500122070312,679.9000244140625,668.2000122070312,677.7999877929688,387941
2023-08-02,676.5,678.0,651.0,664.1500244140625,523123
2023-08-03,662.9500122070312,677.9500122070312,656.6500244140625,668.7000122070312,265718
2023-08-04,678.0,681.0,661.3499755859375,666.0,273954
2023-08-07,669.9000244140625,669.9000244140625,655.5499877929688,660.0999755859375,130880
2023-08-08,661.0999755859375,663.2000122070312,653.0,657.5499877929688,118313
2023-08-09,657.5499877929688,674.4000244140625,651.9500122070312,662.0499877929688,914069
2023-08-10,665.0499877929688,675.0,661.25,671.5,242959
2023-08-11,679.0,679.5,635.5,639.9000244140625,669259
2023-08-14,639.9500122070312,646.7999877929688,628.5,642.5999755859375,177462
2023-08-16,636.8499755859375,641.0999755859375,631.0999755859375,632.7999877929688,117139
2023-08-17,633.9000244140625,637.4500122070312,625.0499877929688,628.7000122070312,285207
2023-08-18,628.6500244140625,633.9500122070312,621.5,629.9500122070312,322216
2023-08-21,632.0,641.75,628.0,636.0,404038
2023-08-22,636.4500122070312,672.4500122070312,636.4500122070312,661.9500122070312,1352394
2023-08-23,665.1500244140625,665.7999877929688,654.0,659.75,203801
2023-08-24,661.5499877929688,674.9000244140625,660.25,664.2000122070312,535557
2023-08-25,662.0,670.0,653.2000122070312,666.3499755859375,182047
2023-08-28,670.0,675.0,664.0499877929688,666.7000122070312,109403
2023-08-29,675.0,675.0,655.0,665.75,167642
2023-08-30,665.75,665.9500122070312,656.0,660.6500244140625,259855
2023-08-31,662.0,664.9000244140625,652.7999877929688,656.9000244140625,115497
2023-09-01,659.0,673.0,656.75,665.2000122070312,411163
2023-09-04,668.7000122070312,713.5499877929688,662.5,705.5,1887518
2023-09-05,715.1500244140625,715.4500122070312,695.0,701.5999755859375,558047
2023-09-06,700.0,709.1500244140625,685.0,700.1500244140625,309069
2023-09-07,703.7999877929688,724.5,697.3499755859375,719.9500122070312,772434
2023-09-08,726.0,732.4000244140625,719.25,725.4500122070312,697714
2023-09-11,722.9500122070312,735.5499877929688,697.0,717.5,887536
2023-09-12,729.0,736.5,712.0499877929688,720.1500244140625,867240
2023-09-13,720.1500244140625,734.1500244140625,711.75,725.75,438896
2023-09-14,729.9000244140625,740.0,722.6500244140625,726.4000244140625,349181
2023-09-15,729.75,745.5,719.0,724.1500244140625,513668
2023-09-18,720.0499877929688,732.4500122070312,717.5,722.8499755859375,233574
2023-09-20,723.8499755859375,729.9500122070312,714.9000244140625,719.7000122070312,244979
2023-09-21,718.7999877929688,721.9500122070312,711.5999755859375,718.0,126316
2023-09-22,717.9500122070312,720.2999877929688,706.0499877929688,711.0499877929688,159996
2023-09-25,711.0,726.5,710.2000122070312,718.0499877929688,379048
2023-09-26,718.0499877929688,732.3499755859375,718.0,722.2999877929688,557907
2023-09-27,722.7999877929688,738.6500244140625,720.75,735.0,578304
2023-09-28,736.9500122070312,747.75,729.0999755859375,734.7999877929688,239837
2023-09-29,736.5,742.2999877929688,731.9500122070312,738.5,130774
2023-10-03,738.0499877929688,760.9000244140625,733.9500122070312,747.9000244140625,331825
2023-10-04,747.9000244140625,749.0,729.75,732.8499755859375,131948
2023-10-05,733.5,740.2000122070312,730.0,732.6500244140625,78751
2023-10-06,733.0,736.5,725.0499877929688,730.0499877929688,97952
2023-10-09,716.0,725.0,708.3499755859375,723.5999755859375,359663
2023-10-10,724.0,731.2000122070312,722.1500244140625,725.1500244140625,320685
2023-10-11,729.0,760.7999877929688,728.0,748.2000122070312,449315
2023-10-12,752.0,754.5,738.0999755859375,741.0,119811
2023-10-13,739.7000122070312,740.4500122070312,727.0499877929688,729.9500122070312,409942
2023-10-16,728.0499877929688,740.0,728.0499877929688,734.4000244140625,312995
2023-10-17,734.9500122070312,743.2000122070312,730.0499877929688,734.25,529992
2023-10-18,738.0,742.4000244140625,725.2000122070312,730.2999877929688,579564
2023-10-19,730.0,731.9500122070312,711.9000244140625,726.2000122070312,138192
2023-10-20,725.0,740.0999755859375,720.3499755859375,735.4000244140625,118716
2023-10-23,735.4000244140625,740.4500122070312,710.0499877929688,722.9000244140625,177541
2023-10-25,716.2999877929688,725.0,699.0,706.6500244140625,154306
2023-10-26,706.0,729.9000244140625,691.9500122070312,724.7000122070312,343497
2023-10-27,733.9500122070312,737.0,715.75,719.9500122070312,936763
2023-10-30,719.9500122070312,737.0,714.7999877929688,722.7999877929688,181946
2023-10-31,724.9500122070312,733.5,718.0,726.9000244140625,921823
2023-11-01,726.9000244140625,730.0,715.3499755859375,718.8499755859375,171225
2023-11-02,723.75,735.0,720.3499755859375,729.4000244140625,157346
2023-11-03,732.0,768.9000244140625,732.0,745.5,716268
2023-11-06,749.9000244140625,759.4500122070312,745.0,748.6500244140625,118080
2023-11-07,746.0,767.0,738.3499755859375,753.6500244140625,243292
2023-11-08,754.3499755859375,765.75,748.6500244140625,752.6500244140625,239390
2023-11-09,753.7999877929688,800.0,737.75,760.0999755859375,673118
2023-11-10,760.0999755859375,788.2999877929688,760.0999755859375,777.6500244140625,766244
2023-11-13,779.0499877929688,837.4500122070312,778.4000244140625,820.4000244140625,1434916
2023-11-15,835.0,854.5,812.0999755859375,826.3499755859375,927000
2023-11-16,826.3499755859375,832.9000244140625,806.0,827.9500122070312,628621
2023-11-17,825.0499877929688,848.25,820.0,834.0,431348
2023-11-20,833.0499877929688,841.0,820.0,825.7000122070312,120836
2023-11-21,826.1500244140625,839.4500122070312,812.0499877929688,821.0499877929688,95980
2023-11-22,818.0,823.7000122070312,793.0,796.75,264443
2023-11-23,797.0499877929688,805.9000244140625,784.2000122070312,787.1500244140625,218305
2023-11-24,787.1500244140625,827.5,785.1500244140625,816.0,870841
2023-11-28,817.9500122070312,865.0,817.9500122070312,844.0499877929688,962879
2023-11-29,860.0,1004.0,854.1500244140625,941.4000244140624,6224415
2023-11-30,931.0,972.0999755859376,920.0499877929688,964.0,1442015
2023-12-01,965.0,979.4500122070312,945.0,952.4500122070312,635463
2023-12-04,980.0,985.0,944.0499877929688,967.2999877929688,763217
2023-12-05,967.2999877929688,976.6500244140624,958.0499877929688,966.2000122070312,353161
2023-12-06,950.0,959.3499755859376,930.0499877929688,942.3499755859376,1049903
2023-12-07,941.2000122070312,1047.0,936.5999755859376,1003.8499755859376,2765383
2023-12-08,1008.0999755859376,1013.0,955.0,966.6500244140624,847021
2023-12-11,973.0,973.3499755859376,940.25,945.6500244140624,558601
2023-12-12,950.0,955.0,920.0,926.25,441862
2023-12-13,926.2999877929688,944.0,903.0999755859376,912.0499877929688,550782
2023-12-14,918.5,925.7000122070312,904.4000244140624,912.7000122070312,522897
2023-12-15,915.0,933.9000244140624,888.0,897.5,710740
2023-12-18,900.6500244140625,939.0,894.0499877929688,930.8499755859376,651854
2023-12-19,936.0,951.0,920.2999877929688,923.5,274129
2023-12-20,926.0,929.1500244140624,882.0,885.7000122070312,311758
2023-12-21,880.0,912.0,869.0,908.2999877929688,303393
2023-12-22,912.0,920.9000244140624,897.0,913.5,203752
2023-12-26,915.0,925.0,905.1500244140624,912.5499877929688,346052
2023-12-27,914.0,923.9500122070312,894.0,898.7000122070312,310145
2023-12-28,902.9500122070312,927.5499877929688,899.0999755859375,919.2000122070312,444611
2023-12-29,921.0,939.9500122070312,900.0999755859375,933.8499755859376,859362
2024-01-01,944.7999877929688,949.7000122070312,936.0,942.4500122070312,329025
2024-01-02,944.4500122070312,955.0,930.0999755859376,937.7000122070312,362520
2024-01-03,939.6500244140624,952.9000244140624,939.6500244140624,944.2999877929688,250137
2024-01-04,1005.0,1071.949951171875,983.0,1014.5999755859376,7975873
2024-01-05,1030.0,1045.0,1015.0,1038.199951171875,1137345
2024-01-08,1038.1500244140625,1040.0,1012.0,1014.75,341438
2024-01-09,1018.5,1025.6500244140625,1011.2000122070312,1021.0499877929688,219963
2024-01-10,1021.0499877929688,1037.800048828125,1014.5,1021.8499755859376,374547
2024-01-11,1023.5,1029.0,1011.25,1020.2999877929688,159305
2024-01-12,1021.0,1023.2999877929688,1007.0,1013.5499877929688,117332
2024-01-15,1017.0,1022.0,987.2000122070312,1011.3499755859376,389747
2024-01-16,1013.9000244140624,1037.5,994.7000122070312,1008.7000122070312,335717
2024-01-17,1007.0,1034.949951171875,992.7000122070312,1001.9000244140624,312608
2024-01-18,1001.9500122070312,1011.75,975.25,997.0999755859376,175007
2024-01-19,1003.7999877929688,1010.9000244140624,977.5499877929688,988.9500122070312,274883
2024-01-23,986.5,1004.9500122070312,975.5499877929688,984.0999755859376,359714
2024-01-24,980.0,1010.9000244140624,971.0,1000.0499877929688,428519
2024-01-25,1000.0499877929688,1006.9500122070312,991.4000244140624,1000.7999877929688,194979
2024-01-29,1000.7999877929688,1033.699951171875,999.0,1003.8499755859376,530860
2024-01-30,1004.0,1033.800048828125,1000.0,1007.9500122070312,394555
2024-01-31,1017.6500244140624,1069.4000244140625,1011.4000244140624,1040.0,2126883
2024-02-01,1048.9000244140625,1085.0,1045.050048828125,1051.699951171875,993246
2024-02-02,1065.0,1098.25,1056.9000244140625,1064.300048828125,512473
2024-02-05,1070.550048828125,1129.3499755859375,1069.050048828125,1121.050048828125,914432
2024-02-06,1125.0,1170.0,1122.050048828125,1164.8499755859375,831483
2024-02-07,1175.0,1209.4000244140625,1116.5,1150.300048828125,894803
2024-02-08,1157.5,1214.5,1142.300048828125,1204.300048828125,469436
2024-02-09,1140.0,1191.699951171875,1115.25,1173.449951171875,1223641
2024-02-12,1172.699951171875,1194.6500244140625,1117.6500244140625,1130.5,364493
2024-02-13,1132.949951171875,1147.75,1108.949951171875,1119.3499755859375,454176
2024-02-14,1117.0,1162.949951171875,1056.949951171875,1130.800048828125,809686
2024-02-15,1134.0,1236.949951171875,1134.0,1208.449951171875,2399731
2024-02-16,1211.0,1219.0,1162.300048828125,1173.5,1637423
2024-02-19,1177.0999755859375,1201.25,1170.0999755859375,1180.449951171875,379899
2024-02-20,1204.050048828125,1234.0,1131.0,1150.4000244140625,1537362
2024-02-21,1156.199951171875,1160.0,1120.0,1124.699951171875,697562
2024-02-22,1127.449951171875,1146.300048828125,1111.199951171875,1119.25,519833
2024-02-23,1128.0,1153.0,1114.8499755859375,1125.9000244140625,1239321
2024-02-26,1129.300048828125,1151.0,1102.4000244140625,1116.0999755859375,920294
2024-02-27,1119.4000244140625,1167.0,1114.5,1151.1500244140625,1206377
2024-02-28,1158.8499755859375,1197.0,1085.0,1117.699951171875,1672445
2024-02-29,1124.5999755859375,1127.75,1064.5,1077.8499755859375,6486191
2024-03-01,1087.5999755859375,1139.0,1087.550048828125,1116.25,980882
2024-03-04,1160.5999755859375,1169.8499755859375,1138.0,1145.699951171875,1273651
2024-03-05,1145.699951171875,1161.550048828125,1129.25,1144.699951171875,930614
2024-03-06,1141.949951171875,1174.0,1139.5999755859375,1161.75,1017060
2024-03-07,1161.75,1173.4000244140625,1140.0,1144.5999755859375,523306
2024-03-11,1170.0,1287.5,1137.0999755859375,1159.1500244140625,9547108
2024-03-12,1162.0,1211.699951171875,1144.0,1198.699951171875,3778555
2024-03-13,1205.5,1205.8499755859375,1125.0,1135.949951171875,1519388
2024-03-14,1132.4000244140625,1151.75,1104.0999755859375,1143.949951171875,853841
2024-03-15,1127.25,1185.0,1115.449951171875,1155.949951171875,787157
2024-03-18,1189.949951171875,1249.5,1176.0,1190.3499755859375,5326912
2024-03-19,1192.199951171875,1281.1500244140625,1165.0,1264.0,3474052
2024-03-20,1248.0,1260.0,1187.949951171875,1220.0,2356398
2024-03-21,1235.0,1256.0,1217.050048828125,1244.449951171875,944303
2024-03-22,1244.449951171875,1296.699951171875,1226.0,1283.6500244140625,1177615
2024-03-26,1279.699951171875,1443.9000244140625,1274.699951171875,1405.0,4289126
2024-03-27,1391.949951171875,1514.699951171875,1365.050048828125,1420.050048828125,8682246
2024-03-28,1420.0,1449.0,1331.0999755859375,1357.949951171875,2886474
2024-04-01,1399.0,1463.0,1386.050048828125,1422.5,3177319
2024-04-02,1424.0,1485.0,1408.3499755859375,1465.449951171875,2261177
2024-04-03,1460.050048828125,1498.0,1450.0,1480.800048828125,1586556
2024-04-04,1485.0,1513.800048828125,1457.050048828125,1475.550048828125,1127131
2024-04-05,1481.5,1511.0,1467.5,1490.449951171875,1295625
2024-04-08,1504.9000244140625,1591.4000244140625,1490.0,1568.4000244140625,1647829
2024-04-09,1573.0,1633.0,1551.949951171875,1596.550048828125,2122571
2024-04-10,1599.5,1599.949951171875,1563.949951171875,1570.6500244140625,797678
2024-04-12,1570.75,1615.0,1559.8499755859375,1581.0,703440
2024-04-15,1332.3499755859375,1556.0,1332.3499755859375,1525.25,1124183
2024-04-16,1525.800048828125,1576.0999755859375,1497.699951171875,1507.0,766057
2024-04-18,1522.0999755859375,1591.5,1480.0,1511.3499755859375,1381297
2024-04-19,1512.0,1531.8499755859375,1477.0,1501.1500244140625,603619
2024-04-22,1519.0,1531.199951171875,1470.050048828125,1476.5999755859375,455740
2024-04-23,1491.0,1555.949951171875,1488.25,1504.550048828125,793375
2024-04-24,1516.5,1534.4000244140625,1496.0,1515.0999755859375,371208
2024-04-25,1522.4000244140625,1532.6500244140625,1501.0,1509.800048828125,306326
2024-04-26,1517.949951171875,1519.949951171875,1485.5,1489.800048828125,227797
2024-04-29,1504.699951171875,1557.0,1494.25,1534.9000244140625,694049
2024-04-30,1534.9000244140625,1575.0,1497.75,1501.0999755859375,1052082
2024-05-02,1507.5,1515.25,1479.5,1506.050048828125,424948
2024-05-03,1513.0999755859375,1523.0,1476.3499755859375,1484.25,462210
2024-05-06,1484.25,1496.3499755859375,1425.0,1440.5999755859375,654757
2024-05-07,1446.0,1447.5999755859375,1362.300048828125,1373.0,957140
2024-05-08,1370.0,1370.0,1325.050048828125,1330.9000244140625,814820
2024-05-09,1336.0,1378.300048828125,1303.300048828125,1321.25,819692
2024-05-10,1322.1500244140625,1346.449951171875,1299.300048828125,1326.949951171875,515224
2024-05-13,1329.5999755859375,1336.25,1296.0,1315.1500244140625,399623
2024-05-14,1316.0,1377.0,1316.0,1359.800048828125,629983
2024-05-15,1368.050048828125,1390.800048828125,1357.1500244140625,1365.800048828125,971912
2024-05-16,1379.0999755859375,1380.0,1331.3499755859375,1338.699951171875,574950
2024-05-17,1347.8499755859375,1397.0,1331.5,1378.6500244140625,950802
2024-05-21,1392.0,1437.9000244140625,1368.0,1417.0999755859375,946369
2024-05-22,1432.050048828125,1459.0,1370.199951171875,1381.800048828125,871185
2024-05-23,1360.0,1449.949951171875,1360.0,1426.449951171875,1656923
2024-05-24,1427.949951171875,1464.0,1380.75,1400.5999755859375,1172065
2024-05-27,1425.0,1460.1500244140625,1385.0,1398.25,1111590
2024-05-28,1401.800048828125,1458.0,1401.0,1434.199951171875,1290287
2024-05-29,1445.949951171875,1473.75,1424.0,1456.199951171875,1794041
2024-05-30,1448.8499755859375,1476.699951171875,1411.199951171875,1440.449951171875,1218851
2024-05-31,1468.0,1563.0,1454.0999755859375,1501.800048828125,23992516
2024-06-03,1520.0,1545.0,1499.300048828125,1515.25,785567
2024-06-04,1515.25,1530.0999755859375,1295.0999755859375,1398.8499755859375,889317
2024-06-05,1405.3499755859375,1515.0,1401.050048828125,1439.4000244140625,568094
2024-06-06,1453.800048828125,1478.1500244140625,1441.0999755859375,1461.949951171875,178746
2024-06-07,1465.0,1505.0,1451.25,1498.0,452171
2024-06-10,1513.0,1550.0,1505.0,1531.5,201588
2024-06-11,1575.0,1585.0,1547.300048828125,1581.0999755859375,900866
2024-06-12,1595.0,1614.0,1570.050048828125,1609.0,483154
2024-06-13,1612.0,1633.0999755859375,1575.0,1597.800048828125,402726
2024-06-14,1600.0,1604.8499755859375,1576.0,1599.0999755859375,410344
2024-06-18,1606.1500244140625,1609.0,1588.0,1604.449951171875,249173
2024-06-19,1605.0,1610.0,1555.0,1589.9000244140625,193683
2024-06-20,1592.0,1613.800048828125,1587.8499755859375,1596.0999755859375,154930
2024-06-21,1595.3499755859375,1610.0,1477.0,1503.449951171875,928189
2024-06-24,1503.9000244140625,1514.0,1473.449951171875,1491.0,410511
2024-06-25,1495.199951171875,1525.449951171875,1491.800048828125,1512.8499755859375,212220
2024-06-26,1512.8499755859375,1523.4000244140625,1487.199951171875,1511.199951171875,159463
2024-06-27,1516.449951171875,1526.449951171875,1492.800048828125,1519.199951171875,234960
2024-06-28,1520.0,1531.5,1490.0999755859375,1498.4000244140625,249494
2024-07-01,1490.0999755859375,1498.5,1450.0,1456.449951171875,312165
2024-07-02,1465.050048828125,1482.050048828125,1455.0,1473.949951171875,203868
2024-07-03,1476.3499755859375,1505.0,1476.3499755859375,1496.9000244140625,211602
2024-07-04,1505.0,1517.949951171875,1503.0,1513.9000244140625,162576
2024-07-05,1513.9000244140625,1522.0,1490.199951171875,1509.5,113593
2024-07-08,1518.0,1523.800048828125,1457.25,1473.300048828125,233580
2024-07-09,1544.5999755859375,1549.800048828125,1501.0999755859375,1518.6500244140625,355912
2024-07-10,1537.6500244140625,1549.949951171875,1500.0,1545.25,767922
2024-07-11,1545.25,1548.800048828125,1515.0999755859375,1530.0999755859375,146226
2024-07-12,1522.0999755859375,1535.0,1500.1500244140625,1510.050048828125,140951
2024-07-15,1510.050048828125,1525.0,1495.6500244140625,1519.449951171875,165401
2024-07-16,1518.0,1548.699951171875,1507.050048828125,1545.550048828125,374305
2024-07-18,1551.1500244140625,1687.0,1520.0,1542.699951171875,3254915
2024-07-19,1542.699951171875,1589.5,1507.75,1526.5,476631
2024-07-22,1520.199951171875,1548.050048828125,1503.0999755859375,1509.199951171875,231364
2024-07-23,1609.199951171875,1609.199951171875,1456.050048828125,1493.0,577864
2024-07-24,1504.949951171875,1549.949951171875,1492.050048828125,1519.449951171875,314215
2024-07-25,1507.800048828125,1543.550048828125,1502.1500244140625,1534.949951171875,159592
2024-07-26,1540.300048828125,1574.0,1536.949951171875,1556.8499755859375,270472
2024-07-29,1569.0,1607.699951171875,1550.050048828125,1592.199951171875,424061
2024-07-30,1612.0,1639.8499755859375,1585.949951171875,1601.300048828125,785634
2024-07-31,1700.0,1908.0,1669.0,1866.449951171875,15274443
2024-08-01,1865.0,1896.0,1800.0,1827.300048828125,3746881
2024-08-02,1819.550048828125,1875.9000244140625,1786.0,1851.3499755859373,1829423
2024-08-05,1810.0,1828.949951171875,1743.050048828125,1763.0,1097432
2024-08-06,1780.0,1823.949951171875,1750.050048828125,1768.050048828125,868056
2024-08-07,1805.0,1828.949951171875,1765.300048828125,1771.050048828125,734738
2024-08-08,1775.0,1823.550048828125,1732.0,1747.4000244140625,824083
2024-08-09,1779.0,1850.0,1755.050048828125,1791.5,1710447
2024-08-12,1780.0999755859375,1790.1500244140625,1744.3499755859375,1751.4000244140625,538222
2024-08-13,1760.3499755859375,1774.9000244140625,1703.1500244140625,1712.199951171875,407712
2024-08-14,1718.5999755859375,1722.699951171875,1674.0,1678.5999755859375,307264
2024-08-16,1694.0,1733.0,1675.0,1688.0999755859375,940549
2024-08-19,1695.050048828125,1729.699951171875,1657.0,1672.800048828125,483283
2024-08-20,1678.9000244140625,1813.300048828125,1671.25,1797.3499755859375,1930032
2024-08-21,1805.0,1818.699951171875,1719.0,1723.0999755859375,956087
2024-08-22,1731.1500244140625,1740.0,1688.699951171875,1698.550048828125,479020
2024-08-23,1704.8499755859375,1710.0,1665.9000244140625,1672.0,395370
2024-08-26,1677.0,1686.0,1620.050048828125,1627.6500244140625,675850
2024-08-27,1633.1500244140625,1705.9000244140625,1633.0,1688.8499755859375,831236
2024-08-28,1694.9000244140625,1700.0,1665.949951171875,1673.550048828125,380258
2024-08-29,1677.800048828125,1690.0,1651.0999755859375,1659.3499755859375,325729
2024-08-30,1664.9000244140625,1770.0,1658.050048828125,1743.5,1450689
2024-09-02,1743.5,1775.0,1709.0,1766.1500244140625,751347
2024-09-03,1766.1500244140625,1768.0,1706.5999755859375,1712.8499755859375,623308
2024-09-04,1709.0,1741.0,1680.0999755859375,1733.6500244140625,826409
2024-09-05,1740.3499755859375,1750.0,1662.300048828125,1673.4000244140625,525716
2024-09-06,1677.449951171875,1705.0,1663.0,1694.8499755859375,546682
2024-09-09,1688.050048828125,1711.949951171875,1659.800048828125,1670.449951171875,633571
2024-09-10,1675.949951171875,1714.0999755859375,1675.5999755859375,1688.3499755859375,600504
2024-09-11,1690.0,1714.0,1685.25,1700.300048828125,427830
2024-09-12,1709.0,1742.0,1707.1500244140625,1725.8499755859375,457946
2024-09-13,1725.0,1776.0,1718.1500244140625,1763.0,663591
2024-09-16,1769.9000244140625,1797.0,1745.050048828125,1780.800048828125,621144
2024-09-17,1808.0,1900.0,1760.0,1780.050048828125,3895585
2024-09-18,1840.0,1969.9000244140625,1803.25,1932.9000244140625,6172266
2024-09-19,1932.0,1932.0,1820.0,1842.3499755859373,1228563
2024-09-20,1856.3499755859373,1920.0,1840.0999755859373,1902.050048828125,1489978
2024-09-23,1909.25,1921.0999755859373,1850.0,1862.0,550984
2024-09-24,1866.0,1930.0,1865.0,1915.300048828125,1057400
2024-09-25,1909.050048828125,1929.949951171875,1867.050048828125,1886.9000244140625,564052
2024-09-26,1890.0,1917.0,1852.6500244140625,1889.4000244140625,748505
2024-09-27,1934.949951171875,1957.300048828125,1895.050048828125,1907.800048828125,925681
2024-09-30,1900.0,1949.449951171875,1867.75,1878.0,750958
2024-10-01,1880.0,1887.9000244140625,1851.0999755859373,1861.699951171875,479862
2024-10-03,1842.5,1865.0,1830.0,1857.8499755859373,295260
2024-10-04,1857.9000244140625,1900.0,1791.0,1890.699951171875,545903
2024-10-07,1890.800048828125,1900.0,1773.0999755859375,1799.449951171875,499299
2024-10-08,1794.5999755859375,1821.949951171875,1753.699951171875,1816.6500244140625,508863
2024-10-09,1901.0,1984.699951171875,1886.050048828125,1935.1500244140625,4857383
2024-10-10,1945.0,1949.800048828125,1866.949951171875,1884.199951171875,569426
2024-10-11,1889.0,1900.800048828125,1847.1500244140625,1886.4000244140625,302649
2024-10-14,1890.0,1978.0,1890.0,1940.25,1521615
2024-10-15,1946.0,1961.449951171875,1928.0,1953.199951171875,393681
2024-10-16,1953.199951171875,1974.5999755859373,1936.050048828125,1948.3499755859373,433097
2024-10-17,1950.0,1954.199951171875,1922.0,1939.800048828125,1086885
2024-10-18,1932.0,1993.0,1905.050048828125,1973.6500244140625,739060
2024-10-21,1978.800048828125,1991.4000244140625,1950.0,1967.050048828125,424087
2024-10-22,1979.0,2037.0,1918.0,1952.550048828125,2101262
2024-10-23,1945.0,2023.199951171875,1907.0999755859373,1957.0,1287350
2024-10-24,1952.300048828125,2005.0,1945.0,1954.699951171875,1068959
2024-10-25,1954.699951171875,1997.949951171875,1907.449951171875,1923.800048828125,355939
2024-10-28,1928.949951171875,1938.3499755859373,1814.9000244140625,1829.050048828125,549193
2024-10-29,1837.199951171875,1864.1500244140625,1828.0,1842.800048828125,296729
2024-10-30,1847.0,1890.0,1817.699951171875,1828.1500244140625,352735
2024-10-31,1830.0,1844.0,1802.0,1821.75,259920
2024-11-01,1813.449951171875,1843.0,1813.0,1825.449951171875,53939
2024-11-04,1828.449951171875,1833.949951171875,1790.0,1797.699951171875,217523
2024-11-05,1795.0,1795.8499755859375,1685.0999755859375,1709.9000244140625,1112364
2024-11-06,1710.050048828125,1794.949951171875,1710.050048828125,1788.550048828125,773246
2024-11-07,1797.449951171875,1798.0,1750.0,1756.050048828125,222251
2024-11-08,1757.5,1762.0,1688.0,1694.0999755859375,439856
2024-11-11,1690.0,1720.300048828125,1676.050048828125,1680.25,327203
2024-11-12,1691.449951171875,1709.5,1640.0,1658.699951171875,262961
2024-11-13,1657.5,1692.0,1634.0,1645.0999755859375,289890
2024-11-14,1600.0,1638.300048828125,1545.699951171875,1559.0,989846
2024-11-18,1578.5,1597.0,1529.0,1583.0999755859375,622083
2024-11-19,1590.0,1615.4000244140625,1570.0,1582.4000244140625,451519
2024-11-21,1582.0,1592.0,1548.0,1582.3499755859375,457053
2024-11-22,1570.5,1575.4000244140625,1486.550048828125,1517.4000244140625,1109742
2024-11-25,1540.0,1674.0,1500.0,1614.4000244140625,2466643
2024-11-26,1612.0,1617.4000244140625,1545.0,1555.199951171875,543858
2024-11-27,1560.5,1566.8499755859375,1522.25,1532.75,475277
2024-11-28,1539.699951171875,1553.0,1502.75,1508.0999755859375,370066
2024-11-29,1510.0,1556.949951171875,1502.199951171875,1510.699951171875,748693
2024-12-02,1510.699951171875,1619.800048828125,1506.800048828125,1586.300048828125,3316136
2024-12-03,1604.4000244140625,1719.8499755859375,1599.050048828125,1689.0999755859375,2584341
2024-12-04,1715.0,1715.0,1652.25,1667.75,574426
2024-12-05,1675.300048828125,1696.300048828125,1655.25,1664.25,510452
2024-12-06,1673.5999755859375,1704.0,1635.300048828125,1648.6500244140625,1072709
2024-12-09,1655.0,1679.0,1628.8499755859375,1645.949951171875,836072
2024-12-10,1653.699951171875,1654.949951171875,1616.0,1624.5999755859375,1358165
2024-12-11,1624.25,1685.050048828125,1612.050048828125,1668.0999755859375,666243
2024-12-12,1664.3499755859375,1713.75,1625.5,1688.0999755859375,1028013
2024-12-13,1675.3499755859375,1689.0,1652.5999755859375,1669.199951171875,507777
2024-12-16,1665.0,1670.0,1637.0,1641.449951171875,435840
2024-12-17,1641.5,1648.699951171875,1610.800048828125,1624.1500244140625,409424
2024-12-18,1624.949951171875,1630.800048828125,1589.449951171875,1610.300048828125,328753
2024-12-19,1580.0,1636.199951171875,1572.550048828125,1632.0,642274
2024-12-20,1631.0999755859375,1639.050048828125,1444.449951171875,1479.199951171875,2952028
2024-12-23,1479.199951171875,1558.0,1478.9000244140625,1551.3499755859375,1534398
2024-12-24,1546.0,1550.0,1491.1500244140625,1502.0999755859375,460805
2024-12-26,1513.0,1518.449951171875,1459.050048828125,1468.25,321207
2024-12-27,1475.0999755859375,1484.699951171875,1440.300048828125,1451.449951171875,530465
2024-12-30,1451.449951171875,1458.949951171875,1400.0,1409.300048828125,1033835
2024-12-31,1410.0,1498.0,1410.0,1485.949951171875,2012848
2025-01-01,1484.0,1521.6500244140625,1472.6500244140625,1494.25,535228
2025-01-02,1500.0,1545.300048828125,1482.949951171875,1538.5,482031
2025-01-03,1521.5,1540.25,1508.0,1513.449951171875,300817
2025-01-06,1515.050048828125,1516.75,1459.800048828125,1471.3499755859375,348138
2025-01-07,1486.0,1494.5999755859375,1447.300048828125,1453.5,316996
2025-01-08,1466.550048828125,1474.0999755859375,1429.949951171875,1434.449951171875,587136
2025-01-09,1437.9000244140625,1458.0,1411.0,1414.800048828125,730612
2025-01-10,1417.449951171875,1424.0,1350.0999755859375,1358.25,521333
2025-01-13,1340.0,1366.0,1301.0,1309.75,449041
2025-01-14,1311.0,1387.449951171875,1311.0,1378.0999755859375,561822
2025-01-15,1384.4000244140625,1441.699951171875,1360.4000244140625,1421.0999755859375,688751
2025-01-16,1430.199951171875,1504.0999755859375,1430.0999755859375,1492.75,737681
2025-01-17,1490.0,1518.0,1472.300048828125,1477.0,333687
2025-01-20,1481.199951171875,1522.9000244140625,1473.300048828125,1482.949951171875,276280
2025-01-21,1483.0,1485.0,1431.050048828125,1437.949951171875,292099
2025-01-22,1445.0,1449.8499755859375,1374.199951171875,1390.0,354441
2025-01-23,1391.0,1458.699951171875,1383.550048828125,1424.25,618512
2025-01-24,1425.800048828125,1488.699951171875,1382.0999755859375,1469.699951171875,1031287
2025-01-27,1450.0,1462.300048828125,1411.1500244140625,1455.5,473572
2025-01-28,1447.449951171875,1491.949951171875,1429.1500244140625,1466.1500244140625,372243
2025-01-29,1461.0,1493.800048828125,1460.0,1475.050048828125,375289
2025-01-30,1465.0,1485.0,1441.5,1453.3499755859375,168208
2025-01-31,1470.0,1488.550048828125,1442.449951171875,1463.449951171875,432765
2025-02-01,1466.949951171875,1484.550048828125,1388.9000244140625,1397.4000244140625,305488
2025-02-03,1380.0,1401.0,1303.8499755859375,1344.300048828125,1066990
2025-02-04,1366.0,1375.5999755859375,1313.0999755859375,1352.800048828125,480098
2025-02-05,1399.0,1450.0,1326.300048828125,1333.6500244140625,2640132
2025-02-06,1342.199951171875,1382.0,1335.0,1374.75,1165548
2025-02-07,1380.0,1409.800048828125,1364.0999755859375,1407.300048828125,721914
2025-02-10,1409.0,1420.0,1347.0999755859375,1350.1500244140625,417977
2025-02-11,1353.5,1358.1500244140625,1274.4000244140625,1282.3499755859375,534202
2025-02-12,1278.0,1282.3499755859375,1241.550048828125,1268.800048828125,538656
2025-02-13,1270.8499755859375,1279.0,1250.5999755859375,1255.699951171875,361459
2025-02-14,1270.3499755859375,1282.5,1216.75,1237.699951171875,420303
2025-02-17,1237.6500244140625,1244.0999755859375,1207.25,1239.3499755859375,374969
2025-02-18,1239.4000244140625,1240.0,1208.0,1235.1500244140625,1412340
2025-02-19,1236.25,1263.4000244140625,1215.0,1258.699951171875,552892
2025-02-20,1257.949951171875,1273.949951171875,1235.0999755859375,1259.949951171875,749886
2025-02-21,1259.0,1294.0,1252.0999755859375,1289.300048828125,479150
2025-02-24,1265.0,1309.0,1254.5,1303.300048828125,451488
2025-02-25,1300.0999755859375,1343.550048828125,1286.1500244140625,1322.5,952901
2025-02-27,1322.5,1335.5999755859375,1295.550048828125,1312.699951171875,377025
2025-02-28,1301.050048828125,1301.050048828125,1238.0,1262.949951171875,2361453
2025-03-03,1270.300048828125,1289.9000244140625,1232.050048828125,1267.25,444579
2025-03-04,1248.5,1283.199951171875,1225.0,1276.699951171875,395698
2025-03-05,1268.0,1314.199951171875,1268.0,1311.25,385085
2025-03-06,1311.0,1330.800048828125,1301.3499755859375,1326.8499755859375,349457
2025-03-07,1326.0,1363.449951171875,1320.1500244140625,1332.0,620985
2025-03-10,1332.0,1391.949951171875,1332.0,1349.8499755859375,833274
2025-03-11,1322.25,1353.949951171875,1303.8499755859375,1334.3499755859375,439957
2025-03-12,1341.0,1353.550048828125,1302.0,1315.9000244140625,239088
2025-03-13,1319.8499755859375,1329.4000244140625,1282.449951171875,1291.199951171875,228014
2025-03-17,1292.550048828125,1337.949951171875,1282.5,1310.800048828125,487213
2025-03-18,1310.800048828125,1310.800048828125,1310.800048828125,1310.800048828125,0
2025-03-19,1391.0,1449.9000244140625,1381.949951171875,1440.5,714540
2025-03-20,1440.5,1473.199951171875,1428.050048828125,1468.5999755859375,685073
2025-03-21,1464.0,1504.300048828125,1455.050048828125,1498.550048828125,1024148
2025-03-24,1509.0,1547.0,1509.0,1530.0999755859375,644359
2025-03-25,1539.0,1542.9000244140625,1478.4000244140625,1492.0999755859375,696251
2025-03-26,1493.949951171875,1518.9000244140625,1489.050048828125,1499.9000244140625,472531
2025-03-27,1495.4000244140625,1508.1500244140625,1471.449951171875,1501.949951171875,511336
2025-03-28,1501.949951171875,1534.5,1483.050048828125,1486.8499755859375,461042
2025-04-01,1482.449951171875,1508.0,1473.0,1500.300048828125,252185
2025-04-02,1516.0,1519.9000244140625,1492.0,1509.699951171875,403452
2025-04-03,1499.5999755859375,1561.300048828125,1499.3499755859375,1552.0,571040
2025-04-04,1552.0,1567.75,1504.75,1537.050048828125,555099
2025-04-07,1383.3499755859375,1511.699951171875,1383.3499755859375,1496.699951171875,294552
2025-04-08,1534.5999755859375,1535.0,1482.0,1509.75,255617
2025-04-09,1504.550048828125,1535.3499755859375,1484.449951171875,1530.9000244140625,383342
2025-04-11,1551.5999755859375,1568.550048828125,1530.5,1562.1500244140625,708281
2025-04-15,1599.9000244140625,1628.0,1570.800048828125,1623.5999755859375,487077
2025-04-16,1625.0,1640.0,1587.0,1605.199951171875,351590
2025-04-17,1591.5,1609.9000244140625,1580.199951171875,1591.0,243465
2025-04-21,1600.0,1622.199951171875,1588.0,1592.5,328035
2025-04-22,1599.5999755859375,1622.0,1586.0999755859375,1589.5,334510
2025-04-23,1594.800048828125,1614.800048828125,1571.9000244140625,1609.5999755859375,278065
2025-04-24,1609.9000244140625,1616.699951171875,1596.0,1600.699951171875,273185
2025-04-25,1600.5999755859375,1609.0,1521.9000244140625,1538.5999755859375,294520
2025-04-28,1538.5,1586.199951171875,1538.4000244140625,1557.0,231208
2025-04-29,1567.0,1586.0,1546.0999755859375,1554.5999755859375,301597
2025-04-30,1546.199951171875,1578.699951171875,1525.0,1539.0999755859375,575987
2025-05-02,1540.0,1555.0,1486.800048828125,1489.9000244140625,258239
2025-05-05,1490.4000244140625,1492.5999755859375,1455.4000244140625,1477.9000244140625,682821
2025-05-06,1485.199951171875,1509.9000244140625,1451.0,1462.300048828125,285336
2025-05-07,1409.300048828125,1504.800048828125,1409.300048828125,1501.9000244140625,511125
2025-05-08,1493.5999755859375,1510.199951171875,1411.0999755859375,1420.0,528111
2025-05-09,1390.0,1412.300048828125,1367.4000244140625,1371.699951171875,711136
2025-05-12,1430.0,1472.0,1413.0999755859375,1465.199951171875,678744
2025-05-13,1465.0,1468.9000244140625,1423.0,1426.800048828125,699179
2025-05-14,1430.0,1469.0,1420.199951171875,1449.9000244140625,706479
2025-05-15,1469.9000244140625,1472.5,1405.5,1432.699951171875,1234033
2025-05-16,1443.0,1460.0,1432.5,1442.800048828125,513476
2025-05-19,1449.9000244140625,1469.800048828125,1421.300048828125,1424.300048828125,568203
2025-05-20,1440.0,1471.699951171875,1382.0999755859375,1390.4000244140625,1043014
2025-05-21,1395.0,1418.199951171875,1389.0999755859375,1398.699951171875,960328
2025-05-22,1398.800048828125,1405.9000244140625,1380.0,1394.5999755859375,496523
2025-05-23,1402.0,1415.5,1387.300048828125,1401.9000244140625,834234
2025-05-26,1418.0,1439.0,1408.0999755859375,1426.0999755859375,520002
2025-05-27,1426.0,1429.9000244140625,1414.0,1425.4000244140625,293467
2025-05-28,1425.4000244140625,1425.9000244140625,1393.0999755859375,1396.199951171875,324782
2025-05-29,1399.9000244140625,1409.800048828125,1380.0,1400.4000244140625,373352
2025-05-30,1407.0,1410.0,1361.0,1374.0,1370742
2025-06-02,1370.0999755859375,1399.699951171875,1365.300048828125,1396.5,392420
2025-06-03,1423.5,1423.5,1398.699951171875,1403.300048828125,723802
2025-06-04,1415.0,1453.800048828125,1405.0,1419.0999755859375,1148156
2025-06-05,1428.9000244140625,1434.4000244140625,1407.5,1410.5,285426
2025-06-06,1416.9000244140625,1424.5999755859375,1401.4000244140625,1408.0,257246
2025-06-09,1420.0,1423.0,1401.5,1407.199951171875,883603
2025-06-10,1415.0,1455.0,1410.4000244140625,1451.5999755859375,870071
2025-06-11,1466.0,1468.699951171875,1422.5,1432.4000244140625,1051804
2025-06-12,1432.4000244140625,1445.0,1393.300048828125,1398.9000244140625,427130
2025-06-13,1400.0,1419.699951171875,1389.9000244140625,1414.0,779438
2025-06-16,1420.0,1424.699951171875,1392.300048828125,1421.0,314047
2025-06-17,1419.0,1440.0,1402.800048828125,1406.800048828125,430219
2025-06-18,1409.9000244140625,1414.300048828125,1383.0999755859375,1387.4000244140625,283090
2025-06-19,1388.0,1395.5,1358.199951171875,1366.800048828125,215247
2025-06-20,1366.0,1394.0,1360.5999755859375,1390.0999755859375,576579
2025-06-23,1380.800048828125,1419.0,1377.699951171875,1416.699951171875,242297
2025-06-24,1426.0,1454.0,1419.4000244140625,1451.0999755859375,590558
2025-06-25,1455.0,1482.0,1449.5999755859375,1461.9000244140625,649892
2025-06-26,1464.4000244140625,1483.9000244140625,1456.800048828125,1460.699951171875,389029
2025-06-27,1468.0999755859375,1492.0,1459.0999755859375,1473.199951171875,1038044
2025-06-30,1473.199951171875,1480.5,1438.0,1467.5999755859375,769672
2025-07-01,1467.5999755859375,1478.0,1443.699951171875,1456.699951171875,396855
2025-07-02,1456.699951171875,1472.699951171875,1446.0,1469.4000244140625,189187
2025-07-03,1473.0,1478.9000244140625,1440.0,1442.4000244140625,220214
2025-07-04,1445.0,1453.5,1428.0999755859375,1439.800048828125,175116
2025-07-07,1436.0999755859375,1448.699951171875,1430.0,1440.800048828125,160058
2025-07-08,1436.0,1455.0,1420.0999755859375,1424.0999755859375,296906
2025-07-09,1430.0,1432.300048828125,1407.199951171875,1427.0,485973
2025-07-10,1427.0,1449.5999755859375,1420.0999755859375,1426.699951171875,322583
2025-07-11,1427.0,1438.5,1399.0,1408.0999755859375,290383
2025-07-14,1402.0999755859375,1421.0999755859375,1393.5,1403.5,317645
2025-07-15,1402.9000244140625,1411.0,1385.699951171875,1391.5999755859375,251325
2025-07-16,1395.0,1408.0,1386.199951171875,1394.0999755859375,292996
2025-07-17,1394.0999755859375,1404.9000244140625,1384.0,1385.800048828125,281247
2025-07-18,1386.9000244140625,1386.9000244140625,1361.5999755859375,1368.5999755859375,321547
2025-07-21,1367.0,1375.0,1357.4000244140625,1367.5999755859375,268362
2025-07-22,1368.0,1372.699951171875,1339.0999755859375,1342.800048828125,349201
2025-07-23,1343.5999755859375,1360.4000244140625,1340.5,1357.0,657001
2025-07-24,1360.699951171875,1369.300048828125,1345.0,1356.4000244140625,253564
2025-07-25,1354.800048828125,1354.800048828125,1321.199951171875,1325.5,200310
2025-07-28,1324.9000244140625,1344.300048828125,1316.0,1338.4000244140625,216922
2025-07-29,1328.0999755859375,1344.0,1318.5,1324.9000244140625,265829
2025-07-30,1326.0,1364.300048828125,1316.800048828125,1336.5,439272
2025-07-31,1320.0,1326.699951171875,1301.9000244140625,1310.0,356942
2025-08-01,1307.0,1314.699951171875,1285.0,1288.199951171875,228446
2025-08-04,1291.4000244140625,1316.5999755859375,1277.0,1312.0999755859375,244606
2025-08-05,1313.0,1325.300048828125,1280.0999755859375,1313.5999755859375,687764
2025-08-06,1290.0,1338.0,1272.0,1319.9000244140625,944308
2025-08-07,1309.9000244140625,1360.0,1309.0999755859375,1357.5,575035
2025-08-08,1357.5,1368.9000244140625,1330.0999755859375,1335.800048828125,428142
2025-08-11,1335.0,1354.0,1327.0999755859375,1345.0,304004
2025-08-12,1346.300048828125,1360.5999755859375,1345.199951171875,1358.0999755859375,207267
2025-08-13,1360.0,1376.0,1350.0,1362.0999755859375,211541
2025-08-14,1366.9000244140625,1366.9000244140625,1327.300048828125,1329.5999755859375,772075
2025-08-18,1340.199951171875,1344.0,1295.199951171875,1301.5999755859375,373981
2025-08-19,1302.0,1309.9000244140625,1288.5,1297.4000244140625,917897
2025-08-20,1298.0,1301.9000244140625,1282.699951171875,1285.300048828125,799579
2025-08-21,1290.199951171875,1311.800048828125,1287.0,1291.800048828125,1323556
2025-08-22,1291.800048828125,1294.5,1270.0,1282.0,327330
2025-08-25,1269.300048828125,1290.0,1264.800048828125,1282.5,362874
2025-08-26,1282.0,1284.9000244140625,1261.0999755859375,1270.199951171875,711255
2025-08-28,1270.199951171875,1271.800048828125,1240.0,1248.300048828125,590424
2025-08-29,1241.0,1251.4000244140625,1225.0,1227.300048828125,430488
2025-09-01,1304.9000244140625,1311.9000244140625,1237.0999755859375,1262.0,3371553
2025-09-02,1262.0,1306.9000244140625,1261.199951171875,1304.5999755859375,723218
2025-09-03,1305.0,1316.0,1294.9000244140625,1314.199951171875,350814
2025-09-04,1314.199951171875,1330.0999755859375,1291.0,1294.9000244140625,200798
2025-09-05,1296.699951171875,1298.9000244140625,1258.0,1262.9000244140625,309076
2025-09-08,1273.9000244140625,1276.699951171875,1257.0,1259.800048828125,177992
2025-09-09,1261.0,1266.0,1239.5999755859375,1243.9000244140625,558968
2025-09-10,1255.5999755859375,1276.300048828125,1246.199951171875,1262.9000244140625,417026
2025-09-11,1267.0,1278.9000244140625,1261.199951171875,1268.300048828125,387142
2025-09-12,1268.300048828125,1277.0999755859375,1262.199951171875,1267.800048828125,195591
2025-09-15,1268.0,1278.5,1262.0999755859375,1267.300048828125,285602
2025-09-16,1267.300048828125,1277.0,1259.199951171875,1261.9000244140625,374352
2025-09-17,1267.9000244140625,1269.5,1257.699951171875,1265.5999755859375,259253
2025-09-18,1269.0,1290.4000244140625,1258.4000244140625,1284.5,828094
2025-09-19,1285.0999755859375,1297.5999755859375,1261.800048828125,1264.5,868169
2025-09-22,1265.9000244140625,1289.5999755859375,1261.0,1268.5999755859375,383051
2025-09-23,1268.0,1289.300048828125,1265.4000244140625,1279.300048828125,503712
2025-09-24,1287.0999755859375,1289.5,1260.5999755859375,1264.300048828125,485234
2025-09-25,1264.0,1268.4000244140625,1242.800048828125,1254.5,363109
2025-09-26,1252.5999755859375,1255.9000244140625,1227.0999755859375,1233.300048828125,318155
2025-09-29,1235.0999755859375,1244.9000244140625,1220.0,1224.199951171875,380269
2025-09-30,1224.199951171875,1238.5,1215.0,1218.9000244140625,329216
2025-10-01,1220.0,1227.9000244140625,1208.800048828125,1216.0,342856
2025-10-03,1216.0,1227.0,1210.0999755859375,1221.0999755859375,492640
2025-10-06,1223.9000244140625,1226.4000244140625,1188.0,1200.0,2472821
2025-10-07,1202.0,1246.0999755859375,1200.0999755859375,1240.0,776298
2025-10-08,1249.0,1253.0,1221.0999755859375,1225.0,409718
2025-10-09,1225.0,1245.0,1222.0,1240.5,229835
2025-10-10,1240.5,1245.800048828125,1232.5,1239.300048828125,165273
2025-10-13,1236.0999755859375,1287.5,1225.0,1283.5999755859375,1094601
2025-10-14,1288.0,1299.0,1275.0,1294.800048828125,901908
2025-10-15,1299.0,1319.800048828125,1293.0,1309.699951171875,821282
2025-10-16,1309.5999755859375,1340.9000244140625,1295.4000244140625,1337.5999755859375,959107
2025-10-17,1335.5999755859375,1335.5999755859375,1303.5999755859375,1311.800048828125,314876
2025-10-20,1311.800048828125,1318.800048828125,1303.0,1304.199951171875,142498
2025-10-21,1310.0,1324.0,1305.0,1319.199951171875,90985
2025-10-23,1319.199951171875,1333.5,1306.0999755859375,1328.4000244140625,874732
2025-10-24,1323.0999755859375,1328.5999755859375,1305.0,1325.800048828125,363827
2025-10-27,1328.9000244140625,1334.5999755859375,1318.0,1321.699951171875,170609
2025-10-28,1315.0,1321.0999755859375,1264.0,1277.199951171875,966046
2025-10-29,1283.9000244140625,1319.0,1278.0,1313.5999755859375,452019
2025-10-30,1316.0,1322.5,1300.0,1316.0,172378
2025-10-31,1316.0,1323.0,1301.5,1316.5,269394
2025-11-03,1316.199951171875,1352.5,1309.0999755859375,1344.800048828125,848902
2025-11-04,1344.800048828125,1346.0,1301.300048828125,1304.300048828125,381617
2025-11-06,1302.0,1303.5999755859375,1260.0,1273.199951171875,675598
2025-11-07,1267.0,1288.4000244140625,1258.4000244140625,1281.199951171875,213066
2025-11-10,1282.0,1316.0,1274.0,1312.199951171875,540136
2025-11-11,1318.5,1345.0,1305.5,1336.800048828125,529496
2025-11-12,1347.199951171875,1351.5,1280.800048828125,1292.800048828125,2480358
2025-11-13,1299.0,1307.800048828125,1288.0999755859375,1293.5999755859375,468762
2025-11-14,1293.5999755859375,1310.0,1280.699951171875,1301.0,429192
2025-11-17,1319.0,1322.199951171875,1299.0,1310.0,410728
2025-11-18,1310.800048828125,1319.0,1304.800048828125,1313.0999755859375,288832
2025-11-19,1313.0999755859375,1317.699951171875,1296.0999755859375,1300.800048828125,238155
2025-11-20,1300.800048828125,1315.699951171875,1300.800048828125,1313.9000244140625,273000
2025-11-21,1313.0,1313.300048828125,1285.5999755859375,1291.4000244140625,314519
2025-11-24,1291.4000244140625,1307.0999755859375,1285.0,1302.300048828125,1062464
2025-11-25,1302.9000244140625,1305.0,1290.0,1293.0,225930
2025-11-26,1292.4000244140625,1318.800048828125,1290.0,1316.0999755859375,279558
2025-11-27,1320.0,1323.0,1310.0999755859375,1312.9000244140625,137206
2025-11-28,1307.0999755859375,1325.0,1302.0,1314.5,205067
2025-12-01,1315.800048828125,1317.699951171875,1301.0,1307.4000244140625,185774
2025-12-02,1299.0,1319.5,1296.4000244140625,1313.300048828125,227359
2025-12-03,1307.199951171875,1324.199951171875,1298.0,1302.199951171875,238839
2025-12-04,1302.0,1310.9000244140625,1285.199951171875,1299.699951171875,342447
2025-12-05,1291.0999755859375,1300.800048828125,1275.0999755859375,1289.9000244140625,517378
2025-12-08,1289.9000244140625,1299.4000244140625,1243.800048828125,1255.0999755859375,316747
2025-12-09,1250.0,1263.4000244140625,1231.699951171875,1259.0,249340
2025-12-10,1260.0,1269.9000244140625,1253.4000244140625,1267.0,132615
2025-12-11,1266.9000244140625,1296.5999755859375,1257.9000244140625,1282.699951171875,318739
2025-12-12,1284.0,1296.5,1280.5999755859375,1290.800048828125,143211
2025-12-15,1285.0,1294.4000244140625,1274.0999755859375,1292.699951171875,105189
2025-12-16,1290.0,1303.0,1273.300048828125,1281.199951171875,472969
2025-12-17,1275.0,1300.300048828125,1270.0,1274.5,392396
2025-12-18,1274.0,1275.5999755859375,1247.0,1252.699951171875,445141
2025-12-19,1254.800048828125,1282.0,1243.699951171875,1279.0999755859375,502531
2025-12-22,1280.5999755859375,1299.0,1275.5999755859375,1287.300048828125,289616
2025-12-23,1287.300048828125,1294.699951171875,1283.0,1288.699951171875,186801
2025-12-24,1288.699951171875,1294.0,1277.800048828125,1280.800048828125,131025
2025-12-26,1278.0999755859375,1308.0,1277.4000244140625,1299.199951171875,259777
2025-12-29,1306.0,1306.0,1276.0999755859375,1284.300048828125,291463
2025-12-30,1281.0,1284.0,1263.0999755859375,1266.5999755859375,164890
2025-12-31,1271.5,1312.0999755859375,1268.5,1306.699951171875,245781
2026-01-01,1301.5,1330.0,1297.9000244140625,1327.0,214183
2026-01-02,1324.0,1407.0,1324.0,1399.4000244140625,1781418
2026-01-05,1401.0,1410.0,1387.199951171875,1403.800048828125,479089
2026-01-06,1404.0,1411.4000244140625,1392.5,1409.0,268919
2026-01-07,1401.800048828125,1411.9000244140625,1381.0,1396.800048828125,203268
2026-01-08,1403.0,1408.699951171875,1351.0,1359.699951171875,774422
2026-01-09,1350.0,1367.199951171875,1318.5,1321.300048828125,331050
2026-01-12,1323.0,1354.800048828125,1304.5,1351.0999755859375,292407
2026-01-13,1352.0,1361.0,1333.4000244140625,1346.5,167219
2026-01-14,1325.0,1353.0,1325.0,1345.0999755859375,176445
2026-01-15,1345.0999755859375,1345.0999755859375,1345.0999755859375,1345.0999755859375,0
2026-01-16,1347.0,1376.5999755859375,1342.199951171875,1357.699951171875,330638
2026-01-19,1356.5999755859375,1368.199951171875,1331.800048828125,1337.4000244140625,342109
2026-01-20,1333.0,1351.300048828125,1313.5,1321.5,309412
2026-01-21,1319.0,1323.5999755859375,1295.0,1300.199951171875,342832
2026-01-22,1304.5,1326.4000244140625,1303.0999755859375,1321.4000244140625,158032
2026-01-23,1321.4000244140625,1322.0,1267.199951171875,1270.699951171875,165716
2026-01-27,1277.0,1319.800048828125,1270.699951171875,1309.699951171875,377884
2026-01-28,1318.0,1342.199951171875,1309.699951171875,1332.9000244140625,496367
2026-01-29,1334.800048828125,1378.9000244140625,1334.5,1371.199951171875,366305
2026-01-30,1371.300048828125,1390.0,1350.5,1387.5999755859375,559322
2026-02-02,1307.0,1337.800048828125,1297.199951171875,1329.5999755859375,385115
2026-02-03,1377.0,1378.4000244140625,1339.0,1370.300048828125,337681
2026-02-04,1370.300048828125,1411.0,1362.5999755859375,1407.5,705624
2026-02-05,1395.0,1427.4000244140625,1385.5,1417.5999755859375,673283
2026-02-06,1416.5999755859375,1437.5999755859375,1397.5,1429.0,519206
2026-02-09,1440.0,1445.0,1409.199951171875,1427.199951171875,1044253
2026-02-10,1445.0,1506.0,1425.9000244140625,1483.0,1320083
2026-02-11,1479.699951171875,1479.699951171875,1385.0999755859375,1428.5999755859375,3152601
2026-02-12,1428.5999755859375,1458.4000244140625,1411.5,1453.699951171875,809304
2026-02-13,1451.0,1468.300048828125,1428.0,1462.5999755859375,621000
2026-02-16,1445.0,1477.0,1439.800048828125,1471.4000244140625,471535
2026-02-17,1479.300048828125,1493.5,1462.699951171875,1486.4000244140625,550908
2026-02-18,1482.0999755859375,1535.0,1473.5999755859375,1527.9000244140625,1031052
2026-02-19,1521.0,1544.9000244140625,1485.9000244140625,1492.5999755859375,521702
2026-02-20,1492.5999755859375,1539.5,1482.0,1528.5999755859375,1254354
2026-02-23,1540.0,1552.800048828125,1525.0,1536.4000244140625,618797
2026-02-24,1535.4000244140625,1569.0,1525.199951171875,1541.800048828125,902713
2026-02-25,1546.9000244140625,1569.0999755859375,1542.199951171875,1565.699951171875,499561
2026-02-26,1564.0,1579.0,1547.5,1565.0999755859375,725480
2026-02-27,1566.0,1605.0,1561.0,1566.4000244140625,881717
2026-03-02,1491.0,1569.0999755859375,1491.0,1554.9000244140625,854154
2026-03-04,1521.0,1522.0999755859375,1466.199951171875,1475.9000244140625,1676050
2026-03-05,1479.9000244140625,1511.800048828125,1476.0,1503.9000244140625,486221
2026-03-06,1495.0,1505.9000244140625,1477.300048828125,1481.300048828125,275269
2026-03-09,1451.0,1454.199951171875,1333.199951171875,1428.9000244140625,566845
2026-03-10,1440.0,1464.199951171875,1440.0,1451.5,250242
2026-03-11,1451.5,1478.5999755859375,1434.0,1439.0,282136
2026-03-12,1435.0,1517.4000244140625,1432.699951171875,1506.0,916861
2026-03-13,1505.0,1523.5999755859375,1454.800048828125,1461.300048828125,357821
2026-03-16,1462.0,1477.0999755859375,1425.800048828125,1445.800048828125,499903
2026-03-17,1460.199951171875,1482.5,1433.0,1443.4000244140625,602552
2026-03-18,1430.0,1466.4000244140625,1430.0,1454.300048828125,312155
2026-03-19,1445.0,1463.0,1433.0999755859375,1446.9000244140625,411853
2026-03-20,1454.9000244140625,1497.0,1444.0999755859375,1450.699951171875,564876
2026-03-23,1438.5,1440.4000244140625,1357.699951171875,1362.800048828125,336557
2026-03-24,1380.300048828125,1415.0,1358.5999755859375,1366.300048828125,479377
2026-03-25,1371.0,1417.800048828125,1371.0,1391.9000244140625,378329
2026-03-27,1394.0,1394.0,1343.699951171875,1352.300048828125,1300657
2026-03-30,1352.300048828125,1352.300048828125,1300.0,1305.800048828125,885843
2026-04-01,1345.0,1357.0,1321.0,1337.0999755859375,874785
2026-04-02,1336.9000244140625,1338.5,1285.0,1332.199951171875,797163
2026-04-06,1332.9000244140625,1386.0,1332.300048828125,1379.0999755859375,546934
2026-04-07,1367.0,1403.300048828125,1362.300048828125,1399.5,258766
2026-04-08,1430.0,1475.0,1424.9000244140625,1448.4000244140625,375842
2026-04-09,1443.4000244140625,1459.5,1431.800048828125,1446.0,637993
2026-04-10,1465.0,1482.4000244140625,1450.0999755859375,1471.800048828125,315205
2026-04-13,1450.0,1496.300048828125,1432.300048828125,1473.5999755859375,700745
2026-04-15,1485.0,1512.0,1482.0,1506.699951171875,429654
2026-04-16,1511.800048828125,1533.5999755859375,1508.0,1521.5999755859375,413944
2026-04-17,1529.9000244140625,1570.5999755859375,1520.5999755859375,1565.0,961504
2026-04-20,1564.0,1637.5999755859375,1551.800048828125,1606.300048828125,1442253
2026-04-21,1600.0,1631.0,1593.4000244140625,1621.5,595204
2026-04-22,1621.0,1663.699951171875,1616.0,1657.4000244140625,840616
2026-04-23,1648.0999755859375,1741.0,1645.0999755859375,1737.0,1220697
2026-04-24,1737.0,1744.4000244140625,1675.0,1699.5,2640800
2026-04-27,1710.0,1824.0999755859373,1704.0999755859375,1772.5,1964732
2026-04-28,1774.0,1816.5999755859373,1740.300048828125,1754.9000244140625,988176
2026-04-29,1764.800048828125,1767.5999755859375,1697.0,1701.699951171875,549933
2026-04-30,1678.5,1769.9000244140625,1666.0999755859375,1736.0,779793
2026-05-01,1736.0,1736.0,1736.0,1736.0,0
2026-05-04,1748.300048828125,1780.0,1705.0999755859375,1724.0,404364
2026-05-05,1728.800048828125,1743.800048828125,1710.800048828125,1734.699951171875,338438
2026-05-06,1757.0,1757.0,1713.5,1734.0,529878
2026-05-07,1739.5999755859375,1761.9000244140625,1706.9000244140625,1712.5,272455
2026-05-08,1715.0999755859375,1734.9000244140625,1710.0,1724.4000244140625,210301
2026-05-11,1724.4000244140625,1725.9000244140625,1667.800048828125,1680.9000244140625,253701
2026-05-12,1670.0,1687.9000244140625,1585.5,1597.5999755859375,410568
2026-05-13,1538.199951171875,1561.5,1450.0,1457.0999755859375,1542289
2026-05-14,1464.199951171875,1484.0,1443.0,1457.699951171875,904080
2026-05-15,1466.300048828125,1477.800048828125,1442.9000244140625,1466.0,336572
2026-05-18,1454.0,1530.0,1434.0999755859375,1523.5,761491
2026-05-19,1533.5,1543.9000244140625,1475.0,1480.300048828125,623085
2026-05-20,1480.0,1519.9000244140625,1466.5,1512.5999755859375,218519
2026-05-21,1524.0,1528.0999755859375,1485.0999755859375,1491.4000244140625,191467
2026-05-22,1497.0,1503.0999755859375,1476.0999755859375,1498.5,203223
2026-05-25,1501.0,1509.0,1468.0,1474.5999755859375,598235
2026-05-26,1475.9000244140625,1489.0,1463.800048828125,1468.5,380704
2026-05-27,1474.5999755859375,1485.9000244140625,1438.0,1440.5,523751
2026-05-28,1440.5,1440.5,1440.5,1440.5,0
2026-05-29,1447.199951171875,1473.5999755859375,1407.0,1420.300048828125,1496208
2026-06-01,1425.699951171875,1441.0,1396.5,1412.199951171875,1008317
2026-06-02,1403.9000244140625,1431.699951171875,1395.199951171875,1423.9000244140625,389190
2026-06-03,1424.0,1452.699951171875,1416.0999755859375,1436.699951171875,394473
2026-06-04,1444.0,1466.5999755859375,1431.199951171875,1440.0,426148
2026-06-05,1455.0,1474.0,1447.199951171875,1460.0999755859375,233670
2026-06-08,1451.0,1470.0,1429.800048828125,1454.4000244140625,159963
2026-06-09,1455.5,1464.0,1423.199951171875,1427.800048828125,189796
2026-06-10,1434.5,1454.9000244140625,1391.0,1399.0999755859375,231415
2026-06-11,1404.800048828125,1409.0999755859375,1368.0,1376.300048828125,268267
2026-06-12,1391.5,1399.5999755859375,1371.5,1392.0,239721
2026-06-15,1406.4000244140625,1416.800048828125,1385.0,1389.699951171875,397197
2026-06-16,1391.5,1420.9000244140625,1385.0,1408.4000244140625,437976
2026-06-17,1414.0,1426.4000244140625,1395.199951171875,1407.300048828125,419914
2026-06-18,1414.0,1459.0,1409.0,1448.5999755859375,477084
2026-06-19,1455.0,1455.0,1419.300048828125,1438.4000244140625,389436
2026-06-22,1438.4000244140625,1478.800048828125,1435.0,1475.199951171875,286458
2026-06-23,1476.0,1490.0,1446.5999755859375,1454.800048828125,278237
2026-06-24,1450.0999755859375,1472.9000244140625,1420.0999755859375,1444.199951171875,276432
2026-06-25,1454.0,1465.699951171875,1405.0,1413.699951171875,274922
2026-06-26,1413.699951171875,1413.699951171875,1413.699951171875,1413.699951171875,0
2026-06-29,1420.0999755859375,1435.0,1393.300048828125,1418.0,349977
2026-06-30,1415.0999755859375,1430.0,1400.0,1414.9000244140625,403378
2026-07-01,1409.0,1430.5,1396.199951171875,1404.5,243713
2026-07-02,1409.800048828125,1416.5,1383.4000244140625,1394.300048828125,316300
2026-07-03,1402.0999755859375,1419.0,1355.0,1366.5,441175
2026-07-06,1371.800048828125,1385.0,1352.0999755859375,1357.300048828125,316138
2026-07-07,1357.300048828125,1407.9000244140625,1357.300048828125,1399.699951171875,623776
2026-07-08,1397.9000244140625,1410.4000244140625,1380.800048828125,1401.0,260710
2026-07-09,1401.0,1419.5,1400.0,1414.9000244140625,218756
2026-07-10,1422.0,1452.9000244140625,1413.0,1419.4000244140625,299247
2026-07-13,1414.800048828125,1453.5999755859375,1403.199951171875,1441.9000244140625,311359
2026-07-14,1450.0,1474.0,1435.0,1465.300048828125,384797
2026-07-15,1456.0,1467.5,1431.0,1441.0999755859375,198999
2026-07-16,1451.4000244140625,1451.4000244140625,1408.0,1420.699951171875,98371
2026-07-17,1430.0,1430.0,1381.5,1390.5,703210
2026-07-20,1391.5,1447.0,1391.5,1433.300048828125,552651
2026-07-21,1433.300048828125,1442.5999755859375,1426.4000244140625,1435.9000244140625,293628
2026-07-22,1444.5,1448.0,1421.199951171875,1433.0999755859375,303353
2026-07-23,1433.0,1438.4000244140625,1421.0,1430.0,317778
2026-07-24,1418.0999755859375,1442.300048828125,1410.5,1434.0999755859375,509230
2026-07-27,1434.300048828125,1446.5,1427.800048828125,1440.0,342490
2026-07-28,1441.0,1446.5,1429.0999755859375,1431.800048828125,291670
2026-07-29,1438.0,1440.0,1428.0,1431.0999755859375,118024
2026-07-30,1430.0,1430.0,1413.199951171875,1423.5,496219
2026-07-31,1431.0,1437.0,1397.0999755859375,1413.300048828125,394456
2026-08-03,1422.0,1423.800048828125,1387.199951171875,1391.699951171875,337462
2026-08-04,1390.0,1390.0,1338.300048828125,1341.0,668171
2026-08-05,1346.699951171875,1355.199951171875,1315.0,1323.5,278738
2026-08-06,1326.0,1345.5,1318.800048828125,1325.199951171875,404065
2026-08-07,1325.199951171875,1355.4000244140625,1321.0,1350.800048828125,379616
2026-08-10,1360.0,1373.0,1336.9000244140625,1342.9000244140625,233487
2026-08-11,1349.0,1349.0,1323.5,1330.4000244140625,195941
2026-08-12,1335.0,1338.9000244140625,1311.4000244140625,1319.0,168475
2026-08-13,1320.0,1335.9000244140625,1312.5,1318.0,140432
2026-08-14,1317.9000244140625,1330.4000244140625,1307.0,1309.0999755859375,111913
2026-08-17,1309.0999755859375,1324.5,1297.199951171875,1312.800048828125,150508
2026-08-18,1313.0,1319.0,1259.0,1264.0999755859375,356402
2026-08-19,1272.5999755859375,1274.0,1240.9000244140625,1243.699951171875,375458
2026-08-20,1255.0,1255.0,1238.9000244140625,1248.699951171875,231776
2026-08-21,1256.4000244140625,1256.4000244140625,1241.0,1247.699951171875,168844
2026-08-24,1252.0,1257.9000244140625,1233.0,1246.300048828125,442091
2026-08-25,1242.0,1249.300048828125,1234.0,1243.9000244140625,261114
2026-08-26,1256.0,1273.9000244140625,1247.199951171875,1258.4000244140625,163396
2026-08-27,1262.5,1262.9000244140625,1227.0,1230.0999755859375,282272
2026-08-28,1237.4000244140625,1237.4000244140625,1212.5999755859375,1217.699951171875,213261
2026-08-31,1218.0,1226.0999755859375,1208.0,1215.0999755859375,486515
2026-09-01,1215.0999755859375,1223.0,1199.0,1219.300048828125,223287
2026-09-02,1219.300048828125,1267.699951171875,1217.199951171875,1248.9000244140625,1313132
2026-09-03,1283.5,1327.4000244140625,1279.199951171875,1289.300048828125,2762103
2026-09-04,1289.9000244140625,1308.0,1260.199951171875,1299.0999755859375,398524
2026-09-08,1275.0,1283.9000244140625,1257.5999755859375,1270.199951171875,254564
